LSOA code (2021),LSOA name (2021),Local Authority District code (2024),Local Authority District name (2024),Index of Multiple Deprivation (IMD) Score,Index of Multiple Deprivation (IMD) Rank (where 1 is most deprived),Index of Multiple Deprivation (IMD) Decile (where 1 is most deprived 10% of LSOAs),Income Score (rate),Income Rank (where 1 is most deprived),Income Decile (where 1 is most deprived 10% of LSOAs),Employment Score (rate),Employment Rank (where 1 is most deprived),Employment Decile (where 1 is most deprived 10% of LSOAs),"Education, Skills and Training Score","Education, Skills and Training Rank (where 1 is most deprived)","Education, Skills and Training Decile (where 1 is most deprived 10% of LSOAs)",Health Deprivation and Disability Score,Health Deprivation and Disability Rank (where 1 is most deprived),Health Deprivation and Disability Decile (where 1 is most deprived 10% of LSOAs),Crime Score,Crime Rank (where 1 is most deprived),Crime Decile (where 1 is most deprived 10% of LSOAs),Barriers to Housing and Services Score,Barriers to Housing and Services Rank (where 1 is most deprived),Barriers to Housing and Services Decile (where 1 is most deprived 10% of LSOAs),Living Environment Score,Living Environment Rank (where 1 is most deprived),Living Environment Decile (where 1 is most deprived 10% of LSOAs),Income Deprivation Affecting Children Index (IDACI) Score (rate),Income Deprivation Affecting Children Index (IDACI) Rank (where 1 is most deprived),Income Deprivation Affecting Children Index (IDACI) Decile (where 1 is most deprived 10% of LSOAs),Income Deprivation Affecting Older People (IDAOPI) Score (rate),Income Deprivation Affecting Older People (IDAOPI) Rank (where 1 is most deprived),Income Deprivation Affecting Older People (IDAOPI) Decile (where 1 is most deprived 10% of LSOAs),Children and Young People Sub-domain Score,Children and Young People Sub-domain Rank (where 1 is most deprived),Children and Young People Sub-domain Decile (where 1 is most deprived 10% of LSO,Adult Skills Sub-domain Score,Adult Skills Sub-domain Rank (where 1 is most deprived),Adult Skills Sub-domain Decile (where 1 is most deprived 10% of LSOAs),Geographical Barriers Sub-domain Score,Geographical Barriers Sub-domain Rank (where 1 is most deprived),Geographical Barriers Sub-domain Decile (where 1 is most deprived 10% of LSOAs),Wider Barriers Sub-domain Score,Wider Barriers Sub-domain Rank (where 1 is most deprived),Wider Barriers Sub-domain Decile (where 1 is most deprived 10% of LSOAs),Indoors Sub-domain Score,Indoors Sub-domain Rank (where 1 is most deprived),Indoors Sub-domain Decile (where 1 is most deprived 10% of LSOAs),Outdoors Sub-domain Score,Outdoors Sub-domain Rank (where 1 is most deprived),Outdoors Sub-domain Decile (where 1 is most deprived 10% of LSOAs),Total population: mid 2022,Dependent Children aged 0-15: mid 2022,Older population aged 60 and over: mid 2022,Working age population 18-66 (for use with Employment Deprivation Domain): mid 2022
E01029870,Babergh 010A,E07000200,Babergh,18.08,16296,5,0.199,15716,5,0.102,18248,6,28.442,9641,3,-0.089,17722,6,-0.514,24128,8,33.183,4725,2,8.17,25801,8,0.316,15929,5,0.161,15888,5,0.884,5520,2,0.229,16099,5,62.104,2897,1,-0.71,19116,6,-0.477,25835,8,-0.176,18912,6,1167,212,278,754
E01029871,Babergh 011A,E07000200,Babergh,12.04,22553,7,0.104,25487,8,0.078,23507,7,8.71,24026,8,-0.853,28076,9,-1.471,32625,10,32.95,4859,2,33.5,7586,3,0.15,26799,8,0.102,21752,7,-0.209,19587,6,0.154,26936,8,69.983,1745,1,-3.538,30033,9,0.723,4875,2,-0.237,20056,6,1447,200,631,767
E01029872,Babergh 010B,E07000200,Babergh,8.404,26963,8,0.077,29065,9,0.068,26099,8,7.692,25154,8,-0.952,29051,9,-1.517,32778,10,34.892,3934,2,7.524,26515,8,0.133,28046,9,0.05,30064,9,-0.665,26102,8,0.187,22130,7,68.005,2021,1,-1.432,22412,7,-0.544,27134,9,-0.159,18549,6,1522,228,571,861
E01029873,Babergh 011B,E07000200,Babergh,19.33,15252,5,0.144,20770,7,0.102,18310,6,20.56,13972,5,-0.698,26341,8,-0.482,23655,8,40.915,1874,1,38.831,5349,2,0.291,17246,6,0.099,22048,7,0.566,8784,3,0.196,20770,7,73.39,1315,1,-0.592,18536,6,0.871,3327,1,-0.273,20689,7,2234,297,879,1267
E01029874,Babergh 011C,E07000200,Babergh,14.072,20323,7,0.095,26785,8,0.061,27937,9,12.945,19921,6,-1.012,29586,9,-1.163,30996,10,43.13,1358,1,36.133,6425,2,0.186,24088,8,0.062,27898,9,0.057,15610,5,0.18,23197,7,78.528,733,1,-1.564,22968,7,0.879,3254,1,-1.145,32259,10,1711,265,600,1045
E01029875,Babergh 009A,E07000200,Babergh,15.282,19008,6,0.121,23221,7,0.067,26229,8,11.364,21422,7,-1.38,31940,10,-0.465,23456,7,37.913,2794,1,45.162,3321,1,0.197,23242,7,0.079,25016,8,0.004,16379,5,0.165,25440,8,76.104,989,1,-3.452,29813,9,1.093,1691,1,-1.022,31432,10,2379,386,817,1374
E01029876,Babergh 001A,E07000200,Babergh,22.304,12930,4,0.171,18033,6,0.111,16775,5,21.581,13316,4,-0.934,28879,9,-0.718,26799,8,44.469,1093,1,47.93,2660,1,0.352,14147,5,0.084,24146,8,0.514,9411,3,0.217,17733,6,80.676,533,1,-1.964,24672,8,1.095,1682,1,-0.294,21111,7,2188,349,789,1251
E01029877,Babergh 005A,E07000200,Babergh,12.097,22495,7,0.064,30789,10,0.058,28707,9,3.687,29773,9,-0.545,24318,8,-0.503,23952,8,39.181,2358,1,35.404,6742,2,0.062,32446,10,0.084,24249,8,-1.098,30312,9,0.153,27155,9,77.591,835,1,-3.489,29922,9,0.695,5162,2,0.127,13317,4,1557,245,510,925
E01029878,Babergh 005B,E07000200,Babergh,7.675,27843,9,0.084,28241,9,0.068,25999,8,8.979,23755,8,-0.761,27060,9,-0.39,22367,7,21.664,14825,5,13.855,20086,6,0.111,29737,9,0.061,27984,9,-0.419,22817,7,0.184,22590,7,48.128,6124,2,-2.464,26635,8,-0.468,25650,8,0.475,8191,3,1297,152,549,718
E01029879,Babergh 005C,E07000200,Babergh,12.898,21552,7,0.139,21268,7,0.084,22010,7,14.985,18153,6,-0.793,27438,9,-0.515,24144,8,29.057,7251,3,22.836,13332,4,0.259,19130,6,0.097,22403,7,0.046,15762,5,0.207,19168,6,59.865,3241,1,-2.027,24942,8,0.082,14136,5,0.434,8694,3,1857,309,604,1080
E01029880,Babergh 006A,E07000200,Babergh,14.599,19766,6,0.131,22205,7,0.087,21545,7,9.484,23216,7,-0.997,29468,9,-0.725,26872,8,36.47,3292,1,35.879,6531,2,0.195,23390,7,0.114,20385,7,-0.453,23310,7,0.193,21143,7,68.631,1935,1,-0.938,20203,6,0.796,4116,2,-0.253,20357,7,1886,254,708,1083
E01029881,Babergh 002A,E07000200,Babergh,15.433,18852,6,0.092,27220,9,0.053,29913,9,11.965,20826,7,-1.269,31368,10,-1.111,30631,10,47.112,649,1,43.384,3842,2,0.172,25117,8,0.049,30085,9,0.018,16184,5,0.171,24411,8,84.966,217,1,-3.202,29096,9,1.057,1918,1,-1.124,32127,10,2102,359,734,1202
E01029882,Babergh 010C,E07000200,Babergh,10.027,24946,8,0.118,23590,7,0.082,22608,7,7.296,25587,8,-0.805,27577,9,-0.857,28332,9,29.351,7032,3,13.625,20289,7,0.201,22927,7,0.09,23366,7,-0.567,24877,8,0.174,24051,8,64.499,2536,1,-3.588,30159,9,0.05,14748,5,-0.981,31096,10,1526,211,582,856
E01029883,Babergh 010D,E07000200,Babergh,8.426,26937,8,0.08,28775,9,0.056,29185,9,6.358,26674,8,-1.213,31032,10,-0.787,27544,9,32.687,5003,2,18.659,16276,5,0.155,26396,8,0.059,28485,9,-0.873,28370,9,0.181,22910,7,68.934,1889,1,-3.108,28811,9,0.14,13086,4,-0.205,19483,6,2013,284,803,1079
E01029884,Babergh 002B,E07000200,Babergh,21.604,13440,4,0.225,13927,5,0.139,12717,4,30.756,8636,3,0.122,14613,5,-0.425,22862,7,32.574,5069,2,10.481,23270,7,0.42,11132,4,0.119,19851,6,0.703,7284,3,0.286,9996,3,60.731,3112,1,-0.673,18931,6,-0.133,18543,6,-0.788,29119,9,1731,324,446,1066
E01029885,Babergh 002C,E07000200,Babergh,9.739,25267,8,0.088,27744,9,0.062,27622,9,15.253,17937,6,-1.215,31050,10,-1.232,31444,10,30.928,6037,2,21.648,14144,5,0.169,25349,8,0.049,30158,9,-0.107,18034,6,0.227,16361,5,64.617,2518,1,-2.399,26400,8,0.373,9327,3,-0.646,27177,9,2375,370,942,1291
E01029886,Babergh 008A,E07000200,Babergh,33.067,6915,3,0.336,7830,3,0.217,5536,2,40.118,5454,2,0.861,5856,2,0.712,6878,3,25.55,10334,4,4.116,30482,10,0.509,7690,3,0.231,11414,4,1.126,3603,2,0.304,8391,3,40.071,10398,4,1.112,11256,4,-0.716,29740,9,-0.494,24766,8,1336,235,471,710
E01029887,Babergh 008B,E07000200,Babergh,10.379,24511,8,0.139,21294,7,0.073,24907,8,16.281,17094,6,-0.532,24138,8,-0.063,17730,6,21.74,14737,5,5.113,29355,9,0.278,17976,6,0.084,24168,8,0.034,15935,5,0.223,16894,6,44.483,7675,3,-1.193,21316,7,-0.582,27780,9,-0.513,25075,8,2054,333,630,1200
E01029888,Babergh 008C,E07000200,Babergh,26.934,9921,3,0.289,10124,3,0.155,10694,4,48.304,3545,2,0.319,11949,4,0.277,12648,4,28.339,7851,3,3.052,31611,10,0.429,10774,4,0.22,12023,4,1.336,2332,1,0.338,5880,2,42.075,9055,3,1.452,10035,3,-0.747,30074,9,-0.717,28223,9,1307,263,302,804
E01029889,Babergh 008D,E07000200,Babergh,32.905,6994,3,0.34,7632,3,0.166,9561,3,54.09,2487,1,0.171,13929,5,1.084,3428,2,33.146,4751,2,1.803,32869,10,0.498,8094,3,0.258,9976,3,1.316,2441,1,0.383,3236,1,47.925,6212,2,1.648,9403,3,-0.83,30968,10,-1.059,31672,10,1400,313,301,837
E01029890,Babergh 008E,E07000200,Babergh,13.674,20746,7,0.167,18357,6,0.08,22951,7,21.295,13502,4,-0.628,25443,8,-0.24,20281,7,31.046,5950,2,5.203,29248,9,0.329,15308,5,0.082,24476,8,0.361,11336,4,0.237,15145,5,54.946,4225,2,-0.118,16407,5,-0.416,24591,8,-1.28,32873,10,1717,382,309,1109
E01029891,Babergh 008F,E07000200,Babergh,15.506,18766,6,0.176,17617,6,0.119,15369,5,22.917,12521,4,-0.63,25473,8,-0.262,20584,7,28.654,7601,3,3.904,30721,10,0.276,18107,6,0.082,24486,8,0.216,13328,4,0.274,11136,4,52.334,4811,2,-0.477,17988,6,-0.679,29242,9,-0.606,26579,8,2185,447,504,1332
E01029892,Babergh 004A,E07000200,Babergh,26.504,10185,4,0.303,9422,3,0.178,8484,3,33.778,7484,3,0.136,14408,5,0.413,10744,4,19.932,17127,6,25.282,11939,4,0.503,7921,3,0.198,13373,4,0.92,5226,2,0.28,10498,4,41.371,9508,3,-0.972,20330,7,0.384,9177,3,-0.051,16469,5,2031,407,608,1124
E01029894,Babergh 004C,E07000200,Babergh,8.334,27065,9,0.098,26403,8,0.066,26669,8,16.583,16847,5,-0.66,25874,8,-1.265,31642,10,21.904,14551,5,13.402,20511,7,0.16,26004,8,0.092,23027,7,0.061,15539,5,0.224,16862,5,46.945,6563,2,-1.9,24413,8,-0.122,18300,6,-0.206,19507,6,1127,154,387,677
E01029895,Babergh 004D,E07000200,Babergh,3.513,32283,10,0.056,31538,10,0.042,31978,10,5.233,27978,9,-1.25,31257,10,-1.511,32754,10,22.22,14161,5,3.864,30766,10,0.102,30244,9,0.04,31541,10,-1.02,29734,9,0.173,24145,8,50.23,5392,2,-3.04,28594,9,-0.561,27444,9,-0.97,31002,10,1154,195,425,619
E01029896,Babergh 004E,E07000200,Babergh,16.77,17493,6,0.244,12675,4,0.123,14877,5,19.982,14381,5,0.121,14624,5,-0.462,23407,7,17.568,20474,7,9.481,24311,8,0.419,11145,4,0.239,10971,4,0.124,14636,5,0.254,13206,4,42.063,9070,3,-2.361,26246,8,-0.341,23030,7,-0.254,20385,7,1290,174,528,685
E01029897,Babergh 011D,E07000200,Babergh,12.273,22267,7,0.093,27072,9,0.064,27093,9,8.403,24352,8,-1.264,31341,10,-1.138,30809,10,40.031,2103,1,33.092,7776,3,0.117,29287,9,0.088,23574,7,-0.322,21284,7,0.164,25481,8,70.143,1718,1,-0.079,16227,5,0.784,4222,2,-0.784,29084,9,2463,536,701,1263
E01029898,Babergh 001B,E07000200,Babergh,14.788,19555,6,0.177,17492,6,0.112,16602,5,15.194,17980,6,-0.568,24681,8,-1.072,30326,9,29.38,7015,3,18.141,16669,5,0.414,11364,4,0.123,19387,6,-0.164,18910,6,0.233,15683,5,58.278,3522,2,-1.45,22488,7,0.201,11975,4,-0.555,25790,8,2000,210,925,1063
E01029899,Babergh 009B,E07000200,Babergh,12.2,22370,7,0.073,29640,9,0.069,25867,8,5.274,27936,9,-1.093,30232,9,-0.672,26224,8,41.227,1784,1,31.762,8431,3,0.146,27092,9,0.047,30463,10,-0.993,29496,9,0.172,24253,8,79.746,606,1,-3.748,30531,10,0.717,4948,2,-0.514,25100,8,1821,234,736,1018
E01029900,Babergh 003A,E07000200,Babergh,19.645,14989,5,0.227,13793,5,0.145,11864,4,21.733,13205,4,-0.373,21928,7,-0.44,23096,7,32.157,5304,2,13.258,20640,7,0.307,16405,5,0.189,13975,5,0.365,11275,4,0.242,14641,5,56.283,3946,2,0.004,15829,5,-0.079,17397,6,-0.365,22416,7,1787,258,751,918
E01029901,Babergh 003B,E07000200,Babergh,12.133,22451,7,0.122,23106,7,0.076,24158,8,15.409,17803,6,-0.677,26064,8,-0.332,21556,7,25.654,10210,4,26.682,11139,4,0.269,18489,6,0.068,26881,8,-0.101,17942,6,0.228,16218,5,49.346,5680,2,-0.915,20085,6,0.431,8482,3,-0.026,16002,5,2442,285,1089,1301
E01029902,Babergh 009C,E07000200,Babergh,14.557,19816,6,0.098,26402,8,0.066,26612,8,9.721,22968,7,-1.215,31053,10,-1.29,31778,10,43.204,1346,1,41.821,4317,2,0.177,24744,8,0.06,28210,9,-0.327,21377,7,0.184,22575,7,82.468,383,1,-5.132,32693,10,0.956,2623,1,-0.328,21753,7,2213,296,851,1314
E01029903,Babergh 010E,E07000200,Babergh,5.003,30891,10,0.072,29796,9,0.043,31860,10,6.28,26757,8,-1.268,31361,10,-0.914,28904,9,26.587,9349,3,2.949,31718,10,0.133,28045,9,0.046,30685,10,-0.417,22785,7,0.14,28722,9,60.465,3155,1,-4.386,31776,10,-0.905,31628,10,-0.536,25468,8,1533,243,588,799
E01029904,Babergh 010F,E07000200,Babergh,8.662,26634,8,0.103,25608,8,0.07,25662,8,17.267,16319,5,-1.037,29767,9,-0.861,28385,9,26.98,8981,3,2.993,31678,10,0.195,23389,7,0.059,28437,9,0.428,10455,4,0.178,23471,7,60.995,3057,1,-4.249,31564,10,-0.801,30678,10,-0.646,27176,9,1673,272,583,927
E01029905,Babergh 010G,E07000200,Babergh,10.27,24653,8,0.071,29871,9,0.048,30850,10,4.22,29159,9,-1.031,29729,9,-1.333,32010,10,33.83,4414,2,40.711,4679,2,0.124,28735,9,0.065,27328,9,-0.862,28280,9,0.148,27770,9,71.351,1572,1,-3.611,30212,9,0.748,4604,2,0.519,7702,3,1196,190,430,686
E01029906,Babergh 009D,E07000200,Babergh,16.761,17508,6,0.118,23682,8,0.071,25415,8,8.917,23808,8,-0.777,27249,9,-0.812,27858,9,36.527,3277,1,57.514,1097,1,0.156,26283,8,0.113,20445,7,-0.232,19926,6,0.161,26000,8,73.185,1334,1,-2.578,27055,9,1.28,828,1,-0.097,17407,6,1847,299,759,967
E01029907,Babergh 001C,E07000200,Babergh,16.445,17773,6,0.131,22159,7,0.069,25844,8,12.434,20381,7,-1.382,31947,10,-0.968,29483,9,44.097,1159,1,43.044,3938,2,0.336,14964,5,0.07,26409,8,-0.057,17256,6,0.188,21973,7,80.773,525,1,-2.221,25714,8,0.979,2439,1,-0.291,21040,7,2353,280,1034,1299
E01029908,Babergh 005D,E07000200,Babergh,4.565,31369,10,0.059,31219,10,0.042,31897,10,9.927,22764,7,-1.243,31217,10,-0.32,21386,7,16.976,21352,7,7.535,26511,8,0.11,29750,9,0.039,31621,10,-0.297,20904,7,0.183,22668,7,42.47,8769,3,-3.031,28574,9,-0.823,30911,10,0.11,13611,5,1654,308,312,1122
E01029909,Babergh 005E,E07000200,Babergh,8.481,26866,8,0.112,24358,8,0.062,27601,9,20.763,13848,5,-0.789,27389,9,-0.506,24007,8,19.288,18024,6,6.369,27850,9,0.211,22200,7,0.069,26606,8,0.391,10957,4,0.227,16426,5,39.353,10928,4,-0.638,18782,6,-0.778,30437,10,-0.067,16800,5,1552,235,328,1114
E01029910,Babergh 005F,E07000200,Babergh,28.089,9256,3,0.305,9266,3,0.179,8365,3,61.83,1359,1,0.285,12412,4,-0.074,17895,6,14.752,24520,8,5.913,28386,9,0.473,9004,3,0.272,9289,3,1.87,551,1,0.351,5008,2,37.591,12323,4,-2.033,24961,8,-0.598,28083,9,-0.326,21721,7,1194,244,259,760
E01029911,Babergh 004F,E07000200,Babergh,12.672,21809,7,0.088,27655,9,0.065,26768,8,10.376,22332,7,-0.907,28628,9,-1.415,32404,10,40.785,1912,1,31.826,8398,3,0.141,27500,9,0.077,25252,8,-0.13,18378,6,0.169,24766,8,78.994,683,1,-3.353,29541,9,0.678,5370,2,-0.278,20783,7,2234,313,909,1233
E01029912,Babergh 007A,E07000200,Babergh,27.145,9803,3,0.281,10539,4,0.164,9784,3,35.183,7002,3,0.428,10559,4,0.988,4196,2,18.94,18485,6,15.295,18868,6,0.431,10692,4,0.215,12322,4,0.636,8020,3,0.335,6043,2,32.977,16743,5,0.731,12668,4,-0.075,17323,6,-0.064,16739,5,1873,338,486,1153
E01029913,Babergh 007B,E07000200,Babergh,10.614,24237,8,0.113,24288,8,0.112,16588,5,17.203,16365,5,-0.196,19302,6,-0.914,28908,9,11.929,28100,9,9.612,24176,8,0.301,16741,5,0.057,28782,9,0.206,13475,4,0.213,18386,6,33.941,15748,5,-2.087,25160,8,-0.44,25084,8,-0.046,16362,5,1118,81,603,504
E01029914,Babergh 007C,E07000200,Babergh,27.211,9758,3,0.295,9823,3,0.16,10183,4,54.098,2485,1,0.04,15833,5,0.53,9117,3,23.272,12848,4,4.531,30040,9,0.458,9636,3,0.173,15005,5,1.611,1136,1,0.332,6274,2,39.993,10462,4,0.474,13735,5,-0.623,28458,9,-0.557,25825,8,1581,343,303,1021
E01029915,Babergh 007D,E07000200,Babergh,12.827,21627,7,0.147,20433,7,0.107,17371,6,16.085,17250,6,-0.03,16878,6,-0.03,17222,6,11.291,28818,9,12.774,21069,7,0.225,21333,7,0.094,22762,7,0.183,13776,5,0.202,19870,6,29.594,20232,6,-1.065,20751,7,-0.145,18804,6,-0.239,20096,6,1204,149,389,750
E01029916,Babergh 007E,E07000200,Babergh,28.507,9041,3,0.374,6260,2,0.17,9191,3,44.06,4481,2,0.327,11841,4,0.248,13113,4,24.174,11831,4,3.148,31506,10,0.572,5570,2,0.22,12029,4,0.987,4653,2,0.358,4536,2,36.199,13565,5,1.534,9762,3,-0.713,29713,9,-0.747,28621,9,1351,325,234,831
E01029917,Babergh 003C,E07000200,Babergh,8.69,26591,8,0.126,22683,7,0.075,24219,8,17.384,16227,5,-0.761,27066,9,-0.758,27261,9,20.567,16275,5,2.258,32430,10,0.212,22192,7,0.081,24688,8,0.094,15062,5,0.229,16195,5,43.682,8081,3,-1.455,22505,7,-0.976,32162,10,-0.642,27115,9,2065,351,705,1153
E01029918,Babergh 007F,E07000200,Babergh,24.288,11556,4,0.228,13695,5,0.16,10260,4,29.044,9387,3,0.062,15539,5,0.991,4168,2,20.462,16403,5,20.095,15228,5,0.289,17398,6,0.137,17995,6,0.447,10235,4,0.305,8323,3,34.187,15521,5,0.932,11922,4,-0.126,18398,6,0.579,7029,3,1135,175,374,685
E01029919,Babergh 007G,E07000200,Babergh,15.235,19060,6,0.143,20890,7,0.1,18700,6,21.256,13529,5,-0.085,17655,6,-0.034,17270,6,18.193,19577,6,28.178,10280,4,0.27,18473,6,0.094,22751,7,0.452,10176,4,0.223,16907,6,38.614,11499,4,-0.835,19692,6,0.509,7432,3,-0.091,17290,6,1601,218,548,964
E01029920,Babergh 007H,E07000200,Babergh,24.155,11654,4,0.269,11196,4,0.146,11764,4,27.674,10040,3,0.279,12475,4,0.889,5075,2,8.846,31157,10,28.143,10293,4,0.579,5337,2,0.21,12607,4,0.739,6881,3,0.248,13955,5,28.393,21496,7,-1.868,24260,8,0.289,10585,4,0.522,7680,3,1920,195,789,1092
E01029921,Babergh 006B,E07000200,Babergh,11.87,22741,7,0.164,18643,6,0.078,23591,7,14.234,18766,6,-0.572,24731,8,-0.847,28240,9,31.036,5956,2,5.434,28982,9,0.451,9884,3,0.051,29821,9,0.033,15952,5,0.199,20249,6,60.887,3083,1,-1.321,21886,7,-0.592,27979,9,-0.423,23520,7,1377,195,571,767
E01029922,Babergh 006C,E07000200,Babergh,20.582,14272,5,0.207,15178,5,0.118,15580,5,19.699,14580,5,-0.483,23491,7,-0.527,24301,8,41.725,1654,1,26.285,11364,4,0.328,15334,5,0.169,15306,5,0.336,11682,4,0.223,16954,6,72.142,1465,1,-0.002,15854,5,0.519,7291,3,-0.443,23890,8,1589,274,529,906
E01029923,Babergh 006D,E07000200,Babergh,10.867,23932,8,0.128,22457,7,0.069,25904,8,11.392,21392,7,-0.713,26532,8,-0.949,29265,9,34.539,4095,2,9.467,24333,8,0.235,20658,7,0.086,23848,8,-0.334,21481,7,0.205,19369,6,63.384,2723,1,-0.455,17896,6,-0.166,19254,6,-0.968,30981,10,1544,269,439,945
E01034559,Babergh 004G,E07000200,Babergh,12.42,22116,7,0.184,16913,6,0.086,21567,7,17.341,16258,5,-0.248,20062,6,-0.547,24549,8,22.311,14045,5,5.248,29193,9,0.294,17146,6,0.079,24881,8,0.558,8871,3,0.151,27360,9,50.77,5240,2,-3.215,29137,9,-0.753,30148,9,-0.249,20291,7,1916,511,390,1084
E01034560,Babergh 004H,E07000200,Babergh,11.962,22643,7,0.152,19940,6,0.097,19313,6,18.526,15406,5,-0.537,24211,8,-0.594,25203,8,22.574,13716,5,7.864,26153,8,0.363,13611,5,0.046,30605,10,0.329,11790,4,0.211,18652,6,46.599,6698,2,-1.465,22564,7,-0.542,27104,9,-0.111,17681,6,1458,214,601,742
E01030152,East Suffolk 019A,E07000244,East Suffolk,8.914,26315,8,0.077,29136,9,0.055,29302,9,17.234,16340,5,-0.553,24440,8,-1.205,31268,10,26.122,9774,3,18.29,16547,5,0.157,26223,8,0.06,28214,9,0.267,12615,4,0.204,19573,6,58.768,3436,2,-3.807,30674,10,0.164,12627,4,-0.361,22341,7,2002,151,1258,830
E01030153,East Suffolk 019B,E07000244,East Suffolk,16.926,17351,6,0.188,16570,5,0.088,21198,7,25.764,10975,4,-0.181,19096,6,-0.534,24370,8,25.877,9998,3,29.05,9817,3,0.442,10237,4,0.094,22738,7,0.57,8746,3,0.255,13105,4,52.917,4667,2,-1.726,23683,8,0.635,5879,2,-0.547,25649,8,1188,160,517,628
E01030154,East Suffolk 017A,E07000244,East Suffolk,18.155,16235,5,0.086,27918,9,0.06,28250,9,10.913,21821,7,-1.134,30522,10,-1.318,31935,10,51.872,156,1,52.591,1766,1,0.153,26549,8,0.062,27911,9,0.058,15590,5,0.148,27800,9,81.693,439,1,0.374,14160,5,1.193,1170,1,-0.258,20439,7,2187,307,877,1228
E01030155,East Suffolk 022A,E07000244,East Suffolk,11.626,23021,7,0.136,21583,7,0.085,21975,7,17.069,16491,5,-0.441,22929,7,-0.635,25734,8,25.87,10004,3,9.469,24329,8,0.232,20892,7,0.08,24838,8,0.314,11985,4,0.195,20890,7,41.264,9584,3,0.949,11859,4,-0.291,21946,7,-0.388,22855,7,2025,289,681,1166
E01030158,East Suffolk 028A,E07000244,East Suffolk,10.71,24134,8,0.091,27364,9,0.089,20900,7,20.094,14299,5,-0.197,19317,6,-1.474,32634,10,26.526,9403,3,3.179,31474,10,0.378,12940,4,0.025,33180,10,0.483,9756,3,0.204,19541,6,55.962,4005,2,-2.23,25755,8,-0.591,27968,9,-1.261,32809,10,1557,111,928,693
E01030159,East Suffolk 028B,E07000244,East Suffolk,13.692,20733,7,0.143,20859,7,0.08,23102,7,29.104,9361,3,-0.207,19469,6,-0.431,22954,7,11.607,28473,9,29.081,9798,3,0.287,17490,6,0.05,29944,9,0.709,7210,3,0.269,11724,4,31.558,18168,6,-1.445,22463,7,0.287,10609,4,0.616,6612,2,1462,231,498,841
E01030160,East Suffolk 029A,E07000244,East Suffolk,28.225,9196,3,0.362,6722,2,0.185,7842,3,39.733,5566,2,0.632,8176,3,0.093,15430,5,16.119,22627,7,8.907,24982,8,0.668,2996,1,0.284,8795,3,1.106,3748,2,0.304,8376,3,35.458,14264,5,-0.715,19138,6,-0.596,28041,9,0.087,13969,5,1616,233,578,952
E01030161,East Suffolk 029B,E07000244,East Suffolk,23.877,11863,4,0.277,10754,4,0.128,14166,5,39.24,5687,2,0.507,9580,3,0.139,14726,5,17.612,20412,7,20.927,14648,5,0.44,10335,4,0.165,15585,5,1.231,2928,1,0.275,11002,4,36.196,13570,5,-0.39,17605,6,0.137,13126,4,0.098,13804,5,1727,386,304,1087
E01030162,East Suffolk 030A,E07000244,East Suffolk,25.702,10659,4,0.236,13182,4,0.163,9865,3,36.588,6493,2,0.454,10254,4,0.447,10268,4,13.155,26564,8,34.108,7291,3,0.386,12604,4,0.182,14408,5,1.039,4231,2,0.287,9951,3,31.017,18750,6,-0.683,18972,6,0.674,5417,2,0.058,14522,5,1523,183,647,811
E01030163,East Suffolk 030B,E07000244,East Suffolk,27.927,9353,3,0.303,9378,3,0.184,7956,3,39.114,5725,2,0.745,6986,3,-0.005,16862,5,16.383,22269,7,21.518,14233,5,0.489,8440,3,0.22,12030,4,0.944,5005,2,0.326,6716,2,37.464,12425,4,-1.22,21428,7,0.271,10882,4,-0.206,19496,6,1789,307,453,1116
E01030164,East Suffolk 028C,E07000244,East Suffolk,7.991,27476,9,0.094,26916,8,0.058,28674,9,14.099,18882,6,0.1,14926,5,-1.296,31810,10,13.504,26134,8,13.754,20175,6,0.205,22610,7,0.06,28326,9,-0.305,21022,7,0.234,15548,5,32.465,17266,6,-0.89,19969,6,-0.162,19172,6,-0.057,16606,5,1509,196,678,774
E01030165,East Suffolk 030C,E07000244,East Suffolk,19.983,14733,5,0.147,20484,7,0.11,16994,6,33.946,7431,3,0.236,13028,4,0.034,16293,5,16.014,22778,7,41.315,4485,2,0.245,20003,6,0.096,22568,7,1.027,4329,2,0.262,12366,4,30.179,19636,6,0.401,14030,5,0.903,3054,1,-0.083,17128,6,1704,232,614,998
E01030166,East Suffolk 028D,E07000244,East Suffolk,4.125,31741,10,0.04,32829,10,0.051,30276,9,5.341,27841,9,-0.435,22837,7,-1.313,31914,10,15.412,23620,7,10.381,23387,7,0.097,30565,10,0.024,33248,10,-0.775,27367,9,0.161,25989,8,37.293,12567,4,-1.591,23095,7,-0.339,22972,7,-0.125,17946,6,1385,124,761,650
E01030167,East Suffolk 030D,E07000244,East Suffolk,10.319,24599,8,0.092,27198,9,0.067,26192,8,10.677,22049,7,-0.124,18253,6,-0.651,25937,8,16.339,22332,7,35.287,6794,3,0.18,24484,8,0.068,26861,8,-0.075,17551,6,0.166,25244,8,34.333,15374,5,-0.353,17418,6,0.859,3442,2,-1.189,32479,10,1338,142,632,689
E01030168,East Suffolk 029C,E07000244,East Suffolk,44.033,3591,2,0.39,5678,2,0.261,3208,1,73.571,402,1,1.07,4091,2,0.934,4648,2,17.377,20741,7,9.35,24468,8,0.441,10301,4,0.341,6568,2,2.293,116,1,0.386,3054,1,36.374,13400,4,-0.524,18204,6,-0.521,26695,8,0.049,14690,5,1421,274,435,790
E01030169,East Suffolk 029D,E07000244,East Suffolk,23.913,11841,4,0.223,14011,5,0.144,12008,4,52.467,2766,1,0.354,11488,4,-0.19,19593,6,22.592,13698,5,8.247,25695,8,0.39,12394,4,0.164,15665,5,1.483,1612,1,0.344,5503,2,41.578,9396,3,-0.079,16229,5,-0.543,27129,9,-0.06,16666,5,1649,288,385,1127
E01030170,East Suffolk 029E,E07000244,East Suffolk,35.745,5895,2,0.341,7599,3,0.231,4734,2,66.125,880,1,0.839,6067,2,0.24,13221,4,17.937,19941,6,3.337,31311,10,0.474,8995,3,0.296,8248,3,1.932,457,1,0.373,3702,2,37.091,12722,4,-0.528,18232,6,-0.91,31673,10,-0.448,23972,8,1687,292,510,995
E01030171,East Suffolk 027A,E07000244,East Suffolk,14.159,20231,6,0.157,19433,6,0.101,18532,6,32.149,8093,3,0.1,14932,5,-1.253,31571,10,17.534,20531,7,5.442,28971,9,0.309,16287,5,0.083,24351,8,0.7,7311,3,0.299,8773,3,40.039,10424,4,-1.567,22988,7,-0.706,29601,9,-0.267,20583,7,1817,291,594,1102
E01030172,East Suffolk 017B,E07000244,East Suffolk,10.462,24424,8,0.109,24795,8,0.061,27831,9,13.379,19522,6,-0.987,29378,9,-1.088,30459,10,33.802,4432,2,17.49,17132,6,0.181,24472,8,0.057,28683,9,0.124,14627,5,0.175,23807,8,56.598,3883,2,0.446,13866,5,0.195,12062,4,-0.698,27920,9,2188,391,689,1247
E01030173,East Suffolk 017C,E07000244,East Suffolk,17.278,17026,6,0.168,18249,6,0.096,19532,6,22.202,12914,4,0.051,15677,5,-0.925,29011,9,37.285,3003,1,11.608,22174,7,0.272,18306,6,0.131,18575,6,0.582,8632,3,0.213,18256,6,58.409,3493,2,1.136,11175,4,-0.196,19919,6,-0.283,20881,7,2300,433,726,1185
E01030174,East Suffolk 017D,E07000244,East Suffolk,19.398,15192,5,0.1,26083,8,0.067,26351,8,10.584,22138,7,-0.473,23364,7,-1.792,33374,10,54.361,76,1,49.821,2275,1,0.197,23228,7,0.065,27270,9,-0.427,22941,7,0.205,19483,6,83.944,279,1,0.429,13931,5,1.164,1318,1,-0.507,24972,8,1407,210,581,767
E01030175,East Suffolk 021A,E07000244,East Suffolk,11.298,23416,7,0.105,25384,8,0.076,24102,8,9.507,23194,7,-1.015,29617,9,-1.069,30306,9,35.36,3737,2,22.013,13916,5,0.165,25656,8,0.062,27829,9,-0.091,17790,6,0.149,27623,9,68.227,1991,1,-1.295,21771,7,0.336,9892,3,-0.372,22531,7,2348,380,861,1306
E01030176,East Suffolk 017E,E07000244,East Suffolk,20.067,14660,5,0.124,22939,7,0.067,26347,8,11.446,21329,7,-0.699,26352,8,-1.144,30854,10,50.607,242,1,54.342,1518,1,0.236,20569,7,0.092,23087,7,-0.044,17074,6,0.172,24237,8,81.927,420,1,-0.076,16217,5,1.202,1134,1,-0.059,16637,5,2036,287,762,1183
E01030179,East Suffolk 024A,E07000244,East Suffolk,6.628,29050,9,0.122,23201,7,0.061,27732,9,7.594,25253,8,-0.447,23024,7,-0.948,29262,9,19.077,18300,6,2.029,32658,10,0.138,27705,9,0.135,18183,6,-0.41,22689,7,0.163,25682,8,41.664,9323,3,-1.42,22358,7,-0.908,31649,10,-0.788,29122,9,2792,646,508,1717
E01030180,East Suffolk 024B,E07000244,East Suffolk,5.331,30534,10,0.069,30176,9,0.069,25754,8,9.459,23255,7,-0.613,25258,8,-1.208,31284,10,16.455,22149,7,5.242,29203,9,0.141,27483,9,0.031,32643,10,-0.291,20814,7,0.176,23729,8,39.772,10625,4,-2.001,24827,8,-0.765,30281,9,-0.239,20102,6,1395,234,405,871
E01030181,East Suffolk 025A,E07000244,East Suffolk,5.376,30477,10,0.09,27440,9,0.054,29496,9,6.621,26367,8,-0.539,24241,8,-1.483,32667,10,21.637,14873,5,2.102,32580,10,0.139,27638,9,0.07,26566,8,-0.772,27340,9,0.179,23229,7,42.916,8483,3,-0.795,19524,6,-0.969,32120,10,-0.692,27833,9,1971,372,430,1285
E01030183,East Suffolk 024C,E07000244,East Suffolk,7.095,28534,9,0.075,29410,9,0.066,26457,8,15.884,17395,6,-0.431,22792,7,-1.24,31495,10,21.205,15404,5,3.023,31643,10,0.169,25342,8,0.046,30558,10,-0.324,21321,7,0.256,13061,4,40.749,9921,3,-0.352,17413,6,-0.735,29943,9,-0.748,28635,9,1873,234,849,973
E01030184,East Suffolk 024D,E07000244,East Suffolk,16.33,17893,6,0.191,16320,5,0.127,14301,5,22.174,12929,4,0.155,14155,5,-0.057,17643,6,17.062,21217,7,6.141,28105,9,0.368,13406,4,0.123,19313,6,0.186,13736,5,0.27,11554,4,40.01,10450,4,-1.783,23913,8,-0.515,26569,8,-0.444,23911,8,1702,258,711,861
E01030185,East Suffolk 022B,E07000244,East Suffolk,25.388,10872,4,0.297,9676,3,0.188,7644,3,26.533,10570,4,0.555,9003,3,-0.131,18730,6,23.798,12256,4,10.135,23629,8,0.54,6596,2,0.137,18001,6,0.561,8844,3,0.265,12095,4,40.218,10311,4,0.582,13291,4,-0.261,21319,7,-0.351,22161,7,1986,351,708,1052
E01030186,East Suffolk 018A,E07000244,East Suffolk,20.581,14274,5,0.183,17007,6,0.131,13693,5,41.96,4988,2,-0.052,17174,6,-0.502,23941,8,31.073,5937,2,6.722,27433,9,0.434,10575,4,0.089,23480,7,1.437,1831,1,0.256,12952,4,55.92,4012,2,-0.296,17172,6,-0.543,27126,9,-0.284,20905,7,1681,230,742,861
E01030187,East Suffolk 019C,E07000244,East Suffolk,23.233,12282,4,0.28,10573,4,0.159,10356,4,35.791,6774,3,0.208,13405,4,-0.632,25689,8,25.659,10204,4,9.51,24281,8,0.508,7729,3,0.196,13485,4,0.957,4879,2,0.293,9340,3,44.37,7728,3,0.195,14933,5,-0.155,19020,6,-1.058,31670,10,1709,295,558,986
E01030188,East Suffolk 019D,E07000244,East Suffolk,26.409,10238,4,0.247,12480,4,0.136,12984,4,42.482,4848,2,0.535,9245,3,0.41,10764,4,22.33,14011,5,29.174,9737,3,0.466,9300,3,0.18,14577,5,1.343,2299,1,0.284,10172,4,41.672,9313,3,-0.198,16758,5,0.634,5894,2,-0.511,25041,8,1688,248,472,1104
E01030189,East Suffolk 019E,E07000244,East Suffolk,30.196,8189,3,0.287,10230,4,0.201,6625,2,47.697,3684,2,0.632,8170,3,-0.135,18805,6,28.689,7563,3,10.961,22818,7,0.447,10041,3,0.195,13541,5,1.546,1365,1,0.288,9790,3,48.47,6000,2,0.286,14541,5,-0.129,18443,6,-0.667,27473,9,1657,310,525,932
E01030190,East Suffolk 025B,E07000244,East Suffolk,10.607,24250,8,0.1,25985,8,0.068,26037,8,13.311,19570,6,-0.331,21286,7,-0.106,18354,6,29.609,6851,3,5.072,29406,9,0.146,27120,9,0.082,24417,8,0.074,15340,5,0.182,22847,7,47.459,6384,2,0.746,12611,4,-0.655,28879,9,-0.397,23036,7,2384,365,938,1248
E01030191,East Suffolk 025C,E07000244,East Suffolk,9.868,25121,8,0.113,24203,8,0.076,24007,8,9.16,23555,7,-0.148,18619,6,-0.565,24810,8,26.598,9339,3,3.855,30772,10,0.175,24891,8,0.093,22940,7,-0.557,24731,8,0.197,20506,7,40.862,9844,3,1.239,10812,4,-0.914,31704,10,-0.351,22157,7,1498,204,548,888
E01030192,East Suffolk 025D,E07000244,East Suffolk,4.679,31251,10,0.058,31401,10,0.048,30907,10,2.704,30907,10,-0.55,24399,8,-2.85,33750,10,26.062,9825,3,1.036,33398,10,0.114,29504,9,0.037,31901,10,-1.054,29998,9,0.13,29929,9,49.752,5544,2,-0.859,19821,6,-1.505,33653,10,-0.793,29198,9,1334,199,565,721
E01030193,East Suffolk 020A,E07000244,East Suffolk,11.024,23747,8,0.102,25740,8,0.071,25300,8,10.731,21987,7,-0.553,24441,8,-0.838,28134,9,36.264,3363,1,10.588,23165,7,0.199,23067,7,0.048,30305,9,-0.006,16531,5,0.156,26659,8,64.993,2462,1,-0.198,16761,5,-0.191,19813,6,-0.484,24583,8,2058,328,733,1177
E01030194,East Suffolk 020B,E07000244,East Suffolk,16.035,18202,6,0.202,15565,5,0.127,14292,5,13.642,19280,6,-0.174,18984,6,-0.433,22994,7,27.262,8707,3,9.117,24737,8,0.335,15006,5,0.155,16374,5,-0.325,21349,7,0.23,15947,5,47.418,6410,2,0.074,15505,5,-0.35,23206,7,-0.295,21136,7,1847,265,684,1081
E01030195,East Suffolk 020C,E07000244,East Suffolk,2.839,32848,10,0.054,31717,10,0.039,32360,10,3.28,30260,9,-1.075,30104,9,-1.473,32630,10,19.813,17280,6,3.094,31566,10,0.132,28168,9,0.017,33600,10,-1.054,29995,9,0.143,28447,9,42.422,8811,3,-1.375,22128,7,-1.063,32655,10,-0.403,23130,7,1623,230,694,883
E01030196,East Suffolk 026A,E07000244,East Suffolk,5.813,29967,9,0.079,28888,9,0.064,26983,8,7.097,25838,8,-0.529,24102,8,-0.702,26592,8,17.852,20083,6,6.681,27483,9,0.2,23032,7,0.042,31208,10,-0.587,25151,8,0.173,24210,8,40.447,10153,4,-1.554,22932,7,-0.867,31330,10,0.033,14977,5,1566,212,468,1030
E01030197,East Suffolk 026B,E07000244,East Suffolk,7.706,27806,9,0.054,31746,10,0.044,31715,10,9.179,23535,7,-0.815,27693,9,-0.702,26586,8,30.305,6408,2,17.483,17140,6,0.079,31589,10,0.052,29583,9,-0.472,23548,7,0.191,21503,7,64.404,2556,1,-2.713,27536,9,0.095,13894,5,-0.244,20193,6,1838,274,808,954
E01030198,East Suffolk 025E,E07000244,East Suffolk,14.54,19839,6,0.106,25299,8,0.069,25749,8,15.26,17928,6,-0.411,22500,7,-1.052,30167,9,41.371,1754,1,27.521,10641,4,0.203,22808,7,0.09,23296,7,0.151,14249,5,0.196,20677,7,73.782,1271,1,-0.537,18267,6,0.609,6174,2,-0.764,28834,9,1367,178,607,783
E01030199,East Suffolk 023A,E07000244,East Suffolk,21.095,13849,5,0.119,23479,7,0.09,20688,7,18.531,15401,5,-0.594,25016,8,-1.277,31704,10,44.63,1066,1,57.551,1094,1,0.244,20026,6,0.085,24083,8,0.379,11099,4,0.202,19787,6,80.342,558,1,-1.73,23703,8,1.308,741,1,-0.262,20512,7,1748,175,780,1033
E01030200,East Suffolk 021B,E07000244,East Suffolk,13.488,20929,7,0.095,26751,8,0.073,24924,8,9.703,22994,7,-0.796,27479,9,-1.427,32447,10,39.008,2421,1,37.14,6022,2,0.149,26839,8,0.067,27061,9,-0.201,19484,6,0.169,24802,8,75.997,1004,1,-2.506,26779,8,0.828,3760,2,-0.262,20504,7,2324,368,816,1325
E01030201,East Suffolk 016A,E07000244,East Suffolk,23.607,12060,4,0.139,21323,7,0.084,22117,7,17.422,16203,5,-0.739,26821,8,-0.893,28709,9,59.355,18,1,57.378,1111,1,0.308,16329,5,0.096,22529,7,0.328,11804,4,0.197,20551,7,87.396,115,1,1.013,11612,4,1.27,858,1,-0.067,16798,5,2135,265,975,1189
E01030203,East Suffolk 022C,E07000244,East Suffolk,7.939,27545,9,0.075,29320,9,0.084,22069,7,2.521,31135,10,-0.06,17315,6,-0.801,27723,9,21.518,15026,5,9.174,24662,8,0.081,31516,10,0.08,24867,8,-0.854,28205,9,0.098,32347,10,43.579,8128,3,-1.023,20568,7,-0.365,23530,7,-0.249,20290,7,2017,242,1005,934
E01030204,East Suffolk 026C,E07000244,East Suffolk,2.61,33045,10,0.049,32157,10,0.04,32221,10,5.68,27435,9,-0.987,29376,9,-1.246,31532,10,16.004,22792,7,2.407,32284,10,0.106,30035,9,0.023,33302,10,-0.91,28734,9,0.174,24020,8,40.94,9799,3,-2.83,27957,9,-1.219,33217,10,-0.484,24598,8,1936,301,624,1152
E01030205,East Suffolk 026D,E07000244,East Suffolk,2.73,32936,10,0.043,32660,10,0.043,31844,10,6.109,26956,8,-0.943,28968,9,-1.635,33079,10,17.484,20598,7,1.096,33362,10,0.066,32256,10,0.028,32922,10,-0.97,29306,9,0.183,22670,7,44.732,7552,3,-4.238,31546,10,-1.309,33415,10,-0.81,29422,9,1270,200,353,834
E01030206,East Suffolk 026E,E07000244,East Suffolk,3.822,32026,10,0.063,30828,10,0.05,30541,10,3.483,30020,9,-0.519,23962,8,-1.586,32957,10,14.87,24360,8,9.618,24171,8,0.113,29577,9,0.059,28449,9,-0.869,28345,9,0.133,29568,9,40.626,10016,3,-3.625,30249,9,-0.261,21302,7,-0.447,23965,8,1480,201,642,739
E01030207,East Suffolk 024E,E07000244,East Suffolk,9.485,25591,8,0.099,26180,8,0.096,19578,6,9.018,23700,8,-0.381,22063,7,-1.126,30738,10,23.94,12093,4,9.5,24289,8,0.139,27648,9,0.083,24308,8,-0.402,22582,7,0.182,22746,7,46.596,6701,2,-0.891,19978,6,-0.394,24151,8,-0.139,18187,6,1612,238,636,865
E01030208,East Suffolk 018B,E07000244,East Suffolk,22.948,12486,4,0.211,14891,5,0.138,12831,4,26.22,10738,4,0.153,14181,5,-0.199,19701,6,33.816,4428,2,28.229,10247,4,0.357,13878,5,0.121,19609,6,0.632,8064,3,0.25,13622,5,65.022,2453,1,-1.1,20908,7,0.587,6439,2,-0.43,23663,8,1292,161,578,693
E01030209,East Suffolk 018C,E07000244,East Suffolk,20.376,14433,5,0.221,14136,5,0.131,13730,5,29.464,9189,3,0.135,14423,5,0.208,13691,5,24.065,11961,4,10.946,22831,7,0.439,10369,4,0.078,25095,8,0.942,5035,2,0.23,16032,5,48.367,6042,2,-1.304,21811,7,-0.23,20639,7,-0.298,21201,7,2372,389,837,1337
E01030210,East Suffolk 018D,E07000244,East Suffolk,24.845,11211,4,0.297,9710,3,0.178,8485,3,31.184,8465,3,0.225,13169,4,0.122,14950,5,26.96,8994,3,2.645,32052,10,0.432,10630,4,0.182,14437,5,0.808,6221,2,0.273,11219,4,53.862,4446,2,-1.456,22509,7,-0.969,32123,10,-0.549,25686,8,2503,580,620,1400
E01030211,East Suffolk 022D,E07000244,East Suffolk,12.552,21937,7,0.125,22866,7,0.084,22115,7,8.16,24604,8,-0.253,20136,6,-0.345,21731,7,17.256,20916,7,39.85,4987,2,0.198,23178,7,0.105,21401,7,-0.163,18891,6,0.136,29313,9,34.76,14939,5,-0.141,16516,5,0.754,4549,2,0.408,9024,3,1874,184,883,979
E01030212,East Suffolk 018E,E07000244,East Suffolk,16.304,17924,6,0.097,26428,8,0.083,22420,7,16.865,16640,5,-0.532,24132,8,-1.195,31196,10,38.226,2671,1,43.766,3736,2,0.185,24128,8,0.063,27730,9,0.143,14375,5,0.217,17770,6,71.938,1486,1,-1.216,21407,7,0.945,2703,1,0.013,15325,5,2020,219,990,1063
E01030214,East Suffolk 027B,E07000244,East Suffolk,11.953,22650,7,0.1,26096,8,0.086,21552,7,29.024,9398,3,-0.207,19458,6,-0.93,29063,9,24.496,11439,4,4.335,30270,9,0.198,23171,7,0.046,30654,10,0.425,10497,4,0.307,8128,3,44.392,7718,3,-0.159,16590,5,-1.089,32775,10,-0.185,19087,6,1168,194,338,756
E01030215,East Suffolk 027C,E07000244,East Suffolk,23.169,12314,4,0.2,15655,5,0.145,11918,4,39.471,5631,2,0.534,9267,3,-0.214,19908,6,28.374,7818,3,8.263,25677,8,0.251,19578,6,0.198,13400,4,1.27,2673,1,0.269,11693,4,48.216,6086,2,0.236,14754,5,-0.841,31080,10,0.208,12047,4,1738,285,500,1095
E01030216,East Suffolk 027D,E07000244,East Suffolk,6.89,28758,9,0.073,29641,9,0.045,31409,10,19.811,14515,5,-0.671,25989,8,-1.365,32176,10,19.982,17058,6,12.392,21423,7,0.125,28645,9,0.051,29868,9,0.067,15444,5,0.259,12706,4,43.006,8433,3,-1.513,22746,7,-0.284,21795,7,0.028,15053,5,1464,219,596,801
E01030217,East Suffolk 027E,E07000244,East Suffolk,13.208,21226,7,0.105,25333,8,0.076,23927,8,19.192,14955,5,-0.401,22358,7,-1.845,33440,10,40.386,2017,1,8.571,25356,8,0.199,23101,7,0.061,27979,9,0.311,12031,4,0.221,17229,6,71.302,1580,1,-0.211,16824,5,-0.217,20349,7,-0.98,31095,10,1466,242,548,825
E01030218,East Suffolk 027F,E07000244,East Suffolk,14.156,20234,6,0.142,20955,7,0.083,22439,7,28.031,9854,3,-0.191,19225,6,-0.413,22686,7,25.223,10631,4,12.379,21435,7,0.247,19875,6,0.089,23434,7,0.74,6871,3,0.251,13534,5,53.254,4586,2,-2.171,25506,8,-0.265,21394,7,-0.011,15756,5,1514,230,482,943
E01030219,East Suffolk 016B,E07000244,East Suffolk,20.41,14402,5,0.125,22825,7,0.093,20060,6,13.842,19123,6,-0.816,27700,9,-0.814,27881,9,49.903,316,1,46.256,3057,1,0.234,20712,7,0.063,27705,9,0.083,15209,5,0.188,21984,7,75.648,1051,1,1.529,9781,3,1.101,1659,1,-0.684,27734,9,1996,281,924,1033
E01030220,East Suffolk 020D,E07000244,East Suffolk,22.07,13088,4,0.214,14645,5,0.138,12806,4,24.39,11696,4,0.183,13759,5,-0.288,20967,7,37.993,2760,1,11.925,21871,7,0.372,13208,4,0.124,19228,6,0.555,8918,3,0.243,14544,5,58.331,3509,2,1.339,10437,4,-0.148,18856,6,-0.377,22639,7,2200,353,874,1133
E01030221,East Suffolk 021C,E07000244,East Suffolk,12.351,22179,7,0.082,28501,9,0.069,25843,8,8.827,23904,8,-0.645,25677,8,-0.985,29626,9,36.787,3178,1,33.927,7384,3,0.151,26709,8,0.039,31659,10,-0.37,22122,7,0.176,23615,7,69.592,1798,1,-1.091,20870,7,0.694,5183,2,-0.05,16452,5,2203,317,814,1283
E01030222,East Suffolk 016C,E07000244,East Suffolk,21.26,13705,5,0.112,24457,8,0.088,21191,7,31.441,8348,3,-0.317,21086,7,-0.529,24330,8,41.708,1658,1,46.63,2965,1,0.332,15133,5,0.056,28971,9,1.148,3445,2,0.207,19106,6,72.952,1364,1,-0.204,16790,5,1.007,2226,1,0.041,14841,5,2123,195,1119,1097
E01030223,East Suffolk 010A,E07000244,East Suffolk,22.403,12866,4,0.273,10938,4,0.164,9822,3,26.043,10824,4,0.161,14075,5,0.193,13910,5,14.351,25075,8,22.304,13707,5,0.447,10047,3,0.196,13528,5,0.476,9839,3,0.272,11375,4,33.058,16664,5,-0.724,19188,6,0.135,13165,4,0.263,11148,4,1815,281,652,1035
E01030224,East Suffolk 010B,E07000244,East Suffolk,16.014,18220,6,0.146,20559,7,0.111,16809,5,20.972,13705,5,0.2,13530,5,-0.066,17786,6,11.143,28994,9,30.62,8957,3,0.234,20745,7,0.105,21314,7,0.329,11796,4,0.239,14986,5,32.61,17107,6,-2.008,24849,8,0.414,8716,3,0.465,8307,3,1612,195,771,798
E01030225,East Suffolk 010C,E07000244,East Suffolk,23.507,12116,4,0.221,14140,5,0.158,10457,4,20.251,14186,5,0.039,15856,5,0.294,12392,4,11.871,28163,9,51.962,1872,1,0.401,11937,4,0.155,16329,5,0.313,11997,4,0.232,15719,5,31.301,18440,6,-1.262,21620,7,1.057,1917,1,0.413,8963,3,1673,215,594,983
E01030226,East Suffolk 011A,E07000244,East Suffolk,18.88,15598,5,0.19,16409,5,0.139,12728,4,34.611,7206,3,0.136,14404,5,-0.554,24654,8,24.566,11361,4,2.502,32194,10,0.322,15645,5,0.109,20878,7,0.987,4649,2,0.276,10887,4,44.468,7683,3,-0.151,16560,5,-0.749,30101,9,-0.916,30537,10,1866,321,544,1138
E01030227,East Suffolk 010D,E07000244,East Suffolk,42.977,3833,2,0.465,3346,1,0.298,1906,1,51.771,2907,1,0.998,4656,2,0.676,7300,3,18.669,18867,6,3.931,30689,10,0.587,5093,2,0.366,5697,2,1.273,2646,1,0.372,3759,2,37.943,12036,4,-0.488,18045,6,-0.886,31476,10,-0.358,22282,7,1491,315,405,838
E01030228,East Suffolk 010E,E07000244,East Suffolk,12.8,21660,7,0.168,18272,6,0.106,17627,6,23.663,12077,4,-0.318,21101,7,-1.057,30208,9,18.302,19417,6,6.613,27580,9,0.345,14509,5,0.053,29525,9,0.367,11249,4,0.263,12339,4,42.295,8892,3,-2.062,25073,8,-0.677,29210,9,-0.12,17852,6,1696,261,693,878
E01030229,East Suffolk 015A,E07000244,East Suffolk,23.377,12204,4,0.184,16895,6,0.115,15968,5,31.899,8192,3,-0.182,19112,6,-1.076,30366,9,47.303,617,1,27.388,10723,4,0.393,12280,4,0.109,20952,7,0.944,5007,2,0.256,12957,4,70.781,1643,1,1.86,8734,3,0.598,6308,2,-0.705,28037,9,2151,288,923,1198
E01030230,East Suffolk 013A,E07000244,East Suffolk,20.756,14105,5,0.178,17368,6,0.133,13395,4,17.087,16472,5,0.208,13409,4,-0.087,18082,6,23.059,13109,4,43.169,3904,2,0.321,15696,5,0.132,18402,6,0.111,14812,5,0.223,16910,6,44.202,7812,3,-0.61,18637,6,0.936,2772,1,-0.02,15900,5,1787,218,767,961
E01030231,East Suffolk 013B,E07000244,East Suffolk,26.749,10025,3,0.269,11155,4,0.188,7582,3,34.891,7099,3,0.209,13398,4,0.37,11330,4,28.806,7454,3,9.894,23876,8,0.468,9208,3,0.146,17087,6,0.831,6008,2,0.305,8285,3,51.353,5083,2,-0.217,16851,5,-0.426,24802,8,-0.032,16113,5,1533,296,465,882
E01030232,East Suffolk 013C,E07000244,East Suffolk,19.461,15133,5,0.215,14602,5,0.135,13204,4,32.687,7886,3,-0.009,16568,5,-0.435,23020,7,27.722,8350,3,3.788,30840,10,0.419,11175,4,0.09,23284,7,0.993,4591,2,0.255,13104,4,51.834,4955,2,-0.69,19011,6,-0.734,29934,9,-0.544,25601,8,1690,296,565,932
E01030233,East Suffolk 007A,E07000244,East Suffolk,6.865,28777,9,0.076,29263,9,0.077,23852,8,15.37,17838,6,-0.612,25245,8,-0.986,29642,9,15.497,23509,7,7.391,26669,8,0.126,28567,9,0.062,27882,9,-0.021,16742,5,0.219,17441,6,39.825,10585,4,-2.597,27121,9,-0.955,32028,10,0.159,12781,4,1488,177,607,799
E01030234,East Suffolk 008A,E07000244,East Suffolk,32.404,7211,3,0.376,6165,2,0.234,4583,2,39.994,5498,2,0.577,8778,3,0.368,11353,4,22.842,13366,4,4.555,30005,9,0.566,5727,2,0.254,10166,4,1.079,3953,2,0.312,7776,3,44.209,7808,3,-0.69,19009,6,-0.746,30067,9,-0.377,22626,7,1547,336,274,1014
E01030235,East Suffolk 007B,E07000244,East Suffolk,12.405,22128,7,0.113,24224,8,0.12,15296,5,17.849,15889,5,-0.116,18127,6,-0.656,25998,8,17.021,21280,7,12.713,21131,7,0.158,26146,8,0.079,25036,8,0.141,14395,5,0.228,16254,5,42.657,8652,3,-3.114,28831,9,-0.232,20679,7,-0.039,16237,5,1528,194,675,811
E01030236,East Suffolk 008B,E07000244,East Suffolk,21.705,13378,4,0.246,12541,4,0.166,9616,3,33.064,7741,3,0.198,13569,5,-0.243,20321,7,22.545,13752,5,3.918,30706,10,0.35,14267,5,0.197,13447,4,0.816,6149,2,0.291,9568,3,46.682,6664,2,-1.51,22733,7,-0.552,27269,9,-0.994,31219,10,1896,302,634,1096
E01030237,East Suffolk 008C,E07000244,East Suffolk,7.613,27916,9,0.117,23729,8,0.065,26935,8,13.148,19727,6,-0.664,25915,8,-0.539,24438,8,20.15,16823,5,2.1,32581,10,0.194,23454,7,0.083,24318,8,0.036,15907,5,0.185,22361,7,46.626,6685,2,-2.847,28014,9,-1.121,32907,10,-0.587,26305,8,2941,506,841,1747
E01030238,East Suffolk 008D,E07000244,East Suffolk,6.827,28831,9,0.101,25847,8,0.074,24502,8,11.429,21347,7,-0.411,22493,7,-0.872,28501,9,15.54,23454,7,2.016,32673,10,0.142,27399,9,0.083,24319,8,-0.158,18803,6,0.187,22053,7,41.767,9256,3,-3.856,30782,10,-1.073,32700,10,-0.637,27029,9,1799,317,516,1072
E01030239,East Suffolk 012A,E07000244,East Suffolk,9.57,25467,8,0.152,19861,6,0.082,22508,7,15.586,17651,6,-0.414,22549,7,-0.429,22923,7,14.689,24611,8,2.759,31930,10,0.219,21727,7,0.102,21718,7,0.181,13804,5,0.196,20728,7,40.626,10015,3,-3.837,30740,10,-0.937,31890,10,-0.549,25694,8,1855,407,347,1183
E01030240,East Suffolk 001A,E07000244,East Suffolk,13.937,20472,7,0.114,24175,8,0.125,14560,5,15.856,17418,6,0.264,12649,4,-0.554,24643,8,18.633,18923,6,13.891,20068,6,0.124,28787,9,0.086,23909,8,-0.142,18568,6,0.238,15055,5,38.626,11487,4,-0.678,18956,6,-0.085,17521,6,-0.238,20078,6,1583,149,777,832
E01030241,East Suffolk 001B,E07000244,East Suffolk,17.292,17014,6,0.163,18753,6,0.116,15865,5,18.521,15411,5,0.098,14964,5,-0.199,19702,6,30.844,6089,2,12.142,21656,7,0.309,16313,5,0.118,19964,6,0.059,15580,5,0.246,14142,5,56.09,3984,2,-0.397,17640,6,-0.087,17555,6,-0.56,25881,8,1466,175,714,735
E01030242,East Suffolk 001C,E07000244,East Suffolk,9.467,25614,8,0.069,30176,9,0.093,20102,6,13.799,19157,6,-0.239,19942,6,-0.355,21875,7,22.655,13616,5,2.616,32079,10,0.099,30495,10,0.035,32220,10,-0.219,19732,6,0.222,17021,6,46.352,6805,3,-1.359,22066,7,-0.992,32265,10,-0.539,25530,8,1395,203,614,723
E01030243,East Suffolk 015B,E07000244,East Suffolk,19.134,15387,5,0.195,16063,5,0.124,14644,5,27.714,10012,3,-0.136,18431,6,-1.188,31161,10,35.578,3632,2,11.594,22188,7,0.407,11670,4,0.081,24668,8,0.627,8119,3,0.267,11830,4,49.788,5531,2,1.968,8435,3,-0.162,19176,6,-0.388,22861,7,1516,241,561,840
E01030244,East Suffolk 015C,E07000244,East Suffolk,28.281,9169,3,0.278,10707,4,0.218,5490,2,22.724,12623,4,0.341,11658,4,-0.058,17653,6,33.944,4346,2,19.739,15497,5,0.571,5610,2,0.167,15467,5,0.251,12832,4,0.268,11772,4,50.331,5359,2,1.434,10094,3,0.09,13997,5,0.076,14193,5,1851,220,898,899
E01030245,East Suffolk 015D,E07000244,East Suffolk,15.845,18396,6,0.168,18309,6,0.109,17053,6,20.404,14072,5,-0.26,20245,6,-1.383,32264,10,37.133,3059,1,2.088,32593,10,0.276,18111,6,0.107,21114,7,0.372,11195,4,0.225,16604,5,55.489,4117,2,1.548,9718,3,-0.755,30180,9,-1.145,32256,10,1622,276,674,811
E01030246,East Suffolk 004A,E07000244,East Suffolk,48.925,2543,1,0.49,2735,1,0.267,2959,1,45.491,4164,2,0.989,4720,2,1.449,1439,1,13.422,26237,8,52.531,1779,1,0.765,1264,1,0.19,13894,5,1.36,2192,1,0.308,8061,3,27.266,22595,7,0.106,15360,5,1.051,1958,1,0.504,7877,3,1374,296,284,874
E01030247,East Suffolk 006A,E07000244,East Suffolk,71.909,219,1,0.65,428,1,0.481,43,1,55.817,2212,1,2.321,139,1,1.349,1865,1,19.215,18129,6,34.317,7194,3,0.722,1938,1,0.573,1421,1,1.227,2953,1,0.407,2246,1,27.529,22342,7,1.71,9213,3,0.314,10234,4,1.044,3138,1,1844,377,427,1152
E01030248,East Suffolk 004B,E07000244,East Suffolk,41.365,4250,2,0.404,5176,2,0.25,3743,2,36.556,6510,2,0.915,5337,2,1.09,3388,2,13.047,26702,8,50.345,2172,1,0.568,5694,2,0.196,13526,5,0.907,5322,2,0.308,8007,3,29.022,20838,7,-0.31,17232,6,1.015,2174,1,0.418,8898,3,1502,381,284,916
E01030249,East Suffolk 004C,E07000244,East Suffolk,50.386,2305,1,0.465,3363,1,0.294,2024,1,57.732,1923,1,0.931,5194,2,1.308,2054,1,15.398,23639,8,48.133,2610,1,0.602,4666,2,0.255,10147,4,1.668,967,1,0.35,5042,2,26.602,23235,7,0.776,12506,4,0.9,3077,1,0.677,6000,2,1786,400,348,1133
E01030250,East Suffolk 004D,E07000244,East Suffolk,72.701,180,1,0.629,591,1,0.406,236,1,66.636,836,1,1.667,1085,1,2.046,222,1,16.44,22179,7,47.799,2691,1,0.765,1256,1,0.45,3447,2,1.734,796,1,0.401,2436,1,26.746,23097,7,1.057,11453,4,0.882,3231,1,0.709,5676,2,2016,425,313,1387
E01030251,East Suffolk 012B,E07000244,East Suffolk,29.278,8645,3,0.257,11879,4,0.192,7238,3,47.951,3620,2,0.377,11183,4,-0.367,22052,7,27.548,8471,3,28.581,10054,3,0.49,8393,3,0.142,17448,6,1.502,1541,1,0.3,8678,3,56.035,3992,2,-1.707,23598,7,0.64,5822,2,-0.707,28078,9,1517,184,679,819
E01030252,East Suffolk 012C,E07000244,East Suffolk,20.586,14268,5,0.181,17105,6,0.147,11689,4,36.437,6547,2,0.103,14886,5,-0.448,23191,7,24.123,11892,4,16.966,17540,6,0.402,11916,4,0.113,20418,7,1.213,3028,1,0.249,13740,5,54.318,4349,2,-3.346,29524,9,-0.064,17073,6,0.116,13496,4,1741,192,821,884
E01030253,East Suffolk 012D,E07000244,East Suffolk,34.175,6464,2,0.393,5570,2,0.235,4494,2,49.33,3363,1,0.605,8475,3,-0.09,18120,6,23.946,12087,4,9.718,24061,8,0.563,5854,2,0.309,7761,3,1.469,1682,1,0.321,7110,3,49.889,5499,2,-1.827,24098,8,-0.361,23437,7,-0.175,18893,6,1790,340,538,1024
E01030254,East Suffolk 006B,E07000244,East Suffolk,41.2,4291,2,0.421,4650,2,0.241,4174,2,37.209,6293,2,0.822,6227,2,0.921,4780,2,16.382,22272,7,53.16,1664,1,0.657,3222,1,0.245,10660,4,0.482,9772,3,0.367,4063,2,27.797,22067,7,0.895,12061,4,1.172,1271,1,-0.039,16242,5,1385,306,306,862
E01030255,East Suffolk 005A,E07000244,East Suffolk,29.322,8618,3,0.307,9192,3,0.217,5571,2,39.955,5508,2,0.637,8130,3,0.269,12768,4,15.693,23237,7,15.292,18873,6,0.471,9112,3,0.182,14412,5,1.087,3883,2,0.309,7937,3,34.46,15242,5,-0.607,18609,6,-0.16,19140,6,0.131,13253,4,1322,292,317,798
E01030256,East Suffolk 006C,E07000244,East Suffolk,37.216,5379,2,0.308,9118,3,0.268,2927,1,30.478,8738,3,0.991,4706,2,0.665,7423,3,10.285,29888,9,48.772,2481,1,0.288,17410,6,0.223,11870,4,0.455,10133,4,0.317,7370,3,28.96,20913,7,-1.334,21951,7,0.957,2615,1,0.518,7713,3,1503,233,505,900
E01030257,East Suffolk 009A,E07000244,East Suffolk,27.813,9420,3,0.265,11431,4,0.182,8130,3,27.742,9999,3,0.956,4982,2,0.265,12839,4,16.646,21871,7,31.374,8627,3,0.347,14412,5,0.241,10863,4,0.508,9480,3,0.285,10121,3,32.92,16810,5,0.075,15500,5,0.482,7789,3,0.368,9619,3,1498,268,519,804
E01030258,East Suffolk 006D,E07000244,East Suffolk,68.842,333,1,0.561,1438,1,0.416,189,1,49.282,3373,1,1.874,603,1,2.059,211,1,19.624,17524,6,51.496,1970,1,0.66,3152,1,0.536,1919,1,1.04,4228,2,0.388,3007,1,27.41,22477,7,1.83,8821,3,0.838,3650,2,1.208,2341,1,1609,209,428,1107
E01030259,East Suffolk 001D,E07000244,East Suffolk,15.834,18410,6,0.112,24464,8,0.081,22707,7,18.243,15624,5,-0.232,19841,6,-0.498,23887,8,35.457,3681,2,32.31,8162,3,0.121,28992,9,0.104,21532,7,0.218,13288,4,0.223,16993,6,68.693,1922,1,-1.394,22228,7,0.753,4552,2,-0.685,27749,9,1147,130,438,673
E01030260,East Suffolk 001E,E07000244,East Suffolk,18.306,16082,5,0.14,21141,7,0.096,19516,6,15.399,17813,6,-0.333,21323,7,-1.294,31797,10,41.216,1789,1,38.973,5294,2,0.202,22858,7,0.115,20258,7,0.197,13588,5,0.191,21407,7,71.647,1520,1,-0.055,16113,5,0.843,3611,2,-0.078,17030,6,998,170,314,614
E01030261,East Suffolk 002A,E07000244,East Suffolk,64.626,612,1,0.589,1028,1,0.389,349,1,71.32,528,1,1.748,872,1,1.217,2567,1,18.444,19192,6,15.831,18437,6,0.728,1824,1,0.44,3701,2,1.941,439,1,0.407,2250,1,30.981,18800,6,0.969,11783,4,-0.678,29222,9,0.858,4364,2,1495,345,317,913
E01030262,East Suffolk 002B,E07000244,East Suffolk,31.526,7577,3,0.332,8031,3,0.21,5973,2,37.63,6153,2,0.626,8247,3,0.734,6613,2,19.42,17830,6,18.973,16033,5,0.411,11479,4,0.305,7925,3,0.989,4633,2,0.305,8299,3,32.265,17455,6,1.009,11632,4,0.1,13817,5,-0.048,16397,5,1251,246,364,708
E01030263,East Suffolk 005B,E07000244,East Suffolk,23.614,12057,4,0.204,15374,5,0.177,8535,3,30.759,8632,3,0.367,11319,4,0.395,10980,4,21.021,15644,5,16.257,18112,6,0.362,13694,5,0.099,22102,7,0.682,7497,3,0.289,9713,3,35.642,14098,5,0.781,12488,4,-0.399,24235,8,0.627,6500,2,1536,237,593,818
E01030264,East Suffolk 004E,E07000244,East Suffolk,46.058,3159,1,0.457,3584,2,0.272,2735,1,54.757,2376,1,1.174,3370,1,0.867,5248,2,15.636,23301,7,36.678,6196,2,0.663,3097,1,0.242,10810,4,1.591,1198,1,0.341,5660,2,29.986,19833,6,0.328,14369,5,0.772,4328,2,-0.038,16218,5,1487,347,351,864
E01030265,East Suffolk 004F,E07000244,East Suffolk,44.36,3499,2,0.391,5653,2,0.27,2826,1,54.277,2449,1,1.041,4298,2,1.07,3520,2,14.491,24903,8,41.835,4308,2,0.534,6820,3,0.251,10344,4,1.522,1463,1,0.351,5035,2,29.098,20748,7,0.137,15213,5,0.926,2846,1,-0.148,18360,6,1470,314,298,924
E01030266,East Suffolk 003A,E07000244,East Suffolk,21.011,13921,5,0.255,11979,4,0.139,12589,4,27.085,10326,4,0.312,12030,4,-0.522,24233,8,24.478,11472,4,13.983,19985,6,0.389,12461,4,0.218,12133,4,0.725,7037,3,0.244,14395,5,45.321,7265,3,-0.393,17620,6,-0.18,19573,6,0.015,15290,5,1621,245,589,917
E01030267,East Suffolk 003B,E07000244,East Suffolk,20.74,14125,5,0.247,12473,4,0.174,8849,3,23.995,11907,4,0.185,13751,5,-0.154,19069,6,22.26,14100,5,1.319,33218,10,0.365,13545,5,0.158,16082,5,0.575,8687,3,0.235,15460,5,44.652,7587,3,-1.026,20583,7,-1.1,32813,10,-0.834,29708,9,2422,563,504,1472
E01030268,East Suffolk 007C,E07000244,East Suffolk,7.387,28198,9,0.108,25022,8,0.078,23435,7,5.814,27274,9,-0.273,20434,7,-1.296,31817,10,20.689,16102,5,3.051,31612,10,0.174,24977,8,0.048,30389,10,-0.682,26322,8,0.161,25914,8,45.921,6987,3,-2.196,25608,8,-0.702,29549,9,-0.809,29411,9,1313,204,471,732
E01030269,East Suffolk 007D,E07000244,East Suffolk,10.603,24260,8,0.133,21972,7,0.09,20758,7,14.628,18436,6,-0.27,20378,7,-1.023,29949,9,20.647,16161,5,10.214,23552,7,0.199,23108,7,0.086,23892,8,0.037,15888,5,0.203,19630,6,45.327,7263,3,-1.986,24765,8,-0.213,20274,7,-0.486,24625,8,1662,217,764,844
E01030270,East Suffolk 005C,E07000244,East Suffolk,25.564,10741,4,0.263,11552,4,0.176,8649,3,29.479,9183,3,0.401,10897,4,0.163,14370,5,18.691,18844,6,31.919,8351,3,0.494,8242,3,0.169,15263,5,0.774,6550,2,0.261,12446,4,39.008,11207,4,-0.752,19322,6,0.35,9665,3,0.746,5316,2,1502,239,532,839
E01030271,East Suffolk 003C,E07000244,East Suffolk,13.733,20692,7,0.127,22576,7,0.126,14438,5,18.775,15233,5,0.091,15069,5,-0.664,26108,8,17.681,20318,7,11.697,22102,7,0.306,16475,5,0.074,25826,8,0.004,16383,5,0.255,13142,4,39.228,11019,4,-1.232,21490,7,-0.746,30062,9,0.514,7755,3,1422,130,719,693
E01030272,East Suffolk 012E,E07000244,East Suffolk,14.787,19557,6,0.131,22178,7,0.112,16494,5,17.58,16097,5,-0.122,18216,6,-0.403,22541,7,14.307,25122,8,35.883,6529,2,0.236,20598,7,0.088,23569,7,-0.288,20769,7,0.27,11513,4,35.396,14335,5,-1.424,22369,7,0.797,4108,2,-0.257,20431,7,1554,190,759,788
E01030273,East Suffolk 012F,E07000244,East Suffolk,11.675,22958,7,0.118,23600,7,0.115,16090,5,17.215,16358,5,-0.183,19127,6,-0.614,25477,8,12.995,26757,8,13.582,20332,7,0.243,20131,6,0.078,25191,8,0.13,14548,5,0.222,17020,6,36.884,12918,4,-2.795,27837,9,-0.388,24033,8,0.342,9984,3,1503,138,773,732
E01030274,East Suffolk 009B,E07000244,East Suffolk,47.148,2912,1,0.456,3608,2,0.33,1136,1,55.193,2310,1,1.416,2038,1,0.384,11131,4,19.112,18253,6,8.577,25349,8,0.672,2897,1,0.365,5735,2,1.565,1300,1,0.35,5089,2,38.659,11458,4,-0.525,18210,6,-0.799,30658,10,0.218,11872,4,1195,174,543,577
E01030275,East Suffolk 009C,E07000244,East Suffolk,17.153,17119,6,0.155,19547,6,0.125,14488,5,29.184,9322,3,-0.068,17428,6,-0.065,17768,6,16.128,22613,7,23.295,13071,4,0.273,18296,6,0.094,22806,7,0.786,6428,2,0.256,13015,4,36.6,13171,4,-1.051,20693,7,0.084,14114,5,0.481,8137,3,1111,152,392,655
E01030276,East Suffolk 006E,E07000244,East Suffolk,26.829,9976,3,0.253,12071,4,0.157,10539,4,33.458,7601,3,0.22,13240,4,0.572,8592,3,17.326,20828,7,44.076,3644,2,0.389,12433,4,0.152,16649,5,1.181,3219,1,0.223,16974,6,33.778,15933,5,0.1,15390,5,1.002,2258,1,-0.293,21080,7,1173,224,336,693
E01030277,East Suffolk 002C,E07000244,East Suffolk,62.067,805,1,0.579,1176,1,0.358,679,1,77.993,218,1,1.539,1526,1,1.38,1717,1,17.715,20269,7,7.15,26927,8,0.669,2952,1,0.504,2411,1,2.07,286,1,0.435,1382,1,34.538,15144,5,0.049,15638,5,-0.813,30801,10,0.057,14539,5,1157,254,309,661
E01030278,East Suffolk 003D,E07000244,East Suffolk,27.662,9507,3,0.276,10769,4,0.215,5657,2,45.203,4230,2,0.624,8270,3,-0.035,17282,6,16.726,21748,7,4.034,30572,10,0.566,5720,2,0.101,21801,7,1.179,3228,1,0.339,5815,2,36.021,13722,5,-0.65,18841,6,-0.99,32255,10,-0.275,20721,7,1540,212,723,730
E01030279,East Suffolk 002D,E07000244,East Suffolk,59.967,995,1,0.544,1689,1,0.348,824,1,71.841,496,1,1.537,1541,1,1.545,1112,1,21.67,14813,5,3.778,30849,10,0.721,1958,1,0.531,1984,1,1.769,709,1,0.428,1527,1,37.229,12622,4,0.613,13159,4,-0.788,30534,10,-0.477,24475,8,1374,257,321,854
E01030280,East Suffolk 003E,E07000244,East Suffolk,11.372,23327,7,0.144,20739,7,0.093,20188,6,14.741,18347,6,-0.079,17581,6,-0.806,27780,9,18.366,19323,6,11.196,22597,7,0.278,17953,6,0.1,21947,7,-0.386,22329,7,0.249,13812,5,39.367,10915,4,-0.988,20411,7,-0.605,28177,9,0.356,9786,3,1333,169,592,693
E01030281,East Suffolk 002E,E07000244,East Suffolk,21.296,13672,5,0.251,12262,4,0.166,9659,3,23.803,12005,4,0.216,13293,4,0.038,16229,5,22.751,13493,4,6.661,27502,9,0.354,14034,5,0.176,14819,5,0.437,10350,4,0.254,13236,4,45.092,7376,3,-0.95,20247,6,-1.062,32645,10,0.109,13626,5,2643,570,630,1545
E01030283,East Suffolk 014A,E07000244,East Suffolk,22.892,12533,4,0.244,12700,4,0.145,11944,4,40.272,5409,2,-0.025,16813,5,-0.9,28769,9,33.398,4621,2,9.132,24711,8,0.427,10830,4,0.152,16634,5,1.251,2795,1,0.281,10450,4,57.717,3659,2,0.142,15186,5,-0.17,19343,6,-1.134,32202,10,1333,241,490,701
E01030285,East Suffolk 013D,E07000244,East Suffolk,19.381,15206,5,0.091,27247,9,0.076,23951,8,14.286,18732,6,-0.701,26372,8,-1.427,32445,10,53.99,83,1,46.875,2910,1,0.161,25958,8,0.062,27870,9,0.075,15323,5,0.194,20977,7,86.996,130,1,-0.538,18273,6,1.138,1449,1,-1.193,32495,10,2221,265,961,1284
E01030286,East Suffolk 011B,E07000244,East Suffolk,21.049,13889,5,0.129,22318,7,0.091,20554,7,20.696,13883,5,-0.62,25354,8,-0.789,27560,9,42.144,1565,1,55.83,1318,1,0.27,18437,6,0.088,23538,7,0.343,11569,4,0.233,15659,5,77.285,867,1,-1.442,22452,7,1.186,1202,1,0.208,12031,4,2143,294,859,1245
E01030287,East Suffolk 009D,E07000244,East Suffolk,30.529,8026,3,0.299,9565,3,0.226,4998,2,52.603,2742,1,0.674,7727,3,0.085,15529,5,16.751,21700,7,4.934,29572,9,0.464,9354,3,0.194,13621,5,1.528,1432,1,0.336,5998,2,37.679,12252,4,-1.125,21028,7,-0.746,30069,9,-0.307,21389,7,1387,207,619,684
E01030288,East Suffolk 007E,E07000244,East Suffolk,7.774,27726,9,0.092,27152,9,0.08,23086,7,16.438,16970,6,-0.292,20721,7,-1.058,30216,9,14.557,24797,8,4.686,29861,9,0.182,24366,8,0.049,30103,9,-0.085,17700,6,0.239,14995,5,37.833,12112,4,-2.248,25829,8,-0.909,31659,10,-0.215,19657,6,1445,167,655,737
E01030289,East Suffolk 005D,E07000244,East Suffolk,37.8,5209,2,0.376,6170,2,0.24,4235,2,40.492,5364,2,0.845,6011,2,0.997,4125,2,15.303,23767,8,34.805,6977,3,0.583,5215,2,0.28,8974,3,1.138,3521,2,0.305,8286,3,35.822,13910,5,-1.145,21095,7,0.483,7786,3,0.709,5683,2,1476,259,409,914
E01030290,East Suffolk 005E,E07000244,East Suffolk,14.791,19551,6,0.159,19201,6,0.129,14002,5,22.972,12485,4,0.044,15768,5,-0.539,24432,8,14.945,24261,8,10.072,23692,8,0.243,20148,6,0.118,19890,6,0.462,10023,3,0.241,14720,5,38.458,11629,4,-2.294,25975,8,-0.251,21096,7,-0.391,22923,7,1470,200,582,788
E01030291,East Suffolk 009E,E07000244,East Suffolk,50.859,2217,1,0.532,1875,1,0.318,1374,1,61.448,1409,1,1.028,4397,2,1.028,3880,2,20.225,16723,5,9.645,24143,8,0.855,483,1,0.273,9258,3,1.694,893,1,0.373,3748,2,36.603,13170,4,0.33,14360,5,-0.675,29162,9,0.247,11392,4,1487,312,423,835
E01030292,East Suffolk 011C,E07000244,East Suffolk,5.674,30149,9,0.093,26984,8,0.058,28560,9,11.593,21185,7,-0.577,24799,8,-1.539,32840,10,18.342,19355,6,2.283,32408,10,0.178,24650,8,0.063,27768,9,-0.254,20240,6,0.199,20193,6,44.284,7772,3,-2.99,28451,9,-1.063,32652,10,-0.572,26077,8,1413,182,553,762
E01030293,East Suffolk 011D,E07000244,East Suffolk,8.207,27205,9,0.094,26861,8,0.064,27075,9,11.148,21610,7,-0.609,25213,8,-1.194,31195,10,27.666,8391,3,8.541,25395,8,0.184,24216,8,0.068,26809,8,-0.338,21556,7,0.203,19725,6,59.528,3314,1,-2.743,27648,9,-0.42,24669,8,-0.23,19947,6,1653,241,607,944
E01030294,East Suffolk 011E,E07000244,East Suffolk,13.589,20823,7,0.172,17942,6,0.117,15740,5,19.546,14678,5,-0.311,20993,7,-0.858,28351,9,23.728,12346,4,1.638,33003,10,0.352,14177,5,0.088,23593,7,0.025,16075,5,0.261,12498,4,48.734,5909,2,-1.559,22953,7,-0.864,31298,10,-1.056,31657,10,1401,197,553,751
E01030295,East Suffolk 014B,E07000244,East Suffolk,23.668,12026,4,0.172,17930,6,0.129,14004,5,31.158,8477,3,-0.306,20910,7,-0.266,20628,7,41.019,1853,1,36.971,6088,2,0.291,17275,6,0.112,20516,7,0.987,4652,2,0.24,14845,5,76.477,948,1,-1.643,23332,7,0.808,3990,2,-0.157,18515,6,2358,331,908,1368
E01033442,East Suffolk 025F,E07000244,East Suffolk,5.236,30635,10,0.107,25155,8,0.042,31986,10,6.747,26230,8,-0.497,23684,8,-1.255,31590,10,20.082,16908,6,0.826,33515,10,0.142,27402,9,0.066,27233,9,-0.323,21299,7,0.134,29477,9,43.942,7946,3,-1.775,23878,8,-1.208,33179,10,-0.984,31128,10,1611,427,125,1058
E01033443,East Suffolk 023B,E07000244,East Suffolk,10.554,24321,8,0.053,31873,10,0.043,31760,10,6.89,26050,8,-0.482,23483,7,-1.523,32799,10,44.229,1135,1,17.293,17286,6,0.072,31948,10,0.057,28801,9,-0.425,22909,7,0.153,27068,9,75.024,1133,1,0.09,15429,5,0.226,11582,4,-1.036,31533,10,1652,319,328,1080
E01033444,East Suffolk 025G,E07000244,East Suffolk,5.281,30589,10,0.104,25446,8,0.05,30464,10,5.846,27244,9,-0.411,22494,7,-1.021,29936,9,18.133,19663,6,1.258,33266,10,0.14,27549,9,0.11,20735,7,-0.478,23649,8,0.14,28758,9,43.979,7926,3,-2.986,28439,9,-1.211,33192,10,-0.792,29186,9,1512,440,81,984
E01033445,East Suffolk 023C,E07000244,East Suffolk,12.91,21535,7,0.109,24797,8,0.062,27692,9,17.816,15910,5,-0.014,16637,5,-1.18,31115,10,39.878,2153,1,3.83,30800,10,0.112,29656,9,0.142,17488,6,0.389,10976,4,0.192,21315,7,66.858,2175,1,0.534,13500,4,-0.605,28170,9,-0.803,29319,9,1740,384,361,1058
E01033446,East Suffolk 023D,E07000244,East Suffolk,14.901,19423,6,0.101,25893,8,0.052,29994,9,19.735,14560,5,-0.888,28417,9,-1.154,30924,10,44.715,1046,1,32.455,8091,3,0.238,20439,7,0.089,23501,7,0.375,11146,4,0.217,17702,6,82.527,378,1,-3.102,28791,9,0.78,4258,2,-1.012,31363,10,2821,297,912,1859
E01033447,East Suffolk 025H,E07000244,East Suffolk,4.035,31823,10,0.045,32489,10,0.05,30485,10,5.74,27366,9,-0.695,26297,8,-1.261,31619,10,20.355,16537,5,4.915,29592,9,0.063,32386,10,0.034,32302,10,-0.916,28797,9,0.175,23840,8,42.049,9080,3,-1.003,20480,7,-0.889,31502,10,-0.192,19225,6,1463,274,453,812
E01033448,East Suffolk 023E,E07000244,East Suffolk,22.261,12955,4,0.141,21113,7,0.103,18082,6,18.055,15742,5,-0.248,20072,6,-0.56,24733,8,47.176,637,1,45.267,3287,1,0.27,18440,6,0.087,23807,8,0.332,11745,4,0.204,19524,6,83.803,288,1,-2.318,26071,8,0.952,2648,1,0.16,12776,4,1316,183,520,739
E01033449,East Suffolk 023F,E07000244,East Suffolk,14.543,19834,6,0.148,20320,7,0.087,21542,7,10.466,22253,7,-0.109,18020,6,-0.355,21874,7,35.635,3615,2,13.021,20851,7,0.236,20612,7,0.119,19857,6,-0.231,19907,6,0.183,22690,7,69.296,1832,1,-1.517,22763,7,0.031,15120,5,-1.117,32090,10,1857,405,496,1061
E01033450,East Suffolk 028E,E07000244,East Suffolk,6.543,29145,9,0.084,28233,9,0.064,27006,9,13.322,19560,6,-0.606,25164,8,-1.447,32540,10,21.097,15528,5,4.234,30369,9,0.138,27734,9,0.067,27030,9,-0.386,22327,7,0.233,15685,5,43.909,7960,3,-1.297,21787,7,-0.586,27858,9,-0.728,28353,9,2250,240,1142,1109
E01035154,East Suffolk 014C,E07000244,East Suffolk,12.152,22420,7,0.114,24172,8,0.092,20279,7,15.762,17497,6,-0.651,25753,8,-0.886,28643,9,24.588,11337,4,27.439,10695,4,0.27,18462,6,0.062,27906,9,0.35,11476,4,0.171,24480,8,50.273,5377,2,-1.627,23253,7,0.569,6647,2,-0.494,24774,8,2188,213,1313,937
E01029958,Ipswich 007A,E07000202,Ipswich,17.742,16605,5,0.188,16561,5,0.102,18371,6,13.229,19653,6,0.231,13086,4,-0.128,18692,6,10.506,29661,9,46.976,2881,1,0.295,17056,6,0.141,17528,6,-0.118,18185,6,0.205,19431,6,23.748,25791,8,-0.357,17439,6,0.868,3351,1,0.682,5953,2,1389,241,331,903
E01029960,Ipswich 007C,E07000202,Ipswich,20.321,14457,5,0.218,14406,5,0.128,14085,5,17.96,15801,5,0.096,15005,5,0.428,10541,4,16.518,22061,7,36.412,6317,2,0.37,13301,4,0.152,16605,5,0.236,13032,4,0.217,17767,6,24.548,25119,8,1.339,10438,4,0.614,6128,2,0.514,7761,3,1999,360,293,1414
E01029961,Ipswich 007D,E07000202,Ipswich,19.825,14855,5,0.207,15120,5,0.12,15233,5,17.883,15863,5,0.242,12943,4,0.258,12952,4,11.35,28736,9,41.374,4458,2,0.291,17260,6,0.147,17006,6,0.083,15207,5,0.236,15341,5,24.618,25048,8,-0.177,16658,5,0.823,3801,2,0.297,10644,4,1510,334,222,1013
E01029962,Ipswich 007E,E07000202,Ipswich,27.247,9735,3,0.298,9643,3,0.134,13280,4,27.318,10213,4,0.414,10730,4,0.5,9541,3,13.667,25932,8,52.905,1709,1,0.509,7716,3,0.204,13013,4,0.493,9651,3,0.282,10332,4,22.042,27170,9,0.787,12464,4,1.012,2195,1,0.689,5884,2,1663,328,185,1194
E01029963,Ipswich 009A,E07000202,Ipswich,6.51,29188,9,0.047,32309,10,0.047,31122,10,8.56,24186,8,-1.057,29960,9,0.65,7618,3,10.071,30087,9,14.517,19515,6,0.11,29787,9,0.019,33545,10,-0.58,25065,8,0.192,21340,7,34.305,15408,5,-3.643,30295,9,-0.621,28419,9,0.7,5756,2,1644,258,604,873
E01029964,Ipswich 009B,E07000202,Ipswich,11.727,22906,7,0.154,19646,6,0.091,20424,7,13.465,19455,6,-0.279,20539,7,-1.22,31355,10,11.112,29034,9,30.453,9036,3,0.253,19492,6,0.092,23041,7,-0.225,19833,6,0.219,17446,6,27.136,22726,7,-0.635,18766,6,0.417,8668,3,0.438,8632,3,1348,295,266,841
E01029965,Ipswich 009C,E07000202,Ipswich,6.798,28857,9,0.068,30282,9,0.066,26610,8,14.199,18794,6,-0.399,22330,7,-0.29,20986,7,8.791,31204,10,10.862,22912,7,0.101,30333,9,0.037,31904,10,-0.016,16678,5,0.205,19433,6,31.704,18031,6,-3.179,29035,9,-0.539,27033,9,0.249,11365,4,1507,234,523,854
E01029966,Ipswich 009D,E07000202,Ipswich,8.246,27156,9,0.081,28610,9,0.065,26924,8,13.954,19008,6,-0.294,20736,7,-0.761,27285,9,10.155,30012,9,26.654,11161,4,0.072,31964,10,0.099,22104,7,-0.305,21031,7,0.232,15745,5,31.119,18639,6,-2.018,24905,8,0.143,13031,4,0.69,5873,2,1617,218,549,973
E01029967,Ipswich 009E,E07000202,Ipswich,3.249,32515,10,0.062,30982,10,0.054,29690,9,8.575,24164,8,-0.729,26699,8,-1.435,32484,10,10.889,29287,9,1.35,33196,10,0.102,30285,9,0.042,31262,10,-0.731,26841,8,0.201,19895,6,35.231,14479,5,-3.509,29966,9,-0.978,32171,10,-0.967,30970,10,1408,242,627,651
E01029968,Ipswich 012A,E07000202,Ipswich,31.479,7596,3,0.294,9845,3,0.149,11388,4,49.334,3362,1,0.433,10495,4,0.843,5478,2,19.934,17125,6,41.904,4286,2,0.465,9340,3,0.22,12058,4,1.402,2009,1,0.335,6100,2,25.918,23881,8,2.094,8054,3,0.851,3522,2,0.236,11591,4,1573,340,236,1052
E01029969,Ipswich 012B,E07000202,Ipswich,30.264,8154,3,0.277,10736,4,0.167,9535,3,32.643,7905,3,0.938,5141,2,0.582,8479,3,27.991,8137,3,26.183,11433,4,0.469,9154,3,0.152,16607,5,0.442,10292,4,0.337,5934,2,36.886,12915,4,2.393,7236,3,0.178,12382,4,0.569,7144,3,1519,301,385,922
E01029970,Ipswich 012C,E07000202,Ipswich,19.726,14923,5,0.213,14720,5,0.138,12741,4,24.213,11792,4,0.295,12259,4,0.198,13842,5,21.563,14968,5,10.046,23713,8,0.37,13298,4,0.148,16928,6,0.034,15944,5,0.305,8251,3,32.032,17677,6,1.635,9457,3,-0.402,24293,8,-0.054,16540,5,1686,287,436,1062
E01029971,Ipswich 012D,E07000202,Ipswich,37.084,5432,2,0.393,5552,2,0.251,3681,2,48.01,3608,2,0.878,5685,2,0.585,8439,3,23.158,12985,4,4.884,29634,9,0.501,7988,3,0.32,7330,3,1.068,4030,2,0.376,3581,2,35.481,14248,5,1.406,10186,4,-0.515,26561,8,-0.761,28797,9,1526,337,379,886
E01029973,Ipswich 002A,E07000202,Ipswich,3.751,32088,10,0.065,30653,10,0.047,31088,10,6.489,26522,8,-0.513,23886,8,-1.058,30217,9,13.005,26750,8,5.404,29019,9,0.11,29768,9,0.035,32216,10,-0.958,29194,9,0.187,22004,7,34.274,15443,5,-1.641,23320,7,-0.653,28856,9,-0.34,21974,7,1461,221,567,819
E01029974,Ipswich 002B,E07000202,Ipswich,8.584,26731,8,0.112,24439,8,0.073,24852,8,10.15,22533,7,-0.221,19657,6,-0.568,24862,8,12.822,26987,8,16.968,17538,6,0.201,22947,7,0.058,28534,9,-1.021,29750,9,0.234,15584,5,29.113,20727,7,-0.404,17675,6,-0.04,16576,5,0.061,14461,5,1544,251,420,974
E01029975,Ipswich 002C,E07000202,Ipswich,14.609,19752,6,0.184,16864,5,0.085,21887,7,25.015,11354,4,0.103,14879,5,-0.107,18373,6,20.753,16017,5,4.42,30166,9,0.279,17911,6,0.135,18113,6,0.246,12905,4,0.292,9511,3,34.169,15532,5,1.015,11605,4,-0.709,29650,9,-0.44,23847,8,1327,324,329,748
E01029976,Ipswich 002D,E07000202,Ipswich,12.158,22411,7,0.155,19601,6,0.099,18854,6,23.475,12207,4,-0.355,21654,7,-0.27,20683,7,11.176,28954,9,8.894,24996,8,0.219,21685,7,0.098,22201,7,0.137,14447,5,0.289,9759,3,29.911,19918,6,-1.187,21293,7,-0.396,24184,8,-0.224,19833,6,1558,292,451,916
E01029977,Ipswich 002E,E07000202,Ipswich,6.434,29266,9,0.078,28933,9,0.068,25963,8,13.962,19003,6,-0.472,23347,7,-0.882,28605,9,10.275,29897,9,10.949,22826,7,0.13,28274,9,0.043,31024,10,-0.444,23166,7,0.245,14270,5,31.791,17926,6,-2.199,25615,8,-0.562,27465,9,0.287,10801,4,1529,252,464,918
E01029978,Ipswich 016A,E07000202,Ipswich,21.586,13453,4,0.232,13453,4,0.157,10518,4,40.646,5325,2,0.131,14491,5,0.197,13847,5,13.319,26353,8,7.958,26034,8,0.389,12445,4,0.147,17039,6,0.975,4736,2,0.334,6149,2,28.071,21806,7,-0.047,16068,5,-0.359,23386,7,-0.486,24635,8,1300,275,335,746
E01029979,Ipswich 016B,E07000202,Ipswich,48.651,2599,1,0.493,2682,1,0.278,2551,1,79.398,172,1,1.02,4468,2,0.838,5516,2,17.156,21069,7,6.527,27685,9,0.621,4154,2,0.417,4269,2,1.842,597,1,0.475,689,1,28.632,21240,7,0.993,11693,4,-0.765,30285,9,-0.057,16604,5,1570,402,317,902
E01029980,Ipswich 016C,E07000202,Ipswich,47.041,2936,1,0.509,2324,1,0.269,2875,1,65.487,935,1,0.987,4733,2,0.934,4647,2,22.61,13671,5,3.127,31533,10,0.639,3696,2,0.41,4433,2,1.641,1041,1,0.407,2213,1,33.731,15973,5,1.612,9533,3,-0.787,30530,10,-0.631,26947,8,1607,436,242,973
E01029981,Ipswich 016D,E07000202,Ipswich,11.199,23547,7,0.177,17504,6,0.087,21477,7,20.146,14265,5,-0.277,20506,7,-0.382,22251,7,11.946,28081,9,3.245,31402,10,0.364,13584,5,0.088,23532,7,-0.207,19557,6,0.289,9702,3,31.951,17745,6,-1.411,22315,7,-0.614,28314,9,-1.042,31576,10,1223,242,368,694
E01029982,Ipswich 016E,E07000202,Ipswich,34.383,6409,2,0.429,4409,2,0.204,6381,2,56.958,2041,1,0.709,7338,3,0.395,10983,4,15.88,22976,7,1.392,33174,10,0.533,6846,3,0.391,4956,2,1.265,2705,1,0.408,2184,1,32.091,17621,6,0.004,15833,5,-1.217,33212,10,-0.744,28572,9,1465,365,244,885
E01029983,Ipswich 016F,E07000202,Ipswich,13.442,20981,7,0.158,19289,6,0.094,19948,6,20.242,14190,5,-0.003,16464,5,-0.054,17582,6,9.958,30197,9,18.235,16594,5,0.258,19140,6,0.07,26387,8,0.084,15204,5,0.262,12416,4,27.132,22728,7,-1.073,20791,7,0.076,14273,5,-0.075,16971,6,1604,339,358,985
E01029984,Ipswich 010A,E07000202,Ipswich,28.47,9064,3,0.296,9760,3,0.178,8478,3,42.82,4779,2,0.661,7856,3,0.504,9484,3,20.335,16565,5,11.575,22203,7,0.447,10078,3,0.159,16021,5,0.7,7304,3,0.383,3205,1,31.687,18050,6,1.362,10350,4,-0.508,26438,8,0.29,10765,4,1628,348,355,1006
E01029985,Ipswich 010B,E07000202,Ipswich,27.901,9372,3,0.288,10176,4,0.158,10384,4,40.832,5282,2,0.445,10341,4,0.692,7126,3,23.251,12877,4,18.514,16383,5,0.495,8217,3,0.167,15425,5,1.136,3530,2,0.308,8012,3,28.068,21809,7,2.68,6518,2,-0.377,23788,8,0.807,4781,2,2623,503,421,1803
E01029986,Ipswich 010C,E07000202,Ipswich,44.828,3404,2,0.448,3820,2,0.265,3015,1,58.126,1863,1,1.16,3460,2,1.147,3013,1,22.124,14277,5,5.933,28362,9,0.535,6799,3,0.31,7693,3,1.552,1351,1,0.373,3722,2,31.495,18227,6,1.868,8708,3,-0.866,31315,10,-0.065,16761,5,1560,403,256,948
E01029987,Ipswich 010D,E07000202,Ipswich,41.254,4273,2,0.482,2954,1,0.259,3277,1,47.515,3719,2,1.314,2530,1,0.534,9074,3,16.609,21915,7,1.602,33032,10,0.683,2684,1,0.342,6538,2,0.751,6760,3,0.409,2166,1,30.522,19272,6,0.521,13554,5,-1.014,32383,10,-0.808,29392,9,1523,347,386,853
E01029988,Ipswich 010E,E07000202,Ipswich,41.289,4267,2,0.401,5272,2,0.229,4850,2,55.467,2278,1,0.862,5852,2,0.556,8819,3,29.305,7073,3,34.415,7149,3,0.664,3074,1,0.351,6191,2,1.251,2793,1,0.401,2466,1,22.69,26651,8,4.492,2935,1,0.45,8237,3,0.75,5280,2,2150,407,401,1447
E01029990,Ipswich 011B,E07000202,Ipswich,19.04,15463,5,0.2,15670,5,0.111,16670,5,18.266,15607,5,0.155,14154,5,-0.094,18180,6,11.056,29097,9,46.78,2930,1,0.325,15500,5,0.132,18403,6,0.034,15943,5,0.246,14138,5,23.709,25825,8,-0.157,16582,5,0.903,3059,1,0.537,7490,3,1481,298,242,1021
E01029991,Ipswich 011C,E07000202,Ipswich,8.909,26321,8,0.118,23623,7,0.073,24847,8,15.509,17720,6,-0.109,18015,6,-0.469,23495,7,10.351,29815,9,8.781,25113,8,0.175,24919,8,0.098,22256,7,-0.287,20764,7,0.248,13875,5,30.548,19245,6,-1.732,23708,8,-0.496,26218,8,-0.061,16685,5,1611,257,525,968
E01029992,Ipswich 011D,E07000202,Ipswich,14.293,20096,6,0.159,19169,6,0.095,19677,6,17.51,16151,5,0.014,16208,5,-0.051,17540,6,10.17,29995,9,28.954,9866,3,0.267,18633,6,0.093,22943,7,-0.236,19978,6,0.265,12052,4,25.584,24147,8,-0.727,19200,6,0.416,8683,3,0.288,10790,4,1329,238,367,838
E01029994,Ipswich 014B,E07000202,Ipswich,52.17,2000,1,0.534,1839,1,0.285,2299,1,84.177,82,1,1.135,3627,2,0.805,5834,2,19.737,17377,6,7.262,26814,8,0.715,2068,1,0.438,3744,2,1.969,393,1,0.494,487,1,28.104,21773,7,1.768,9021,3,-0.749,30089,9,0.024,15114,5,1622,358,294,1000
E01029995,Ipswich 014C,E07000202,Ipswich,10.613,24239,8,0.122,23176,7,0.069,25795,8,17.998,15779,5,-0.298,20801,7,-0.063,17729,6,6.778,32603,10,24.582,12338,4,0.166,25576,8,0.051,29727,9,-0.053,17213,6,0.252,13409,4,26.879,22970,7,-2.637,27265,9,0.264,10980,4,0.205,12092,4,1660,296,410,1041
E01029996,Ipswich 014D,E07000202,Ipswich,31.97,7386,3,0.359,6833,3,0.188,7614,3,57.33,1981,1,0.531,9290,3,0.615,8053,3,12.013,27999,9,12.674,21161,7,0.635,3801,2,0.151,16704,5,1.481,1626,1,0.379,3427,2,27.664,22214,7,-0.415,17720,6,-0.337,22947,7,0.16,12780,4,1649,338,395,1010
E01029997,Ipswich 004A,E07000202,Ipswich,7.405,28180,9,0.122,23096,7,0.085,21881,7,6.539,26465,8,-0.509,23837,8,-1.237,31480,10,11.883,28149,9,12.053,21744,7,0.119,29163,9,0.186,14148,5,-0.679,26281,8,0.172,24342,8,31.774,17942,6,-1.387,22195,7,-0.196,19926,6,-0.208,19534,6,1585,346,391,931
E01029998,Ipswich 004B,E07000202,Ipswich,32.836,7020,3,0.339,7673,3,0.195,7052,3,52.524,2756,1,0.785,6607,2,0.686,7204,3,22.397,13917,5,4.076,30522,10,0.485,8560,3,0.307,7854,3,1.268,2692,1,0.379,3435,2,38.588,11517,4,0.533,13506,5,-0.691,29413,9,-0.542,25565,8,1824,363,399,1110
E01029999,Ipswich 004C,E07000202,Ipswich,6.952,28696,9,0.113,24300,8,0.068,25950,8,4.764,28520,9,-0.473,23356,7,-1.114,30652,10,9.349,30733,10,22.352,13677,5,0.18,24514,8,0.067,27033,9,-0.73,26836,8,0.147,27891,9,29.125,20716,7,-1.823,24076,8,-0.005,15835,5,0.57,7135,3,1576,327,379,929
E01030000,Ipswich 004D,E07000202,Ipswich,9.686,25319,8,0.126,22730,7,0.07,25666,8,10.539,22181,7,-0.261,20251,6,-0.428,22906,7,10.066,30091,9,27.172,10835,4,0.184,24230,8,0.09,23344,7,-0.279,20626,7,0.189,21760,7,27.681,22193,7,-1.144,21090,7,0.455,8170,3,-0.037,16202,5,1606,358,274,1022
E01030001,Ipswich 004E,E07000202,Ipswich,22.613,12711,4,0.259,11767,4,0.185,7830,3,17.739,15974,5,0.655,7919,3,-0.034,17268,6,15.75,23153,7,13.765,20164,6,0.341,14674,5,0.207,12845,4,0.145,14336,5,0.226,16482,5,36.835,12956,4,-1.29,21749,7,-0.331,22798,7,0.271,11015,4,1803,356,531,999
E01030002,Ipswich 008A,E07000202,Ipswich,18.064,16306,5,0.219,14350,5,0.115,15993,5,21.09,13627,5,0.33,11807,4,-0.148,18974,6,14.977,24208,8,24.292,12505,4,0.252,19564,6,0.261,9852,3,0.367,11254,4,0.234,15536,5,26.549,23288,7,0.663,12958,4,0.175,12438,4,0.38,9435,3,2046,388,479,1292
E01030003,Ipswich 008B,E07000202,Ipswich,10.823,23992,8,0.139,21343,7,0.072,25065,8,13.92,19042,6,-0.012,16596,5,-0.718,26798,8,10.17,29996,9,26.753,11089,4,0.191,23696,8,0.132,18415,6,-0.292,20825,7,0.23,15950,5,25.377,24362,8,-0.695,19031,6,0.344,9751,3,0.241,11493,4,1735,339,458,1041
E01030004,Ipswich 008C,E07000202,Ipswich,5.898,29876,9,0.092,27219,9,0.046,31235,10,10.435,22274,7,-0.508,23812,8,-0.375,22160,7,9.558,30543,10,12.545,21285,7,0.157,26229,8,0.048,30286,9,-0.257,20304,7,0.185,22309,7,28.609,21259,7,-1.578,23032,7,-0.049,16794,5,-0.636,27021,9,1276,237,317,795
E01030005,Ipswich 008D,E07000202,Ipswich,13.801,20631,7,0.168,18250,6,0.085,21776,7,20.214,14216,5,0.079,15256,5,0.013,16585,5,14.112,25358,8,16.142,18182,6,0.255,19367,6,0.141,17528,6,0.366,11266,4,0.224,16783,5,29.426,20407,7,-0.034,16001,5,-0.137,18623,6,0.182,12444,4,2976,693,331,1998
E01030006,Ipswich 008E,E07000202,Ipswich,15.461,18820,6,0.208,15059,5,0.107,17347,6,13.787,19160,6,0.405,10852,4,-0.277,20790,7,13.303,26382,8,15.889,18391,6,0.263,18849,6,0.248,10476,4,-0.218,19716,6,0.222,17052,6,26.021,23789,8,0.239,14737,5,0.064,14478,5,-0.409,23246,7,1764,344,397,1083
E01030007,Ipswich 005A,E07000202,Ipswich,12.859,21593,7,0.181,17125,6,0.103,18172,6,9.186,23527,7,-0.318,21094,7,-0.097,18228,6,12.286,27650,9,23.568,12926,4,0.309,16316,5,0.089,23396,7,-0.184,19213,6,0.159,26326,8,27.119,22735,7,-0.228,16895,6,0.318,10181,4,-0.065,16753,5,2047,434,404,1314
E01030008,Ipswich 005B,E07000202,Ipswich,3.973,31881,10,0.054,31735,10,0.046,31294,10,2.336,31329,10,-1.231,31150,10,-0.818,27929,9,10.088,30072,9,25.037,12056,4,0.097,30585,10,0.043,31053,10,-1.64,32860,10,0.144,28221,9,30.771,19008,6,-1.936,24568,8,0.079,14209,5,0.663,6122,2,1339,193,466,785
E01030009,Ipswich 005C,E07000202,Ipswich,5.957,29804,9,0.067,30408,10,0.045,31407,10,4.415,28924,9,-0.904,28590,9,-0.601,25309,8,8.486,31443,10,35.255,6810,3,0.071,31996,10,0.054,29363,9,-0.933,28957,9,0.156,26657,8,25.334,24405,8,-1.359,22063,7,0.588,6428,2,0.466,8299,3,1446,208,484,835
E01030010,Ipswich 005D,E07000202,Ipswich,32.104,7327,3,0.329,8142,3,0.185,7824,3,29.57,9143,3,0.432,10506,4,0.97,4343,2,19.427,17820,6,44.18,3604,2,0.527,7050,3,0.319,7360,3,0.666,7656,3,0.279,10598,4,21.832,27320,9,2.354,7337,3,0.94,2739,1,0.085,14018,5,1997,362,421,1291
E01030011,Ipswich 005E,E07000202,Ipswich,2.811,32882,10,0.041,32784,10,0.036,32733,10,2.785,30813,10,-1.234,31168,10,-1.277,31706,10,14.021,25490,8,15.673,18564,6,0.065,32319,10,0.042,31262,10,-1.248,31273,10,0.142,28502,9,37.402,12477,4,-2.376,26306,8,-0.513,26537,8,0.707,5693,2,1543,233,627,807
E01030012,Ipswich 013A,E07000202,Ipswich,50.404,2300,1,0.47,3247,1,0.314,1470,1,58.458,1811,1,1.534,1548,1,1.135,3085,1,20.411,16474,5,5.284,29146,9,0.576,5417,2,0.357,6001,2,1.278,2629,1,0.416,1920,1,30.284,19529,6,1.63,9485,3,-0.5,26276,8,-0.692,27844,9,1199,229,311,729
E01030013,Ipswich 013B,E07000202,Ipswich,34.871,6217,2,0.384,5897,2,0.22,5347,2,55.234,2303,1,0.825,6203,2,0.527,9152,3,17.168,21052,7,5.455,28956,9,0.599,4752,2,0.286,8725,3,1.239,2874,1,0.401,2453,1,30.761,19022,6,0.639,13061,4,-0.987,32236,10,-0.067,16805,5,1512,320,402,855
E01030014,Ipswich 013C,E07000202,Ipswich,28.985,8800,3,0.341,7583,3,0.184,7935,3,57.771,1913,1,0.301,12187,4,-0.084,18032,6,18.862,18601,6,4.353,30248,9,0.456,9705,3,0.253,10251,4,1.608,1151,1,0.361,4392,2,32.747,16984,6,0.757,12575,4,-0.917,31729,10,-0.264,20544,7,1478,341,393,832
E01030015,Ipswich 013D,E07000202,Ipswich,9.135,26039,8,0.08,28684,9,0.077,23670,8,14.661,18405,6,-0.228,19768,6,0.091,15447,5,14.772,24484,8,9.543,24249,8,0.15,26747,8,0.019,33523,10,-0.572,24944,8,0.262,12433,4,36.152,13603,5,-1.478,22606,7,-0.368,23597,7,-0.184,19083,6,1194,206,416,662
E01030016,Ipswich 013E,E07000202,Ipswich,17.83,16513,5,0.22,14222,5,0.129,13968,5,28.764,9526,3,0.151,14204,5,0.025,16413,5,11.18,28946,9,9.336,24487,8,0.331,15200,5,0.164,15624,5,0.07,15395,5,0.342,5613,2,33.361,16376,5,-2.26,25862,8,-0.305,22243,7,-0.375,22591,7,1322,220,431,783
E01030017,Ipswich 015A,E07000202,Ipswich,42.046,4048,2,0.389,5706,2,0.261,3177,1,57.566,1946,1,0.936,5152,2,0.889,5076,2,25.818,10047,3,15.313,18852,6,0.629,3942,2,0.148,16983,6,1.73,803,1,0.338,5855,2,36.06,13687,5,2.009,8326,3,0.035,15029,5,-0.407,23217,7,1420,337,343,810
E01030018,Ipswich 015B,E07000202,Ipswich,53.567,1787,1,0.517,2137,1,0.335,1025,1,65.68,919,1,0.978,4815,2,1.173,2826,1,26.139,9761,3,6.915,27204,9,0.647,3475,2,0.271,9358,3,1.734,795,1,0.395,2688,1,33.959,15734,5,2.474,7006,3,-0.431,24892,8,-0.499,24839,8,1514,416,306,871
E01030019,Ipswich 015C,E07000202,Ipswich,11.008,23771,8,0.128,22499,7,0.085,21805,7,20.392,14088,5,-0.247,20047,6,-0.526,24282,8,16.18,22544,7,12.041,21759,7,0.252,19536,6,0.074,25788,8,-0.066,17401,6,0.278,10687,4,35.668,14063,5,-0.749,19303,6,-0.19,19773,6,-0.229,19925,6,1456,209,513,834
E01030020,Ipswich 015D,E07000202,Ipswich,13.004,21439,7,0.151,20047,6,0.097,19420,6,23.694,12050,4,-0.119,18175,6,-0.505,23989,8,19.828,17258,6,6.27,27959,9,0.262,18919,6,0.114,20311,7,0.051,15694,5,0.299,8793,3,37.614,12301,4,-0.015,15924,5,-0.512,26508,8,-0.426,23588,7,1392,212,520,778
E01030021,Ipswich 015E,E07000202,Ipswich,55.998,1465,1,0.533,1862,1,0.3,1838,1,71.554,513,1,1.129,3665,2,1.147,3010,1,37.913,2793,1,6.044,28223,9,0.672,2887,1,0.343,6487,2,2.119,236,1,0.388,2986,1,44.611,7609,3,3.404,4934,2,-0.803,30704,10,-0.09,17273,6,1384,357,265,839
E01030022,Ipswich 006A,E07000202,Ipswich,27.962,9325,3,0.248,12391,4,0.154,10829,4,32.963,7790,3,0.227,13154,4,0.721,6762,3,21.974,14467,5,45.337,3267,1,0.397,12078,4,0.178,14694,5,0.575,8688,3,0.324,6848,3,24.042,25548,8,2.793,6217,2,0.757,4507,2,0.919,3917,2,2131,410,310,1509
E01030023,Ipswich 006B,E07000202,Ipswich,44.1,3573,2,0.46,3483,2,0.195,7022,3,62.505,1269,1,0.449,10299,4,1.346,1877,1,24.27,11720,4,41.363,4463,2,0.732,1754,1,0.33,6956,3,1.076,3976,2,0.473,713,1,22.773,26588,8,3.47,4802,2,0.659,5596,2,0.85,4433,2,1962,472,199,1352
E01030024,Ipswich 006C,E07000202,Ipswich,55.917,1477,1,0.442,4008,2,0.256,3440,2,77.958,220,1,0.994,4687,2,1.818,500,1,24.509,11428,4,53.539,1616,1,0.638,3711,2,0.487,2697,1,2.165,195,1,0.424,1649,1,21.156,27809,9,3.631,4472,2,0.899,3093,1,1.173,2470,1,2034,383,305,1401
E01030025,Ipswich 006D,E07000202,Ipswich,35.102,6142,2,0.299,9605,3,0.205,6365,2,40.893,5267,2,0.668,7785,3,0.859,5330,2,20.959,15729,5,47.19,2832,1,0.39,12406,4,0.222,11924,4,1.158,3366,1,0.305,8330,3,21.212,27772,9,2.78,6258,2,0.893,3137,1,0.612,6658,2,1878,299,346,1330
E01030026,Ipswich 006E,E07000202,Ipswich,27.538,9581,3,0.334,7916,3,0.148,11510,4,29.597,9133,3,0.471,10028,3,0.514,9333,3,17.825,20127,6,35.948,6500,2,0.489,8427,3,0.274,9201,3,0.54,9087,3,0.298,8918,3,25.055,24668,8,1.638,9444,3,0.523,7235,3,0.711,5659,2,1964,487,218,1298
E01030027,Ipswich 003A,E07000202,Ipswich,17.722,16626,5,0.176,17594,6,0.093,20001,6,26.27,10714,4,-0.025,16815,5,0.355,11517,4,23.333,12782,4,22.11,13848,5,0.301,16739,5,0.103,21575,7,0.208,13444,4,0.307,8136,3,28.039,21843,7,2.706,6458,2,0.019,15349,5,0.494,7981,3,2062,439,346,1372
E01030028,Ipswich 003B,E07000202,Ipswich,24.344,11527,4,0.265,11429,4,0.146,11750,4,41.264,5165,2,0.348,11560,4,0.07,15760,5,21.141,15478,5,17.578,17071,6,0.447,10085,3,0.123,19374,6,0.943,5013,2,0.344,5487,2,34.788,14911,5,0.997,11677,4,-0.353,23266,7,0.692,5852,2,1747,375,376,1071
E01030029,Ipswich 003C,E07000202,Ipswich,38.225,5087,2,0.407,5077,2,0.21,5981,2,54.956,2345,1,0.892,5537,2,0.936,4630,2,21.826,14644,5,13.94,20029,6,0.649,3418,2,0.173,15019,5,1.259,2748,1,0.396,2641,1,30.919,18864,6,1.891,8638,3,-0.298,22107,7,0.238,11544,4,1667,404,354,982
E01030030,Ipswich 003D,E07000202,Ipswich,23.752,11947,4,0.279,10611,4,0.138,12744,4,35.222,6989,3,0.433,10494,4,0.061,15879,5,21.585,14942,5,17.259,17303,6,0.463,9395,3,0.182,14443,5,0.803,6271,2,0.312,7705,3,31.519,18203,6,1.725,9159,3,-0.054,16878,6,0.13,13270,4,2186,469,391,1431
E01030031,Ipswich 003E,E07000202,Ipswich,51.267,2155,1,0.477,3079,1,0.339,976,1,58.535,1796,1,1.511,1628,1,0.004,16717,5,29.338,7044,3,14.228,19759,6,0.724,1891,1,0.437,3771,2,1.319,2424,1,0.411,2072,1,37.232,12618,4,2.67,6543,2,-0.875,31387,10,0.817,4702,2,1502,314,318,958
E01030032,Ipswich 001A,E07000202,Ipswich,35.388,6026,2,0.412,4931,2,0.201,6631,2,52.893,2685,1,0.652,7956,3,0.647,7654,3,25.844,10026,3,4.597,29960,9,0.549,6277,2,0.39,4988,2,1.111,3713,2,0.403,2390,1,31.962,17738,6,2.743,6357,2,-0.801,30670,10,-0.312,21462,7,1501,383,237,894
E01030033,Ipswich 001B,E07000202,Ipswich,4.682,31247,10,0.072,29729,9,0.057,28939,9,9.694,23007,7,-0.511,23867,8,-1.007,29803,9,14.244,25195,8,3.04,31630,10,0.157,26264,8,0.038,31866,10,-1.229,31174,10,0.235,15480,5,37.152,12673,4,-2.142,25400,8,-0.937,31889,10,-0.487,24650,8,1495,244,519,838
E01030034,Ipswich 001C,E07000202,Ipswich,7.378,28209,9,0.054,31785,10,0.051,30231,9,18.511,15418,5,-0.492,23618,7,-0.863,28402,9,22.286,14066,5,11.048,22738,7,0.114,29512,9,0.034,32329,10,-0.435,23036,7,0.292,9519,3,43.548,8140,3,-0.723,19183,6,-0.344,23082,7,-0.029,16069,5,1407,134,675,731
E01030035,Ipswich 001D,E07000202,Ipswich,41.704,4154,2,0.434,4244,2,0.23,4788,2,64.492,1048,1,0.742,7015,3,1.072,3497,2,24.923,10973,4,4.82,29700,9,0.628,3959,2,0.281,8926,3,1.475,1646,1,0.425,1614,1,35.497,14230,5,1.875,8685,3,-0.706,29602,9,-0.374,22564,7,1944,453,376,1172
E01030036,Ipswich 001E,E07000202,Ipswich,39.894,4601,2,0.417,4762,2,0.234,4565,2,57.317,1984,1,1.061,4148,2,0.612,8093,3,26.22,9685,3,3.661,30970,10,0.541,6552,2,0.39,4989,2,1.412,1954,1,0.39,2901,1,35.354,14378,5,2.245,7630,3,-0.678,29221,9,-0.675,27595,9,1972,472,460,1129
E01033122,Ipswich 012F,E07000202,Ipswich,48.882,2552,1,0.492,2699,1,0.253,3590,2,68.555,707,1,1.151,3518,2,0.946,4548,2,28.554,7683,3,13.277,20624,7,0.693,2492,1,0.394,4889,2,2.213,154,1,0.357,4620,2,26.921,22934,7,4.005,3736,2,-0.52,26671,8,0.481,8141,3,2321,613,156,1555
E01033123,Ipswich 011E,E07000202,Ipswich,27.081,9840,3,0.304,9361,3,0.167,9531,3,34.178,7352,3,0.271,12568,4,0.563,8724,3,17.212,20973,7,31.214,8679,3,0.49,8398,3,0.188,14024,5,0.86,5746,2,0.294,9236,3,24.995,24728,8,1.473,9960,3,0.412,8739,3,0.534,7538,3,1761,343,308,1183
E01033124,Ipswich 007F,E07000202,Ipswich,29.925,8318,3,0.255,11971,4,0.141,12382,4,43.338,4649,2,0.746,6974,3,1.111,3239,1,20.249,16684,5,30.009,9255,3,0.975,109,1,0.482,2805,1,1.609,1150,1,0.226,16525,5,21.176,27793,9,2.612,6679,2,-0.043,16638,5,1.353,1791,1,1055,47,106,964
E01033125,Ipswich 007G,E07000202,Ipswich,42.188,4017,2,0.367,6538,2,0.228,4897,2,42.698,4801,2,1.085,3973,2,1.468,1366,1,22.015,14411,5,41.009,4589,2,0.467,9253,3,0.479,2849,1,1.336,2334,1,0.288,9843,3,19.074,29178,9,3.182,5380,2,0.556,6829,3,1.09,2884,1,1443,206,192,1103
E01033126,Ipswich 011F,E07000202,Ipswich,16.326,17902,6,0.159,19242,6,0.078,23504,7,29.238,9290,3,-0.355,21647,7,0.628,7888,3,23.85,12203,4,15.212,18939,6,0.397,12081,4,0.186,14178,5,1.043,4213,2,0.206,19327,6,24.832,24871,8,3.19,5366,2,-0.926,31816,10,0.926,3881,2,1905,280,152,1489
E01033127,Ipswich 014E,E07000202,Ipswich,22.041,13111,4,0.268,11219,4,0.118,15570,5,39.067,5743,2,0.803,6417,2,-0.243,20316,7,16.498,22094,7,5.021,29457,9,0.4,11991,4,0.184,14248,5,1.333,2355,1,0.251,13556,5,32.976,16744,5,0.018,15769,5,-1.468,33626,10,-0.038,16225,5,1658,340,266,1108
E01033128,Ipswich 014F,E07000202,Ipswich,20.172,14572,5,0.231,13501,4,0.151,11151,4,18.194,15660,5,0.707,7363,3,0.278,12624,4,15.884,22967,7,2.999,31665,10,0.288,17406,6,0.217,12215,4,0.06,15567,5,0.242,14575,5,29.893,19934,6,0.415,13981,5,-1.041,32531,10,-0.43,23668,8,1186,240,224,773
E01033129,Ipswich 007H,E07000202,Ipswich,51.025,2191,1,0.442,4011,2,0.266,2993,1,57.077,2018,1,1.296,2633,1,1.854,452,1,20.619,16202,5,37.358,5941,2,0.662,3129,1,0.456,3309,1,1.5,1549,1,0.374,3666,2,20.657,28177,9,2.742,6361,2,0.347,9717,3,1.255,2145,1,1718,317,156,1285
E01033130,Ipswich 012G,E07000202,Ipswich,53.554,1790,1,0.454,3668,2,0.253,3563,2,65.219,964,1,0.995,4680,2,1.93,350,1,27.238,8730,3,45.775,3163,1,0.781,1061,1,0.447,3546,2,1.526,1442,1,0.422,1697,1,23.528,25976,8,4.023,3703,2,0.702,5090,2,1.124,2713,1,1150,175,152,878
E01033131,Ipswich 014G,E07000202,Ipswich,42.827,3875,2,0.459,3533,2,0.254,3520,2,59.415,1668,1,1.049,4236,2,0.88,5149,2,20.38,16509,5,5.55,28851,9,0.588,5080,2,0.369,5612,2,1.322,2409,1,0.416,1899,1,31.975,17725,6,1.322,10500,4,-1.166,33075,10,-0.003,15593,5,1799,502,273,1073
E01030037,Mid Suffolk 005A,E07000203,Mid Suffolk,13.345,21084,7,0.106,25257,8,0.067,26312,8,11.615,21164,7,-0.659,25854,8,-1.4,32340,10,37.544,2909,1,35.047,6886,3,0.171,25196,8,0.093,22889,7,-0.282,20687,7,0.203,19718,6,72.815,1378,1,-1.835,24118,8,0.803,4033,2,-0.453,24053,8,1217,192,431,729
E01030038,Mid Suffolk 005B,E07000203,Mid Suffolk,12.272,22270,7,0.104,25562,8,0.068,25948,8,13.78,19175,6,-0.603,25131,8,-1.076,30363,9,37.567,2898,1,20.275,15111,5,0.255,19346,6,0.07,26491,8,-0.038,16981,6,0.202,19811,6,74.287,1205,1,-2.467,26646,8,0.287,10613,4,-0.497,24810,8,1196,143,491,703
E01030039,Mid Suffolk 002A,E07000203,Mid Suffolk,18.405,16002,5,0.103,25663,8,0.08,23123,7,21.868,13125,4,-0.907,28622,9,-1.13,30765,10,47.822,547,1,39.807,5009,2,0.246,19943,6,0.06,28258,9,0.512,9424,3,0.221,17261,6,84.507,246,1,-2.34,26155,8,0.908,3011,1,-0.345,22060,7,1449,194,561,824
E01030040,Mid Suffolk 004A,E07000203,Mid Suffolk,15.54,18730,6,0.136,21641,7,0.066,26499,8,12.08,20721,7,-0.702,26391,8,-0.974,29542,9,45.452,899,1,29.153,9751,3,0.321,15686,5,0.078,25198,8,-0.19,19301,6,0.199,20278,7,82.369,394,1,-2.413,26452,8,0.643,5787,2,-0.577,26156,8,1310,170,522,753
E01030041,Mid Suffolk 011A,E07000203,Mid Suffolk,13.966,20443,7,0.106,25192,8,0.07,25665,8,14.699,18384,6,-0.363,21771,7,-0.861,28387,9,40.101,2089,1,22.862,13307,4,0.203,22796,7,0.065,27382,9,0.149,14274,5,0.19,21696,7,77.87,816,1,-2.847,28012,9,0.389,9097,3,-0.452,24044,8,2383,327,911,1370
E01030042,Mid Suffolk 012A,E07000203,Mid Suffolk,11.293,23419,7,0.087,27795,9,0.08,23119,7,14.151,18837,6,-0.692,26269,8,-0.614,25480,8,31.056,5946,2,19.843,15407,5,0.186,24025,8,0.058,28626,9,0.147,14300,5,0.182,22735,7,59.82,3251,1,-1.083,20834,7,-0.091,17638,6,0.485,8089,3,1770,255,642,1024
E01030043,Mid Suffolk 011B,E07000203,Mid Suffolk,9.623,25408,8,0.122,23107,7,0.066,26437,8,12.287,20538,7,-0.451,23066,7,-0.907,28837,9,28.767,7494,3,5.262,29172,9,0.197,23216,7,0.12,19708,6,-0.023,16770,5,0.181,22902,7,53.14,4607,2,-0.594,18546,6,-0.879,31431,10,-0.148,18357,6,2664,545,384,1829
E01030044,Mid Suffolk 012B,E07000203,Mid Suffolk,16.377,17840,6,0.151,20010,6,0.098,19134,6,21.359,13463,4,0.211,13366,4,-0.379,22223,7,33.169,4738,2,5.196,29257,9,0.206,22564,7,0.148,16964,6,0.355,11417,4,0.239,14953,5,54.738,4265,2,0.547,13448,4,-0.852,31171,10,-0.175,18904,6,1372,216,534,722
E01030045,Mid Suffolk 012C,E07000203,Mid Suffolk,7.967,27509,9,0.099,26179,8,0.056,29011,9,9.475,23228,7,-0.403,22395,7,-0.547,24562,8,25.176,10684,4,6.643,27536,9,0.179,24565,8,0.06,28162,9,-0.603,25331,8,0.205,19466,6,49.605,5592,2,-1.181,21269,7,-0.662,28993,9,-0.134,18088,6,1740,250,589,1013
E01030046,Mid Suffolk 012D,E07000203,Mid Suffolk,10.968,23819,8,0.091,27262,9,0.06,28181,9,8.337,24425,8,-0.647,25697,8,-1.145,30861,10,35.129,3841,2,28.332,10185,4,0.151,26683,8,0.073,25923,8,-0.569,24899,8,0.188,21911,7,69.213,1843,1,-1.727,23691,8,0.459,8107,3,0.093,13870,5,1732,247,615,983
E01030047,Mid Suffolk 012E,E07000203,Mid Suffolk,14.225,20159,6,0.154,19741,6,0.083,22285,7,16.936,16601,5,0.073,15346,5,-0.661,26060,8,27.062,8884,3,18.262,16566,5,0.275,18169,6,0.118,19882,6,0.149,14266,5,0.217,17792,6,48.842,5862,2,-0.301,17195,6,-0.106,17942,6,0.35,9875,3,1216,201,356,742
E01030048,Mid Suffolk 007A,E07000203,Mid Suffolk,12.094,22498,7,0.118,23606,7,0.075,24354,8,8.016,24769,8,-1.023,29664,9,-1.176,31083,10,29.23,7126,3,39.317,5171,2,0.175,24911,8,0.096,22474,7,-0.42,22825,7,0.17,24592,8,62.021,2913,1,-2.563,27006,9,0.946,2693,1,-0.846,29824,9,2468,428,901,1330
E01030049,Mid Suffolk 004B,E07000203,Mid Suffolk,13.019,21426,7,0.147,20454,7,0.074,24443,8,9.284,23421,7,-0.951,29043,9,-1.096,30522,10,35.396,3709,2,28.552,10070,3,0.303,16644,5,0.078,25206,8,-0.45,23250,7,0.19,21578,7,72.533,1410,1,-3.055,28650,9,0.487,7729,3,0.034,14963,5,1953,326,618,1185
E01030050,Mid Suffolk 004C,E07000203,Mid Suffolk,6.357,29350,9,0.091,27281,9,0.058,28662,9,9.054,23655,8,-0.731,26732,8,-0.706,26646,8,23.584,12488,4,1.798,32874,10,0.142,27401,9,0.055,29104,9,-0.289,20782,7,0.17,24634,8,55.567,4094,2,-5.177,32728,10,-0.829,30963,10,-1.064,31706,10,2492,511,550,1545
E01030051,Mid Suffolk 006A,E07000203,Mid Suffolk,17.61,16733,5,0.221,14151,5,0.125,14525,5,26.287,10699,4,-0.252,20119,6,-0.181,19472,6,25.93,9948,3,3.34,31305,10,0.418,11194,4,0.162,15837,5,0.289,12296,4,0.298,8895,3,58.635,3454,2,-3.987,31050,10,-0.775,30409,10,-0.59,26360,8,2024,353,622,1182
E01030052,Mid Suffolk 001A,E07000203,Mid Suffolk,17.577,16762,5,0.181,17171,6,0.118,15539,5,23.399,12249,4,-0.366,21820,7,-0.694,26493,8,26.778,9161,3,28.978,9856,3,0.271,18358,6,0.155,16362,5,0.297,12208,4,0.269,11644,4,51.143,5138,2,-0.892,19982,6,0.628,5964,2,-0.515,25112,8,2272,359,876,1202
E01030053,Mid Suffolk 003A,E07000203,Mid Suffolk,18.686,15779,5,0.121,23234,7,0.097,19348,6,13.787,19162,6,-0.692,26260,8,-1.287,31762,10,46.03,810,1,42.031,4243,2,0.182,24324,8,0.102,21695,7,-0.19,19309,6,0.22,17413,6,80.161,569,1,-1.053,20704,7,0.992,2350,1,-0.588,26325,8,2313,272,1018,1288
E01030054,Mid Suffolk 002B,E07000203,Mid Suffolk,12.884,21558,7,0.081,28652,9,0.073,24721,8,9.268,23437,7,-0.615,25287,8,-1.664,33145,10,37.877,2810,1,35.781,6570,2,0.166,25562,8,0.056,28847,9,-0.416,22777,7,0.187,22057,7,75.498,1066,1,-2.959,28356,9,0.833,3705,2,-0.558,25859,8,1433,187,552,841
E01030055,Mid Suffolk 002C,E07000203,Mid Suffolk,16.284,17952,6,0.119,23547,7,0.073,24887,8,12.59,20225,6,-0.686,26179,8,-0.861,28374,9,43.299,1317,1,39.136,5239,2,0.161,25953,8,0.092,23091,7,-0.293,20850,7,0.216,17937,6,79.275,654,1,-1.873,24290,8,0.941,2737,1,-0.827,29634,9,1535,243,515,910
E01030056,Mid Suffolk 006B,E07000203,Mid Suffolk,18.311,16079,5,0.176,17574,6,0.108,17189,6,25.407,11151,4,-0.415,22567,7,-0.431,22962,7,35.105,3852,2,20.697,14814,5,0.316,15924,5,0.11,20762,7,0.706,7252,3,0.228,16246,5,68.09,2009,1,-1.369,22102,7,0.153,12838,4,0.029,15043,5,2412,388,842,1381
E01030057,Mid Suffolk 007B,E07000203,Mid Suffolk,15.413,18869,6,0.074,29472,9,0.052,30072,9,7.315,25570,8,-1.294,31504,10,-1.254,31577,10,44.688,1054,1,55.222,1413,1,0.101,30308,9,0.068,26787,8,-0.388,22361,7,0.156,26708,8,82.28,398,1,-2.895,28162,9,1.171,1276,1,0.219,11850,4,2328,343,809,1415
E01030058,Mid Suffolk 001B,E07000203,Mid Suffolk,16.684,17574,6,0.086,28014,9,0.065,26807,8,10.986,21754,7,-1.004,29527,9,-0.951,29281,9,48.427,481,1,45.519,3223,1,0.109,29845,9,0.077,25371,8,-0.121,18226,6,0.176,23658,8,84.382,252,1,-1.937,24574,8,1.081,1765,1,-0.669,27510,9,2096,289,875,1171
E01030059,Mid Suffolk 005C,E07000203,Mid Suffolk,16.673,17584,6,0.104,25453,8,0.097,19353,6,15.95,17350,6,-0.695,26293,8,-0.787,27538,9,40.996,1860,1,35.935,6507,2,0.174,24980,8,0.071,26255,8,0.227,13149,4,0.194,21058,7,78.309,758,1,-2.605,27155,9,0.839,3649,2,-0.574,26111,8,2402,356,872,1365
E01030060,Mid Suffolk 010A,E07000203,Mid Suffolk,13.106,21333,7,0.167,18394,6,0.093,20118,6,15.612,17641,6,-0.31,20988,7,-0.589,25130,8,25.5,10374,4,11.476,22303,7,0.379,12902,4,0.11,20720,7,-0.101,17946,6,0.231,15922,5,48.017,6172,2,-0.644,18815,6,-0.333,22851,7,0.006,15437,5,1555,200,522,1002
E01030061,Mid Suffolk 011C,E07000203,Mid Suffolk,21.07,13870,5,0.243,12733,4,0.151,11154,4,29.209,9313,3,0.217,13280,4,-0.234,20198,6,21.489,15060,5,13.252,20647,7,0.342,14645,5,0.198,13367,4,0.691,7395,3,0.272,11329,4,43.014,8429,3,-0.875,19906,6,-0.139,18647,6,-0.185,19092,6,1703,250,614,982
E01030062,Mid Suffolk 011D,E07000203,Mid Suffolk,6.529,29165,9,0.076,29280,9,0.059,28281,9,10.581,22139,7,-0.605,25150,8,-1.103,30572,10,22.025,14401,5,9.758,24015,8,0.143,27333,9,0.051,29786,9,-0.471,23545,7,0.208,18987,6,45.131,7351,3,-1.272,21667,7,-0.262,21334,7,-0.416,23393,7,1456,207,511,853
E01030063,Mid Suffolk 009A,E07000203,Mid Suffolk,12.008,22585,7,0.117,23802,8,0.075,24222,8,10.689,22034,7,-0.373,21925,7,-0.894,28720,9,34.983,3899,2,14.587,19455,6,0.161,25961,8,0.091,23118,7,-0.252,20205,6,0.188,21919,7,66.73,2194,1,-1.063,20744,7,0.092,13943,5,-0.933,30706,10,2825,510,899,1590
E01030064,Mid Suffolk 001C,E07000203,Mid Suffolk,12.548,21943,7,0.092,27156,9,0.079,23316,7,11.515,21261,7,-1.039,29792,9,-0.386,22312,7,32.12,5327,2,33.374,7661,3,0.136,27854,9,0.069,26703,8,-0.434,23027,7,0.216,17867,6,65.308,2403,1,-1.978,24736,8,0.761,4474,2,-0.486,24624,8,2458,350,947,1379
E01030065,Mid Suffolk 006C,E07000203,Mid Suffolk,15.979,18261,6,0.113,24265,8,0.079,23396,7,13.91,19056,6,-0.925,28806,9,-1.237,31477,10,43.878,1205,1,37.139,6024,2,0.216,21912,7,0.066,27189,9,0.032,15965,5,0.195,20823,7,82.092,411,1,-3.439,29780,9,0.871,3330,1,-0.601,26511,8,2286,329,889,1296
E01030066,Mid Suffolk 002D,E07000203,Mid Suffolk,17.807,16532,5,0.14,21151,7,0.101,18602,6,21.644,13255,4,-0.758,27025,9,-1.187,31154,10,39.763,2190,1,34.422,7145,3,0.225,21300,7,0.101,21892,7,0.451,10188,4,0.228,16312,5,74.681,1166,1,-1.448,22479,7,0.836,3675,2,-1.125,32133,10,1645,244,720,848
E01030067,Mid Suffolk 002E,E07000203,Mid Suffolk,15.466,18812,6,0.101,25855,8,0.065,26796,8,17.201,16369,5,-1.036,29765,9,-0.927,29024,9,35.441,3691,2,50.344,2173,1,0.193,23556,7,0.068,26835,8,0.265,12642,4,0.204,19589,6,70.404,1691,1,-1.975,24719,8,1.125,1522,1,-0.116,17796,6,1312,200,435,770
E01030068,Mid Suffolk 002F,E07000203,Mid Suffolk,16.635,17623,6,0.131,22124,7,0.079,23401,7,17.078,16483,5,-0.747,26903,8,-1.38,32248,10,39.09,2395,1,42.448,4104,2,0.213,22084,7,0.115,20229,6,0.114,14764,5,0.223,16979,6,75.015,1135,1,-1.883,24339,8,1.006,2234,1,-0.66,27377,9,1839,273,621,1100
E01030069,Mid Suffolk 009B,E07000203,Mid Suffolk,12.779,21681,7,0.05,32090,10,0.069,25780,8,12.741,20108,6,-0.902,28573,9,-0.626,25622,8,42.476,1497,1,26.822,11046,4,0.052,32887,10,0.047,30498,10,-0.224,19821,6,0.211,18620,6,76.256,971,1,-0.931,20163,6,0.615,6114,2,-1.224,32651,10,1529,201,680,875
E01030070,Mid Suffolk 011E,E07000203,Mid Suffolk,10.699,24146,8,0.044,32588,10,0.023,33556,10,7.495,25359,8,-0.899,28529,9,-2.463,33736,10,47.859,542,1,18.412,16468,5,0.103,30203,9,0.061,28094,9,-0.663,26090,8,0.184,22529,7,80.905,513,1,-0.613,18652,6,0.297,10465,4,-1.805,33692,10,2037,349,263,1441
E01030071,Mid Suffolk 010B,E07000203,Mid Suffolk,18.628,15828,5,0.132,21985,7,0.107,17467,6,18.432,15485,5,0.118,14673,5,0.886,5106,2,15.316,23753,8,37.116,6039,2,0.195,23349,7,0.075,25591,8,0.086,15159,5,0.242,14651,5,32.017,17687,6,-0.159,16589,5,0.704,5066,2,0.292,10736,4,1504,202,474,938
E01030072,Mid Suffolk 009C,E07000203,Mid Suffolk,12.917,21531,7,0.152,19932,6,0.094,19869,6,20.53,13993,5,-0.466,23258,7,0.103,15270,5,22.734,13515,5,3.111,31549,10,0.283,17718,6,0.08,24795,8,0.21,13420,4,0.25,13712,5,35.378,14350,5,1.321,10509,4,-0.671,29114,9,-0.88,30181,9,1666,262,541,969
E01030073,Mid Suffolk 008A,E07000203,Mid Suffolk,19.47,15124,5,0.221,14147,5,0.165,9748,3,19.904,14444,5,0.175,13879,5,0.449,10244,4,12.877,26914,8,7.925,26080,8,0.346,14445,5,0.16,15973,5,-0.019,16724,5,0.269,11627,4,30.415,19400,6,-0.64,18794,6,-0.335,22886,7,-0.569,26032,8,1571,214,698,800
E01030075,Mid Suffolk 009D,E07000203,Mid Suffolk,3.221,32537,10,0.058,31394,10,0.052,30033,9,7.623,25226,8,-0.892,28460,9,-1.371,32210,10,15.298,23774,8,0.373,33695,10,0.072,31970,10,0.055,29058,9,-0.481,23698,8,0.171,24526,8,38.126,11888,4,-1.955,24638,8,-1.319,33433,10,-1.229,32682,10,2136,458,371,1401
E01030076,Mid Suffolk 010D,E07000203,Mid Suffolk,16.755,17510,6,0.169,18190,6,0.1,18798,6,28.364,9687,3,0.072,15371,5,-0.176,19398,6,22.569,13724,5,17.387,17225,6,0.292,17222,6,0.104,21466,7,0.746,6810,3,0.254,13249,4,33.569,16149,5,1.634,9463,3,-0.194,19861,6,0.422,8849,3,1642,298,367,1083
E01030077,Mid Suffolk 008B,E07000203,Mid Suffolk,32.226,7281,3,0.35,7195,3,0.224,5096,2,34.594,7210,3,0.955,4997,2,0.665,7424,3,18.823,18657,6,5.157,29308,9,0.485,8583,3,0.299,8153,3,0.888,5488,2,0.294,9298,3,30.421,19392,6,1.174,11033,4,-0.776,30419,10,-0.24,20140,6,1548,303,475,842
E01030078,Mid Suffolk 010E,E07000203,Mid Suffolk,8.373,27010,9,0.117,23693,8,0.075,24181,8,15.645,17602,6,-0.56,24541,8,-1.334,32018,10,20.413,16467,5,5.077,29399,9,0.219,21735,7,0.056,28851,9,-0.29,20797,7,0.25,13685,5,41.108,9684,3,-0.714,19132,6,-0.876,31405,10,-0.175,18907,6,1596,206,464,1080
E01030079,Mid Suffolk 008C,E07000203,Mid Suffolk,47.092,2930,1,0.424,4560,2,0.279,2513,1,60.122,1558,1,1.355,2324,1,0.888,5085,2,32.647,5027,2,1.105,33356,10,0.596,4829,2,0.282,8896,3,1.521,1467,1,0.391,2846,1,44.397,7714,3,2.126,7946,3,-0.922,31781,10,-1.33,33033,10,1501,306,342,937
E01030080,Mid Suffolk 008D,E07000203,Mid Suffolk,17.408,16914,6,0.18,17196,6,0.121,15083,5,29.213,9310,3,0.048,15713,5,0.103,15264,5,19.396,17868,6,9.259,24564,8,0.304,16552,5,0.111,20629,7,0.462,10029,3,0.304,8365,3,38.165,11858,4,-0.295,17163,6,-0.167,19284,6,-1.079,31829,10,1654,266,485,995
E01030081,Mid Suffolk 005D,E07000203,Mid Suffolk,15.058,19267,6,0.19,16421,5,0.091,20410,7,21.32,13485,4,-0.473,23367,7,-0.576,24967,8,30.573,6253,2,10.683,23069,7,0.396,12160,4,0.118,19906,6,0.478,9812,3,0.22,17422,6,53.752,4476,2,-0.076,16218,5,-0.182,19613,6,-0.497,24819,8,2698,438,868,1582
E01030083,Mid Suffolk 007C,E07000203,Mid Suffolk,13.028,21415,7,0.091,27293,9,0.059,28463,9,8.575,24163,8,-0.975,29263,9,-1.093,30500,10,39.081,2401,1,40.841,4638,2,0.183,24310,8,0.056,28860,9,-0.412,22721,7,0.177,23512,7,75.901,1017,1,-2.391,26366,8,0.891,3157,1,-0.084,17143,6,2320,310,838,1390
E01030084,Mid Suffolk 004D,E07000203,Mid Suffolk,10.693,24153,8,0.196,15969,5,0.074,24539,8,8.861,23869,8,-0.884,28356,9,-0.692,26470,8,27.576,8456,3,4.97,29523,9,0.384,12688,4,0.051,29746,9,-0.213,19646,6,0.157,26500,8,61.262,3008,1,-3.674,30381,10,-0.591,27951,9,-0.522,25244,8,2075,379,689,1143
E01030085,Mid Suffolk 004E,E07000203,Mid Suffolk,9.867,25125,8,0.116,23918,8,0.089,20919,7,6.757,26210,8,-0.406,22425,7,-0.629,25664,8,27.477,8536,3,4.105,30498,10,0.181,24440,8,0.092,23012,7,-0.935,28983,9,0.19,21643,7,58.88,3418,2,-2.659,27343,9,-0.712,29707,9,-0.5,24870,8,1613,275,522,912
E01030086,Mid Suffolk 006D,E07000203,Mid Suffolk,11.718,22913,7,0.085,28087,9,0.066,26655,8,11.069,21674,7,-0.766,27128,9,-1.054,30191,9,41.879,1623,1,16.302,18074,6,0.124,28778,9,0.066,27261,9,0.017,16202,5,0.158,26395,8,80.096,577,1,-3.395,29656,9,0.057,14631,5,-0.305,21343,7,1194,186,392,731
E01030087,Mid Suffolk 007D,E07000203,Mid Suffolk,16.256,17986,6,0.113,24214,8,0.067,26230,8,13.835,19129,6,-0.667,25951,8,-0.8,27707,9,44.755,1040,1,37.49,5888,2,0.208,22413,7,0.081,24655,8,-0.173,19029,6,0.218,17595,6,83.52,308,1,-4.163,31411,10,0.91,2991,1,-1.028,31468,10,1326,188,477,822
E01030088,Mid Suffolk 001D,E07000203,Mid Suffolk,13.807,20626,7,0.104,25501,8,0.072,24961,8,14.423,18603,6,-0.786,27364,9,-1.614,33033,10,38.017,2751,1,34.717,7006,3,0.234,20762,7,0.054,29240,9,0.089,15127,5,0.194,20990,7,73.613,1285,1,-1.897,24399,8,0.822,3809,2,-0.741,28523,9,1250,187,473,712
E01030089,Mid Suffolk 006E,E07000203,Mid Suffolk,14.294,20094,6,0.146,20535,7,0.086,21654,7,22.277,12873,4,-0.088,17717,6,-0.812,27857,9,30.137,6497,2,10.587,23166,7,0.328,15335,5,0.063,27742,9,0.636,8022,3,0.205,19472,6,65.43,2383,1,-3.404,29685,9,-0.15,18906,6,-0.662,27409,9,2193,303,849,1230
E01030090,Mid Suffolk 003C,E07000203,Mid Suffolk,16.299,17934,6,0.092,27117,9,0.062,27649,9,11.794,20987,7,-1.158,30695,10,-1.533,32825,10,51.322,194,1,39.126,5247,2,0.163,25832,8,0.057,28739,9,-0.172,19021,6,0.193,21106,7,87.283,122,1,-1.68,23494,7,0.919,2902,1,-0.588,26324,8,2494,394,895,1435
E01033316,Mid Suffolk 010F,E07000203,Mid Suffolk,8.724,26555,8,0.121,23252,7,0.07,25678,8,11.303,21474,7,-0.152,18665,6,-0.484,23684,8,18.847,18619,6,4.513,30059,9,0.186,24053,8,0.098,22281,7,-0.075,17545,6,0.175,23892,8,38.411,11665,4,-0.547,18318,6,-1.325,33444,10,-0.112,17724,6,2007,439,284,1323
E01033317,Mid Suffolk 010G,E07000203,Mid Suffolk,17.973,16381,5,0.22,14244,5,0.115,16034,5,24.043,11884,4,-0.063,17351,6,0.133,14803,5,17.444,20654,7,22.056,13891,5,0.343,14571,5,0.146,17133,6,0.607,8327,3,0.23,16043,5,32.982,16739,5,0.297,14493,5,0,15725,5,0.529,7594,3,1791,364,269,1230
E01033319,Mid Suffolk 010H,E07000203,Mid Suffolk,6.453,29248,9,0.11,24663,8,0.057,28770,9,8.098,24666,8,-0.943,28971,9,-0.795,27637,9,22.532,13766,5,5.288,29139,9,0.161,25971,8,0.086,23927,8,-0.378,22249,7,0.167,25045,8,44.975,7443,3,-1,20466,7,-1.263,33330,10,-0.021,15922,5,2737,703,323,1763
E01034570,Mid Suffolk 003D,E07000203,Mid Suffolk,13.063,21384,7,0.115,24007,8,0.063,27229,9,12.229,20584,7,-0.987,29369,9,-1.332,32003,10,38.729,2513,1,32.232,8197,3,0.228,21115,7,0.08,24744,8,-0.48,23679,8,0.228,16300,5,71.501,1543,1,-0.869,19871,6,0.728,4814,2,-0.5,24864,8,1712,223,730,934
E01034571,Mid Suffolk 003E,E07000203,Mid Suffolk,16.978,17298,6,0.127,22561,7,0.086,21628,7,13.445,19469,6,-0.594,25019,8,-1.33,31995,10,45.197,946,1,33.465,7603,3,0.241,20269,7,0.082,24543,8,-0.48,23681,8,0.242,14618,5,75.925,1012,1,0.105,15362,5,0.763,4444,2,-0.487,24653,8,1076,145,419,635
E01029925,West Suffolk 015A,E07000245,West Suffolk,11.31,23403,7,0.124,22886,7,0.057,28845,9,13.455,19462,6,-0.919,28739,9,0.47,9968,3,13.051,26697,8,35.252,6813,3,0.23,20972,7,0.127,18995,6,-0.837,28034,9,0.263,12305,4,31.764,17955,6,-0.895,19995,6,0.593,6361,2,0.448,8505,3,1834,228,502,1231
E01029926,West Suffolk 002A,E07000245,West Suffolk,13.301,21131,7,0.076,29187,9,0.077,23716,8,36.06,6672,2,-0.159,18766,6,-1.458,32575,10,32.896,4885,2,1.486,33112,10,0.158,26162,8,0.047,30422,10,0.704,7268,3,0.334,6153,2,51.416,5062,2,0.985,11722,4,-1.097,32800,10,-0.779,29016,9,1682,189,763,900
E01029927,West Suffolk 002B,E07000245,West Suffolk,36.563,5606,2,0.319,8597,3,0.172,9028,3,59.955,1584,1,0.788,6571,2,0.799,5904,2,33.499,4564,2,19.634,15573,5,0.415,11316,4,0.277,9086,3,1.614,1129,1,0.375,3612,2,42.485,8761,3,2.705,6461,2,0.092,13958,5,0.059,14512,5,2520,582,572,1490
E01029928,West Suffolk 002C,E07000245,West Suffolk,20.675,14193,5,0.158,19313,6,0.108,17266,6,41.477,5118,2,-0.391,22213,7,-0.351,21820,7,37.821,2827,1,19.045,15980,5,0.204,22729,7,0.164,15661,5,1.156,3378,2,0.31,7869,3,55.514,4109,2,1.729,9145,3,0.291,10551,4,-0.875,30133,9,1818,295,495,1148
E01029929,West Suffolk 002D,E07000245,West Suffolk,26.032,10471,4,0.223,14037,5,0.155,10751,4,48.227,3564,2,0.211,13363,4,-0.077,17930,6,35.486,3670,2,7.048,27039,9,0.306,16470,5,0.221,11950,4,1.214,3027,1,0.356,4647,2,48.578,5959,2,2.136,7908,3,-0.395,24164,8,-0.574,26102,8,2195,356,722,1289
E01029930,West Suffolk 002E,E07000245,West Suffolk,16.214,18027,6,0.14,21201,7,0.089,20892,7,27.27,10236,4,-0.275,20478,7,-0.556,24694,8,37.43,2951,1,9.19,24645,8,0.303,16632,5,0.108,21028,7,0.06,15557,5,0.33,6383,2,54.376,4336,2,1.774,9005,3,-0.21,20215,6,-0.764,28829,9,1608,230,537,959
E01029937,West Suffolk 008A,E07000245,West Suffolk,11.75,22880,7,0.15,20124,6,0.079,23280,7,9.87,22815,7,-0.767,27131,9,-0.192,19626,6,28.239,7930,3,15.166,18986,6,0.244,20076,6,0.104,21424,7,-0.543,24559,8,0.205,19388,6,55.918,4013,2,-1.365,22089,7,-0.125,18373,6,0.039,14867,5,2357,448,662,1431
E01029938,West Suffolk 004A,E07000245,West Suffolk,38.634,4961,2,0.398,5380,2,0.204,6439,2,57.488,1957,1,0.754,6896,3,0.916,4834,2,31.791,5539,2,6.488,27720,9,0.547,6347,2,0.237,11060,4,1.374,2127,1,0.396,2630,1,42.409,8824,3,2.289,7512,3,-0.324,22659,7,-1.294,32913,10,1527,408,279,900
E01029939,West Suffolk 004B,E07000245,West Suffolk,6.225,29498,9,0.082,28536,9,0.053,29755,9,15.665,17585,6,-0.728,26688,8,-1.436,32490,10,22.607,13675,5,1.552,33073,10,0.151,26692,8,0.083,24297,8,-0.468,23508,7,0.265,12064,4,45.858,7006,3,-1.247,21549,7,-0.949,31975,10,-0.912,30496,10,1644,215,430,1113
E01029940,West Suffolk 004C,E07000245,West Suffolk,24.3,11550,4,0.298,9626,3,0.169,9324,3,30.906,8578,3,0.44,10416,4,-0.338,21642,7,26.328,9592,3,4.281,30318,9,0.433,10618,4,0.303,7995,3,0.342,11589,4,0.333,6174,2,43.054,8419,3,0.669,12933,4,-0.54,27057,9,-0.875,30140,9,1332,247,365,797
E01029941,West Suffolk 007A,E07000245,West Suffolk,14.107,20286,7,0.087,27847,9,0.061,27915,9,9.909,22780,7,-0.787,27373,9,-0.819,27937,9,43.695,1247,1,36.488,6283,2,0.112,29622,9,0.106,21191,7,-0.406,22632,7,0.194,20971,7,79.695,610,1,-1.91,24454,8,0.866,3368,1,-0.739,28491,9,1828,258,574,1148
E01029942,West Suffolk 001A,E07000245,West Suffolk,15.251,19044,6,0.12,23448,7,0.064,27039,9,26.298,10692,4,-0.585,24904,8,-0.396,22450,7,36.084,3445,2,26.856,11021,4,0.27,18463,6,0.072,26075,8,0.219,13282,4,0.306,8216,3,60.584,3136,1,0.472,13740,5,0.568,6664,2,-0.623,26844,8,1518,208,476,918
E01029944,West Suffolk 001B,E07000245,West Suffolk,19.724,14925,5,0.135,21743,7,0.091,20452,7,41.074,5222,2,-0.383,22104,7,-0.761,27283,9,40.436,2006,1,23.068,13184,4,0.286,17505,6,0.095,22661,7,0.992,4595,2,0.335,6086,2,64.053,2619,1,1.209,10913,4,0.454,8180,3,-0.828,29647,9,1676,209,605,995
E01029945,West Suffolk 003A,E07000245,West Suffolk,12.593,21892,7,0.117,23727,8,0.065,26818,8,17.596,16081,5,-0.827,27823,9,-0.288,20970,7,34.063,4292,2,18.761,16197,5,0.182,24365,8,0.082,24555,8,0.163,14076,5,0.223,17001,6,64.107,2612,1,-0.762,19366,6,0.101,13782,5,-0.078,17023,6,2460,471,611,1524
E01029946,West Suffolk 004D,E07000245,West Suffolk,24.067,11721,4,0.236,13163,4,0.129,13948,5,43.298,4663,2,0.357,11447,4,0.541,9003,3,26.654,9287,3,3.772,30854,10,0.35,14254,5,0.222,11926,4,1.089,3863,2,0.338,5853,2,44.36,7731,3,0.498,13653,5,-0.692,29431,9,-0.614,26699,8,2138,399,557,1322
E01029947,West Suffolk 004E,E07000245,West Suffolk,15.556,18713,6,0.145,20609,7,0.09,20734,7,25.842,10934,4,-0.196,19305,6,0.586,8416,3,20.312,16597,5,13.534,20379,7,0.227,21172,7,0.136,18079,6,0.3,12172,4,0.293,9359,3,40.395,10180,4,-0.56,18384,6,-0.063,17048,6,-0.373,22556,7,2298,302,813,1363
E01029949,West Suffolk 015B,E07000245,West Suffolk,19.009,15488,5,0.264,11442,4,0.118,15567,5,23.581,12136,4,-0.127,18285,6,0.41,10777,4,20.353,16542,5,10.164,23599,7,0.408,11615,4,0.22,12021,4,0.217,13311,4,0.28,10500,4,36.477,13287,4,0.392,14071,5,-0.201,20038,6,-0.537,25490,8,1540,293,338,1007
E01029950,West Suffolk 015C,E07000245,West Suffolk,23.498,12124,4,0.272,10999,4,0.13,13859,5,37.7,6132,2,0.005,16339,5,0.83,5592,2,18.694,18841,6,13.432,20475,7,0.387,12546,4,0.292,8451,3,0.553,8941,3,0.363,4257,2,29.539,20291,7,1.283,10660,4,-0.132,18508,6,-0.176,18914,6,1835,380,332,1190
E01029951,West Suffolk 015D,E07000245,West Suffolk,6.249,29464,9,0.08,28748,9,0.056,29057,9,15.426,17783,6,-0.902,28565,9,-0.507,24030,8,17.545,20511,7,6.695,27462,9,0.116,29351,9,0.051,29824,9,-0.219,19739,6,0.241,14711,5,40.482,10121,3,-1.715,23637,8,-0.566,27534,9,-0.248,20264,7,1367,180,527,808
E01029952,West Suffolk 015E,E07000245,West Suffolk,11.28,23435,7,0.126,22767,7,0.077,23813,8,17.505,16155,5,-0.247,20051,6,-0.162,19195,6,16.735,21737,7,18.839,16141,5,0.243,20117,6,0.077,25352,8,-0.284,20713,7,0.269,11623,4,36.954,12853,4,-0.916,20086,6,0.056,14651,5,0.054,14594,5,1234,185,428,694
E01029953,West Suffolk 008B,E07000245,West Suffolk,13.875,20551,7,0.213,14743,5,0.081,22816,7,23.656,12084,4,-0.359,21703,7,-0.596,25232,8,21.482,15073,5,11.858,21941,7,0.31,16257,5,0.261,9860,3,0.089,15121,5,0.295,9165,3,42.458,8781,3,-0.715,19142,6,-0.145,18805,6,-0.396,23010,7,1371,248,266,931
E01029955,West Suffolk 008C,E07000245,West Suffolk,12.63,21854,7,0.154,19731,6,0.092,20323,7,17.137,16419,5,-0.43,22787,7,0.174,14192,5,16.918,21430,7,14.46,19555,6,0.284,17643,6,0.138,17825,6,-0.415,22760,7,0.276,10917,4,35.127,14572,5,-0.359,17448,6,-0.069,17180,6,-0.197,19317,6,1798,251,441,1186
E01029956,West Suffolk 008D,E07000245,West Suffolk,10.996,23791,8,0.155,19571,6,0.063,27258,9,17.132,16427,5,-0.55,24397,8,-0.456,23321,7,24.166,11836,4,12.596,21231,7,0.246,19900,6,0.11,20723,7,-0.391,22404,7,0.275,11099,4,47.31,6448,2,-0.969,20317,7,-0.27,21480,7,0.024,15112,5,1510,313,172,1085
E01029957,West Suffolk 007B,E07000245,West Suffolk,10.824,23987,8,0.078,29016,9,0.053,29827,9,7.952,24843,8,-0.974,29245,9,-1.095,30512,10,38.813,2492,1,29.063,9809,3,0.122,28882,9,0.058,28567,9,-0.431,22990,7,0.17,24555,8,75.38,1081,1,-2.253,25844,8,0.643,5792,2,-0.598,26455,8,2333,380,770,1360
E01030091,West Suffolk 011A,E07000245,West Suffolk,15.196,19113,6,0.13,22307,7,0.093,20114,6,12.094,20705,7,-0.111,18046,6,0.895,5033,2,5.27,33212,10,33.472,7600,3,0.24,20302,7,0.113,20451,7,-0.263,20406,7,0.207,19157,6,22.172,27069,9,-2.41,26440,8,0.425,8543,3,0.716,5608,2,1859,208,607,1168
E01030092,West Suffolk 014A,E07000245,West Suffolk,19.691,14948,5,0.183,16987,6,0.139,12648,4,16.275,17097,6,0.45,10292,4,0.751,6435,2,7.79,31974,10,23.636,12882,4,0.241,20236,6,0.161,15900,5,0.132,14515,5,0.211,18549,6,24.382,25265,8,-1.492,22666,7,0.3,10435,4,-0.007,15672,5,1474,175,472,932
E01030093,West Suffolk 011B,E07000245,West Suffolk,10.875,23923,8,0.129,22381,7,0.083,22335,7,16.158,17190,6,-0.473,23355,7,-0.215,19922,6,8.738,31236,10,25.78,11653,4,0.252,19552,6,0.089,23382,7,0.303,12134,4,0.185,22376,7,28.554,21315,7,-1.969,24702,8,0.275,10814,4,0.308,10461,4,1637,166,496,1049
E01030094,West Suffolk 006A,E07000245,West Suffolk,19.735,14912,5,0.139,21324,7,0.082,22587,7,21.675,13233,4,-0.417,22584,7,-0.627,25635,8,43.534,1272,1,42.31,4154,2,0.191,23685,8,0.111,20712,7,0.557,8900,3,0.211,18571,6,75.379,1082,1,-0.249,16983,6,1.028,2103,1,-1.028,31470,10,1440,264,425,883
E01030095,West Suffolk 005A,E07000245,West Suffolk,14.429,19944,6,0.098,26393,8,0.069,25833,8,16.246,17119,6,-0.896,28499,9,-0.902,28787,9,45.406,910,1,23.16,13139,4,0.146,27103,9,0.087,23719,8,0.21,13405,4,0.2,20123,6,75.391,1080,1,0.323,14384,5,0.484,7776,3,-1.25,32764,10,1208,152,502,663
E01030096,West Suffolk 005B,E07000245,West Suffolk,17.878,16468,5,0.101,25965,8,0.08,23072,7,20.361,14112,5,-0.624,25412,8,-0.894,28721,9,43.375,1299,1,42.851,3993,2,0.203,22775,7,0.056,28929,9,0.298,12186,4,0.236,15325,5,78.996,682,1,-1.688,23515,7,0.976,2461,1,-0.302,21258,7,1449,158,614,845
E01030097,West Suffolk 005C,E07000245,West Suffolk,19.783,14883,5,0.145,20631,7,0.083,22441,7,32.908,7815,3,-0.396,22293,7,-0.171,19330,6,38.781,2501,1,33.489,7591,3,0.295,17074,6,0.078,25052,8,1.047,4181,2,0.247,14025,5,73.997,1236,1,-1.677,23481,7,0.726,4836,2,-0.258,20444,7,1279,196,474,717
E01030098,West Suffolk 010A,E07000245,West Suffolk,12.498,22003,7,0.14,21165,7,0.081,22898,7,13.322,19561,6,-0.685,26165,8,-1.327,31982,10,32.135,5318,2,21.201,14467,5,0.264,18776,6,0.089,23388,7,0.156,14179,5,0.17,24673,8,67.95,2033,1,-2.992,28462,9,0.358,9544,3,-0.672,27551,9,2702,506,845,1504
E01030099,West Suffolk 017A,E07000245,West Suffolk,14.05,20348,7,0.085,28112,9,0.062,27508,9,8.195,24573,8,-0.922,28766,9,-0.962,29409,9,42.821,1421,1,40.969,4598,2,0.154,26527,8,0.068,26766,8,-0.396,22490,7,0.17,24567,8,77.899,813,1,-1.361,22073,7,0.971,2496,1,-0.654,27277,9,1936,215,872,1043
E01030100,West Suffolk 010B,E07000245,West Suffolk,15.103,19212,6,0.102,25757,8,0.068,26174,8,9.026,23688,8,-0.576,24780,8,-1.453,32560,10,46.923,679,1,32.816,7930,3,0.221,21560,7,0.047,30433,10,-0.322,21287,7,0.173,24110,8,85.654,190,1,-3.896,30869,10,0.787,4186,2,-0.951,30848,10,2220,325,849,1229
E01030101,West Suffolk 017B,E07000245,West Suffolk,14.34,20039,6,0.142,20903,7,0.083,22393,7,15.242,17942,6,-0.783,27330,9,-0.465,23451,7,36.01,3476,2,21.754,14057,5,0.255,19355,6,0.115,20170,6,-0.244,20098,6,0.241,14687,5,61.423,2986,1,0.304,14457,5,0.302,10392,4,-0.285,20922,7,2286,329,882,1245
E01030104,West Suffolk 016A,E07000245,West Suffolk,6.974,28667,9,0.089,27588,9,0.062,27527,9,5.429,27747,9,-1.258,31296,10,-0.972,29525,9,30.004,6579,2,6.335,27887,9,0.155,26439,8,0.05,29999,9,-0.767,27278,9,0.162,25873,8,64.891,2476,1,-3.191,29064,9,-0.5,26275,8,-0.44,23849,8,2638,498,919,1397
E01030105,West Suffolk 020A,E07000245,West Suffolk,18.248,16141,5,0.177,17458,6,0.092,20313,7,38.175,5995,2,-0.149,18630,6,0.368,11357,4,21.607,14913,5,16.454,17965,6,0.283,17691,6,0.13,18652,6,0.959,4861,2,0.315,7536,3,33.434,16292,5,1.391,10235,4,0.056,14636,5,-0.281,20851,7,1880,386,348,1235
E01030106,West Suffolk 020B,E07000245,West Suffolk,21.167,13791,5,0.244,12703,4,0.151,11156,4,32.479,7966,3,-0.111,18051,6,0.115,15069,5,25.476,10393,4,4.01,30594,10,0.361,13743,5,0.194,13615,5,0.597,8439,3,0.317,7375,3,38.106,11907,4,1.495,9893,3,-0.691,29420,9,-0.555,25799,8,2420,533,457,1514
E01030107,West Suffolk 020C,E07000245,West Suffolk,6.392,29311,9,0.062,30936,10,0.056,29033,9,15.21,17968,6,-0.754,26982,8,-1.281,31726,10,25.079,10793,4,1.81,32860,10,0.098,30528,10,0.033,32456,10,-0.112,18092,6,0.227,16371,5,44.945,7459,3,-0.09,16278,5,-1.002,32328,10,-0.747,28618,9,1618,259,540,920
E01030108,West Suffolk 020D,E07000245,West Suffolk,27.167,9782,3,0.234,13320,4,0.162,9973,3,49.778,3279,1,0.15,14217,5,1.035,3819,2,21.638,14872,5,8.66,25253,8,0.32,15718,5,0.143,17399,6,1.226,2965,1,0.366,4086,2,33.053,16672,5,1.47,9970,3,-0.292,21981,7,-0.547,25659,8,1872,393,433,1111
E01030109,West Suffolk 019A,E07000245,West Suffolk,31.227,7709,3,0.354,7051,3,0.196,6973,3,38.472,5904,2,0.443,10363,4,0.925,4743,2,25.473,10396,4,3.318,31325,10,0.475,8967,3,0.241,10868,4,0.982,4682,2,0.314,7604,3,35.515,14213,5,2.027,8269,3,-0.628,28535,9,-0.93,30676,10,1859,469,387,1059
E01030110,West Suffolk 019B,E07000245,West Suffolk,20.567,14289,5,0.245,12608,4,0.139,12653,4,27.936,9900,3,0.089,15091,5,0.269,12774,4,24.728,11184,4,2.624,32074,10,0.321,15668,5,0.248,10486,4,0.58,8647,3,0.276,10896,4,40.26,10286,4,0.84,12254,4,-0.789,30558,10,-0.774,28957,9,2859,631,588,1787
E01030111,West Suffolk 019C,E07000245,West Suffolk,5.487,30341,9,0.05,32133,10,0.044,31552,10,14.201,18791,6,-0.801,27538,9,-1.384,32271,10,25.063,10811,4,0.569,33627,10,0.07,32048,10,0.038,31854,10,-0.302,20982,7,0.235,15437,5,39.736,10651,4,1.047,11484,4,-1.212,33194,10,-1.151,32292,10,1348,221,427,818
E01030112,West Suffolk 019D,E07000245,West Suffolk,18.208,16192,5,0.172,17933,6,0.12,15236,5,16.319,17067,6,-0.034,16923,6,0.956,4466,2,21.248,15357,5,12.538,21292,7,0.202,22831,7,0.143,17411,6,-0.591,25192,8,0.279,10597,4,35.54,14186,5,0.866,12159,4,-0.273,21565,7,0.025,15101,5,1839,317,485,1172
E01030113,West Suffolk 020E,E07000245,West Suffolk,17.032,17244,6,0.189,16552,5,0.102,18397,6,36.077,6668,2,-0.381,22066,7,0.341,11718,4,17.188,21014,7,12.229,21571,7,0.301,16725,5,0.131,18489,6,0.86,5751,2,0.312,7756,3,32.199,17514,6,0.373,14170,5,-0.154,18987,6,-0.304,21299,7,2202,402,521,1389
E01030114,West Suffolk 020F,E07000245,West Suffolk,32.539,7139,3,0.357,6901,3,0.191,7320,3,52.059,2850,1,0.278,12496,4,0.559,8774,3,31.515,5686,2,2.994,31677,10,0.587,5115,2,0.203,13086,4,1.157,3371,1,0.391,2876,1,35.075,14639,5,3.587,4564,2,-0.618,28367,9,-1.22,32621,10,1507,357,265,926
E01030115,West Suffolk 021A,E07000245,West Suffolk,25.752,10631,4,0.29,10065,3,0.135,13187,4,40.698,5310,2,0.161,14073,5,0.791,5985,2,28.263,7904,3,2.42,32274,10,0.394,12230,4,0.344,6467,2,0.891,5457,2,0.346,5317,2,37.765,12170,4,2.294,7500,3,-0.864,31300,10,-0.716,28215,9,2363,535,389,1492
E01030116,West Suffolk 021B,E07000245,West Suffolk,5.786,29997,9,0.081,28546,9,0.056,29152,9,9.017,23703,8,-1.455,32260,10,-0.798,27690,9,25.655,10208,4,1.667,32978,10,0.124,28761,9,0.058,28530,9,-0.446,23196,7,0.187,22146,7,50.619,5287,2,-1.233,21492,7,-1.129,32950,10,-0.699,27953,9,2211,423,475,1413
E01030117,West Suffolk 021C,E07000245,West Suffolk,10.188,24744,8,0.128,22497,7,0.065,26725,8,15.49,17732,6,-0.319,21104,7,-0.299,21117,7,25.819,10046,3,0.92,33467,10,0.184,24234,8,0.142,17443,6,-0.289,20787,7,0.248,13883,5,47.364,6432,2,-0.386,17580,6,-0.972,32142,10,-1.337,33063,10,1497,259,325,1001
E01030118,West Suffolk 021D,E07000245,West Suffolk,20.448,14375,5,0.211,14841,5,0.137,12954,4,32.706,7878,3,-0.217,19597,6,0.054,15984,5,31.29,5817,2,3.631,30994,10,0.28,17844,6,0.147,17072,6,0.488,9691,3,0.332,6275,2,43.275,8302,3,1.994,8362,3,-0.54,27070,9,-1.357,33126,10,1518,333,292,947
E01030119,West Suffolk 010C,E07000245,West Suffolk,12.064,22529,7,0.094,26873,8,0.067,26313,8,9.89,22794,7,-0.573,24738,8,-0.927,29022,9,31.729,5568,2,36.212,6400,2,0.172,25115,8,0.047,30470,10,-0.358,21916,7,0.19,21694,7,66.259,2266,1,-2.544,26925,8,0.823,3807,2,-0.39,22905,7,2288,377,772,1288
E01030121,West Suffolk 006B,E07000245,West Suffolk,12.7,21773,7,0.15,20063,6,0.074,24530,8,16.998,16553,5,-0.45,23064,7,-0.486,23711,8,28.482,7741,3,15.995,18295,6,0.289,17389,6,0.088,23592,7,0.273,12511,4,0.2,20151,6,59.846,3247,1,-2.35,26200,8,0.176,12432,4,-1.186,32463,10,2301,384,769,1317
E01030122,West Suffolk 018A,E07000245,West Suffolk,8.908,26323,8,0.084,28198,9,0.064,27152,9,13.017,19832,6,-1.012,29587,9,-0.798,27682,9,29.942,6619,2,13.522,20395,7,0.101,30319,9,0.081,24657,8,-0.306,21035,7,0.222,17115,6,61.923,2927,1,-2.109,25252,8,0.063,14510,5,-1.252,32771,10,2179,390,753,1187
E01030123,West Suffolk 014B,E07000245,West Suffolk,29.849,8351,3,0.308,9117,3,0.213,5837,2,40.771,5295,2,0.34,11668,4,0.899,4995,2,19.999,17036,6,5.699,28675,9,0.437,10431,4,0.124,19263,6,1.167,3312,1,0.302,8551,3,38.172,11850,4,-0.088,16274,5,-0.677,29196,9,-0.26,20468,7,1676,427,441,927
E01030124,West Suffolk 014C,E07000245,West Suffolk,3.483,32307,10,0.054,31770,10,0.052,30036,9,8.72,24018,8,-0.952,29050,9,-0.976,29558,9,11.736,28318,9,6.621,27569,9,0.096,30633,10,0.037,31902,10,-0.818,27835,9,0.209,18935,6,36.047,13703,5,-3.289,29356,9,-0.649,28812,9,-0.152,18418,6,1588,223,619,856
E01030125,West Suffolk 014D,E07000245,West Suffolk,18.742,15728,5,0.223,14007,5,0.124,14609,5,35.314,6953,3,0.067,15444,5,0.007,16678,5,18.486,19136,6,4.285,30316,9,0.381,12813,4,0.143,17413,6,0.897,5402,2,0.299,8842,3,39.516,10805,4,-0.986,20397,7,-0.571,27613,9,-0.756,28730,9,1376,259,476,737
E01030127,West Suffolk 012A,E07000245,West Suffolk,3.847,32002,10,0.074,29555,9,0.045,31509,10,7.336,25546,8,-0.921,28748,9,-0.944,29202,9,13.649,25958,8,8.68,25229,8,0.153,26548,8,0.046,30649,10,-0.776,27384,9,0.189,21766,7,38.168,11852,4,-3.039,28589,9,-0.607,28206,9,0.073,14251,5,1095,153,314,733
E01030128,West Suffolk 012B,E07000245,West Suffolk,3.187,32563,10,0.076,29196,9,0.047,31083,10,5.023,28222,9,-0.971,29208,9,-1.277,31709,10,16.245,22456,7,1.56,33067,10,0.146,27085,9,0.051,29769,9,-1.227,31154,10,0.178,23473,7,41.634,9347,3,-3.055,28651,9,-0.922,31779,10,-0.96,30902,10,1304,210,256,926
E01030129,West Suffolk 012C,E07000245,West Suffolk,2.775,32905,10,0.054,31723,10,0.052,30032,9,6.472,26538,8,-0.97,29199,9,-1.283,31746,10,12.557,27326,9,2.59,32105,10,0.112,29637,9,0.04,31543,10,-1.035,29858,9,0.191,21544,7,35.13,14568,5,-2.22,25706,8,-1.175,33104,10,-0.458,24134,8,1271,205,445,742
E01030130,West Suffolk 009A,E07000245,West Suffolk,21.215,13747,5,0.254,12056,4,0.144,11990,4,36.633,6473,2,-0.013,16613,5,0.275,12678,4,13.764,25819,8,13.208,20681,7,0.338,14860,5,0.217,12176,4,1.175,3258,1,0.26,12633,4,34.507,15181,5,-1.384,22176,7,-0.391,24091,8,0.306,10505,4,1391,258,362,844
E01030131,West Suffolk 009B,E07000245,West Suffolk,36.872,5494,2,0.405,5143,2,0.209,6092,2,60.012,1576,1,0.871,5753,2,0.806,5829,2,18.416,19251,6,1.122,33336,10,0.454,9776,3,0.379,5331,2,1.723,815,1,0.357,4600,2,37.247,12602,4,-0.395,17636,6,-0.917,31736,10,-1.337,33061,10,1270,320,249,735
E01030132,West Suffolk 006C,E07000245,West Suffolk,11.612,23036,7,0.031,33310,10,0.025,33502,10,12.759,20090,6,-0.951,29045,9,-2.499,33739,10,48.465,475,1,20.61,14876,5,0.092,30905,10,0.047,30404,10,0.182,13783,5,0.156,26667,8,80.128,574,1,-0.157,16585,5,0.39,9074,3,-1.801,33687,10,1526,184,197,1180
E01030133,West Suffolk 006D,E07000245,West Suffolk,19.08,15426,5,0.151,20036,6,0.081,22831,7,9.632,23071,7,-0.536,24190,8,-0.756,27239,9,43.258,1330,1,50.173,2212,1,0.238,20488,7,0.155,16325,5,-0.533,24419,8,0.201,19916,6,78.759,707,1,-1.622,23233,7,1.108,1613,1,-0.047,16377,5,1388,217,466,807
E01030134,West Suffolk 010D,E07000245,West Suffolk,15.775,18477,6,0.125,22861,7,0.091,20566,7,12.211,20592,7,0.097,14979,5,-1.429,32455,10,34.159,4254,2,32.357,8147,3,0.207,22486,7,0.077,25374,8,-0.109,18061,6,0.191,21417,7,69.218,1841,1,-2.252,25837,8,0.78,4250,2,-1.094,31944,10,1239,203,473,647
E01030135,West Suffolk 010E,E07000245,West Suffolk,12.855,21598,7,0.058,31360,10,0.051,30260,9,9.15,23567,7,-0.787,27368,9,-1.446,32532,10,38.388,2625,1,46.708,2949,1,0.111,29714,9,0.062,27873,9,-0.444,23170,7,0.188,21910,7,74.557,1180,1,-2.088,25167,8,1.044,2003,1,-0.134,18082,6,1430,208,436,843
E01030137,West Suffolk 011C,E07000245,West Suffolk,9.474,25603,8,0.112,24421,8,0.064,27119,9,13.561,19363,6,-0.786,27363,9,0.444,10310,4,7.115,32408,10,21.51,14244,5,0.222,21491,7,0.049,30175,9,-0.23,19892,6,0.221,17245,6,28.003,21879,7,-2.781,27780,9,-0.214,20287,7,0.851,4428,2,1660,228,373,1158
E01030138,West Suffolk 016B,E07000245,West Suffolk,16.653,17600,6,0.162,18873,6,0.089,20875,7,16.308,17077,6,-0.636,25546,8,-0.52,24215,8,39.157,2368,1,26.29,11360,4,0.269,18511,6,0.089,23451,7,0.143,14370,5,0.21,18680,6,75.602,1058,1,-2.16,25460,8,0.525,7198,3,-0.483,24568,8,2595,467,838,1460
E01030139,West Suffolk 009C,E07000245,West Suffolk,40.117,4541,2,0.434,4245,2,0.222,5234,2,62.353,1285,1,0.802,6429,2,1.247,2389,1,14.96,24232,8,4.624,29931,9,0.592,4951,2,0.366,5724,2,1.903,497,1,0.35,5065,2,31.974,17727,6,-0.274,17085,6,-0.821,30890,10,-0.29,21021,7,1666,366,357,1052
E01030140,West Suffolk 009D,E07000245,West Suffolk,19.989,14729,5,0.196,15967,5,0.126,14389,5,44.659,4359,2,0.333,11768,4,0.068,15778,5,14.51,24873,8,5.56,28844,9,0.368,13405,4,0.14,17676,6,1.115,3674,2,0.345,5407,2,33.311,16427,5,-0.724,19190,6,-0.744,30036,9,-0.209,19546,6,1190,215,265,765
E01030141,West Suffolk 009E,E07000245,West Suffolk,22.91,12517,4,0.266,11335,4,0.123,14779,5,51.04,3043,1,0.237,13017,4,0.399,10924,4,15.914,22926,7,1.622,33020,10,0.467,9243,3,0.205,12933,4,1.474,1653,1,0.334,6157,2,34.83,14860,5,-0.625,18713,6,-0.838,31048,10,-1.157,32330,10,1501,263,307,987
E01030142,West Suffolk 013A,E07000245,West Suffolk,4.581,31350,10,0.065,30663,10,0.072,24944,8,3.641,29838,9,-0.665,25925,8,-0.499,23903,8,13.626,25984,8,2.259,32429,10,0.113,29527,9,0.037,31899,10,-1.082,30190,9,0.151,27377,9,37.275,12581,4,-2.569,27020,9,-0.798,30646,10,-0.896,30352,9,1607,193,696,845
E01030143,West Suffolk 013B,E07000245,West Suffolk,16.365,17852,6,0.189,16522,5,0.125,14536,5,21.469,13380,4,0.361,11405,4,0.01,16631,5,12.351,27578,9,6.844,27294,9,0.293,17166,6,0.167,15405,5,0.354,11426,4,0.24,14794,5,36.504,13262,4,-3.077,28714,9,-0.373,23703,8,-0.711,28133,9,1384,219,355,871
E01030144,West Suffolk 013C,E07000245,West Suffolk,9.324,25809,8,0.097,26520,8,0.077,23662,8,13.145,19731,6,-0.106,17987,6,-0.567,24837,8,18.767,18751,6,11.171,22621,7,0.17,25302,8,0.078,25178,8,0.004,16388,5,0.189,21716,7,42.249,8917,3,-1.805,23996,8,-0.378,23799,8,0.05,14681,5,1245,200,488,638
E01030145,West Suffolk 005D,E07000245,West Suffolk,13.125,21314,7,0.112,24346,8,0.075,24228,8,21.667,13241,4,-0.41,22481,7,-0.918,28941,9,31.909,5462,2,19.369,15735,5,0.226,21260,7,0.069,26585,8,0.436,10359,4,0.23,16014,5,64.433,2551,1,-1.787,23933,8,0.185,12240,4,-0.259,20460,7,1403,224,493,801
E01030146,West Suffolk 005E,E07000245,West Suffolk,17.787,16554,5,0.183,17013,6,0.125,14568,5,26.851,10412,4,-0.255,20162,6,-0.885,28631,9,32.22,5263,2,9.898,23869,8,0.256,19311,6,0.153,16505,5,0.512,9428,3,0.275,11032,4,65.678,2344,1,-2.057,25047,8,-0.171,19364,6,-0.753,28697,9,1509,293,548,761
E01030147,West Suffolk 013D,E07000245,West Suffolk,6.564,29124,9,0.082,28460,9,0.068,26179,8,12.845,20011,6,-0.666,25942,8,-0.237,20229,6,11.737,28316,9,7.959,26030,8,0.18,24488,8,0.033,32374,10,-0.314,21171,7,0.22,17267,6,34.34,15366,5,-2.354,26219,8,-0.485,25993,8,-0.193,19237,6,1460,170,669,737
E01030148,West Suffolk 014E,E07000245,West Suffolk,5.421,30426,10,0.045,32498,10,0.059,28456,9,14.59,18463,6,-0.644,25655,8,-1.124,30719,10,19.718,17407,6,2.273,32418,10,0.083,31407,10,0.037,31915,10,-0.315,21188,7,0.241,14762,5,44.134,7847,3,-2.033,24960,8,-0.69,29397,9,-1.466,33374,10,1196,154,484,641
E01030149,West Suffolk 014F,E07000245,West Suffolk,5.144,30728,10,0.082,28529,9,0.062,27506,9,7.875,24943,8,-0.907,28623,9,-1.428,32449,10,18.436,19215,6,7.923,26083,8,0.134,27963,9,0.046,30695,10,-0.807,27727,9,0.197,20491,7,41.969,9126,3,-1.845,24161,8,-0.228,20594,7,-1.41,33265,10,1447,209,513,807
E01030150,West Suffolk 017C,E07000245,West Suffolk,14.397,19967,6,0.112,24433,8,0.063,27260,9,8.938,23795,8,-1.028,29699,9,-1.102,30570,10,42.014,1597,1,39.998,4935,2,0.182,24380,8,0.093,22956,7,-0.574,24969,8,0.196,20715,7,81.047,500,1,-4.36,31738,10,0.91,2987,1,-0.33,21804,7,2282,333,913,1325
E01030151,West Suffolk 018B,E07000245,West Suffolk,13.04,21406,7,0.127,22600,7,0.065,26742,8,10.622,22106,7,-1.025,29681,9,-0.438,23071,7,37.145,3055,1,27.804,10476,4,0.247,19865,6,0.071,26254,8,-0.244,20101,6,0.186,22163,7,72.348,1435,1,-1.857,24213,8,0.606,6212,2,-0.654,27282,9,2699,504,722,1688
E01032523,West Suffolk 003B,E07000245,West Suffolk,14.754,19597,6,0.115,23994,8,0.056,29066,9,39.181,5705,2,-0.6,25090,8,-1.053,30175,9,35.362,3736,2,15.93,18346,6,0.181,24452,8,0.191,13839,5,1.124,3612,2,0.296,9120,3,67.449,2093,1,-1.091,20874,7,0.162,12668,4,-1.017,31396,10,2258,537,120,1603
E01032524,West Suffolk 003C,E07000245,West Suffolk,21.375,13617,5,0.18,17217,6,0.096,19600,6,28.087,9822,3,0.066,15471,5,0.061,15876,5,37.246,3020,1,29.191,9724,3,0.31,16272,5,0.133,18358,6,0.461,10047,3,0.294,9254,3,70.888,1628,1,-1.284,21718,7,0.671,5452,2,-0.829,29653,9,1232,257,272,788
E01032526,West Suffolk 003D,E07000245,West Suffolk,15.987,18248,6,0.092,27124,9,0.063,27420,9,29.488,9177,3,-0.602,25112,8,-0.696,26511,8,42.707,1437,1,26.073,11493,4,0.139,27627,9,0.102,21715,7,0.836,5970,2,0.251,13601,5,76.076,995,1,-0.773,19416,6,0.578,6535,2,-1.026,31457,10,1883,358,462,1206
E01032612,West Suffolk 015F,E07000245,West Suffolk,14.454,19915,6,0.15,20120,6,0.078,23513,7,23.606,12127,4,-0.159,18774,6,-0.115,18495,6,15.629,23313,7,33.016,7825,3,0.281,17816,6,0.139,17754,6,0.332,11747,4,0.267,11877,4,32.644,17068,6,-0.192,16718,5,0.584,6468,2,0.241,11486,4,2049,279,338,1530
E01033043,West Suffolk 011D,E07000245,West Suffolk,15.92,18325,6,0.181,17118,6,0.115,15985,5,25.297,11209,4,-0.176,19016,6,0.461,10092,3,6.558,32711,10,12.825,21023,7,0.238,20471,7,0.199,13342,4,0.639,7979,3,0.239,14951,5,24.708,24966,8,-2.19,25583,8,-0.423,24735,8,0.309,10451,4,1200,202,336,765
E01033044,West Suffolk 012D,E07000245,West Suffolk,9.913,25074,8,0.168,18255,6,0.074,24565,8,10.365,22340,7,-0.294,20734,7,-0.525,24265,8,21.478,15079,5,1.322,33215,10,0.246,19944,6,0.17,15212,5,-0.298,20928,7,0.189,21779,7,48.893,5836,2,-2.955,28340,9,-1.484,33637,10,-0.704,28026,9,1442,350,149,964
E01033045,West Suffolk 012E,E07000245,West Suffolk,5.19,30687,10,0.111,24603,8,0.043,31804,10,7.113,25813,8,-0.589,24960,8,-0.941,29174,9,18.614,18948,6,0.563,33628,10,0.145,27192,9,0.134,18258,6,-0.632,25710,8,0.176,23651,8,44.28,7774,3,-2.778,27769,9,-1.391,33543,10,-1.037,31538,10,1274,295,190,813
E01033046,West Suffolk 011E,E07000245,West Suffolk,36.783,5530,2,0.343,7484,3,0.21,6022,2,30.137,8886,3,1.307,2575,1,1.305,2065,1,11.737,28317,9,33.181,7731,3,0.521,7243,3,0.344,6453,2,0.603,8376,3,0.295,9209,3,22.936,26457,8,0.135,15227,5,0.347,9724,3,0.866,4289,2,1095,104,249,835
E01033047,West Suffolk 011F,E07000245,West Suffolk,12.889,21557,7,0.128,22417,7,0.102,18266,6,9.985,22705,7,-0.152,18667,6,0.268,12782,4,9.498,30597,10,27.64,10572,4,0.158,26215,8,0.077,25335,8,-0.157,18790,6,0.167,25080,8,26.509,23326,7,-1.145,21102,7,0.454,8187,3,0.029,15038,5,1083,148,325,685
E01033048,West Suffolk 013E,E07000245,West Suffolk,20.073,14653,5,0.227,13743,5,0.158,10466,4,21.914,13098,4,0.51,9547,3,-0.47,23503,7,9.592,30514,10,22.705,13417,4,0.343,14584,5,0.17,15191,5,0.493,9652,3,0.224,16792,5,31.095,18665,6,-2.335,26139,8,-0.076,17333,6,0.737,5421,2,1398,220,419,828
E01033049,West Suffolk 013F,E07000245,West Suffolk,15.224,19071,6,0.136,21652,7,0.107,17484,6,8.496,24257,8,0.19,13682,5,0.188,13982,5,5.349,33189,10,40.166,4874,2,0.178,24640,8,0.136,18070,6,-0.91,28728,9,0.21,18710,6,23.318,26137,8,-2.617,27194,9,0.692,5199,2,0.641,6353,2,1127,101,471,646
E01033050,West Suffolk 012F,E07000245,West Suffolk,4.866,31047,10,0.1,26076,8,0.062,27520,9,7.305,25576,8,-0.613,25254,8,-1.149,30891,10,13.157,26562,8,2.165,32513,10,0.19,23786,8,0.078,25060,8,-0.792,27567,9,0.19,21681,7,38.462,11621,4,-3.7,30439,10,-1.333,33457,10,-0.512,25064,8,1206,239,284,755
E01033452,West Suffolk 007C,E07000245,West Suffolk,15.569,18700,6,0.113,24239,8,0.064,27083,9,34.38,7282,3,-0.67,25978,8,-0.341,21672,7,34.598,4069,2,24.223,12545,4,0.199,23102,7,0.06,28221,9,0.965,4828,2,0.278,10724,4,64.397,2560,1,-0.64,18793,6,0.523,7236,3,-1.295,32917,10,1743,361,311,1162
E01033454,West Suffolk 007D,E07000245,West Suffolk,11.558,23091,7,0.123,23052,7,0.054,29589,9,19.567,14668,5,-0.368,21845,7,-0.496,23863,8,31.601,5643,2,9.108,24750,8,0.218,21792,7,0.1,21949,7,0.146,14333,5,0.247,13998,5,62.729,2811,1,-1.473,22593,7,-0.332,22804,7,-0.344,22044,7,1774,415,190,1220
E01034561,West Suffolk 001C,E07000245,West Suffolk,19.708,14939,5,0.143,20853,7,0.073,24798,8,31.957,8164,3,-0.283,20608,7,-1.243,31511,10,42.704,1439,1,36.986,6081,2,0.272,18347,6,0.169,15303,5,0.257,12740,4,0.35,5069,2,67.809,2055,1,1.188,10987,4,0.876,3287,1,-0.694,27861,9,1620,201,366,1138
E01034562,West Suffolk 001D,E07000245,West Suffolk,13.832,20600,7,0.002,33755,10,0.002,33755,10,35.752,6800,3,-2.32,33661,10,-2.876,33751,10,46.069,802,1,22.53,13537,5,0.003,33755,10,0.091,23113,7,0.567,8768,3,0.348,5229,2,73.886,1253,1,0.876,12125,4,0.466,7998,3,-2.093,33747,10,2754,924,15,1800
E01034563,West Suffolk 001E,E07000245,West Suffolk,14.235,20148,6,0.049,32199,10,0.021,33603,10,29.658,9097,3,-0.706,26444,8,-1.87,33466,10,50.155,288,1,12.995,20879,7,0.088,31154,10,0.174,14961,5,0.278,12431,4,0.329,6450,2,73.141,1344,1,2.134,7918,3,0.043,14871,5,-1.52,33468,10,1270,362,36,857
E01034564,West Suffolk 003E,E07000245,West Suffolk,16.484,17735,6,0.065,30601,10,0.051,30340,9,31.923,8182,3,-0.349,21567,7,-0.442,23114,7,38.411,2615,1,39.056,5267,2,0.061,32505,10,0.103,21661,7,0.786,6421,2,0.284,10174,4,65.883,2318,1,0.277,14576,5,0.846,3580,2,-0.083,17134,6,1263,346,216,768
E01034565,West Suffolk 003F,E07000245,West Suffolk,23.405,12184,4,0.207,15150,5,0.146,11835,4,38.086,6021,2,-0.265,20309,7,-0.083,18015,6,33.144,4754,2,23.013,13213,4,0.268,18546,6,0.187,14069,5,0.985,4667,2,0.31,7903,3,63.694,2669,1,-1.035,20620,7,0.435,8416,3,-0.705,28033,9,1434,330,320,867
E01034566,West Suffolk 007E,E07000245,West Suffolk,13.33,21102,7,0.152,19942,6,0.062,27624,9,26.384,10646,4,-0.589,24964,8,-0.031,17234,6,32.011,5392,2,0.825,33516,10,0.218,21796,7,0.186,14166,5,0.673,7594,3,0.245,14234,5,61.024,3048,1,-0.957,20277,7,-1.271,33347,10,-0.942,30764,10,2000,585,97,1332
E01034567,West Suffolk 007F,E07000245,West Suffolk,17.623,16714,5,0.21,14962,5,0.092,20382,7,27.59,10079,3,-0.489,23575,7,0.396,10961,4,32.041,5367,2,1.198,33295,10,0.298,16892,6,0.156,16255,5,0.946,4986,2,0.207,19123,6,63.428,2716,1,-1.429,22395,7,-1.333,33455,10,-0.77,28904,9,1197,366,23,795
E01034568,West Suffolk 008E,E07000245,West Suffolk,13.198,21236,7,0.114,24154,8,0.057,28771,9,16.693,16758,5,-0.407,22458,7,0.63,7864,3,19.47,17755,6,32.045,8286,3,0.196,23289,7,0.138,17880,6,-0.094,17844,6,0.243,14537,5,35.436,14294,5,0.374,14159,5,0.513,7365,3,0.349,9886,3,1275,152,399,814
E01034569,West Suffolk 008F,E07000245,West Suffolk,33.709,6671,2,0.446,3867,2,0.233,4602,2,27.357,10189,4,0.891,5547,2,0.563,8723,3,18.16,19636,6,2.328,32361,10,0.515,7491,3,0.495,2582,1,0.164,14052,5,0.321,7035,3,31.713,18014,6,0.742,12622,4,-0.972,32140,10,-0.626,26883,8,1231,257,224,811
E01034572,West Suffolk 016C,E07000245,West Suffolk,8.171,27252,9,0.08,28755,9,0.075,24318,8,17.107,16446,5,-0.884,28370,9,-1.037,30046,9,23.556,12525,4,8.949,24929,8,0.171,25214,8,0.061,28034,9,0.263,12674,4,0.203,19703,6,52.917,4668,2,-3.194,29074,9,-0.301,22170,7,-0.456,24104,8,1606,197,721,820
E01034573,West Suffolk 016D,E07000245,West Suffolk,17.981,16370,5,0.303,9367,3,0.122,14987,5,25.297,11211,4,-0.581,24854,8,0.112,15133,5,19.348,17932,6,2.63,32069,10,0.536,6742,2,0.12,19677,6,1.003,4512,2,0.163,25726,8,46.987,6548,2,-3.805,30667,10,-0.921,31768,10,-0.595,26422,8,2020,462,334,1275
E01034574,West Suffolk 018C,E07000245,West Suffolk,16.511,17722,6,0.055,31678,10,0.032,33119,10,19.783,14530,5,-0.894,28476,9,-0.271,20700,7,49.591,347,1,39.677,5052,2,0.222,21470,7,0.079,24985,8,-0.144,18600,6,0.28,10553,4,81.127,492,1,-0.105,16353,5,0.94,2744,1,-0.65,27226,9,2075,154,370,1655
E01034575,West Suffolk 018D,E07000245,West Suffolk,17.727,16622,5,0.101,25892,8,0.074,24508,8,13.227,19656,6,-0.337,21389,7,-0.22,19980,6,47.652,578,1,33.382,7654,3,0.162,25843,8,0.075,25736,8,0.018,16193,5,0.189,21815,7,79.039,678,1,-0.06,16134,5,0.735,4747,2,-0.321,21628,7,1109,155,483,578
