{"type": "FeatureCollection", "crs": {"type": "name", "properties": {"name": "EPSG:4326"}}, "features": [{"type": "Feature", "id": 28350, "geometry": {"type": "Polygon", "coordinates": [[[1.06583497506229, 51.9492023775803], [1.05881360719528, 51.9559310450605], [1.06363880770177, 51.9484565943335], [1.06215388153332, 51.9491507728165], [1.0584949597339, 51.9508610881801], [1.05289413025041, 51.9573699905035], [1.0624706897332, 51.9604733354631], [1.06379218011485, 51.9638273911569], [1.05799273911659, 51.9650728308046], [1.06691168512344, 51.9635935525717], [1.06919419871217, 51.9583799954946], [1.0622432572172, 51.9578530413263], [1.06583497506229, 51.9492023775803]]]}, "properties": {"FID": 28350, "LSOA21CD": "E01029870", "LSOA21NM": "Babergh 010A", "LSOA21NMW": " ", "BNG_E": 610201, "BNG_N": 233157, "LAT": 51.95716, "LONG": 1.057858, "GlobalID": "49ebccae-f27a-4fae-9d85-bb1c4f0b4398", "LSOA name (2021)": "Babergh 010A", "Local Authority District code (2024)": "E07000200", "Local Authority District name (2024)": "Babergh", "Index of Multiple Deprivation (IMD) Rank": 16296, "Index of Multiple Deprivation (IMD) Decile": 5}}, {"type": "Feature", "id": 28351, "geometry": {"type": "Polygon", "coordinates": [[[1.13857322363681, 52.0001108254234], [1.13835145285586, 51.9925705592532], [1.130332507893, 51.9824382473898], [1.14646696261887, 51.9775351498044], [1.14381728818063, 51.9677628686105], [1.15423749611217, 51.9648680590433], [1.15324884862241, 51.9648032225025], [1.1322436269397, 51.9575663532683], [1.13031366250315, 51.9535406934624], [1.11854116529181, 51.9562330932362], [1.10248779190096, 51.9540779310643], [1.10112722247958, 51.9625026075789], [1.10528144737019, 51.9711774480352], [1.09724139180286, 51.9734184425579], [1.09797105302583, 51.9757349616355], [1.09052695569095, 51.9741301319152], [1.08577232223585, 51.9813456210192], [1.09137396071275, 51.9821314754844], [1.09161955487031, 51.9864618117872], [1.086057812305, 51.986893871973], [1.09007940320436, 51.995703979633], [1.09979553327293, 51.998212265126], [1.11109819209449, 52.0073842048966], [1.11625453582169, 52.0052878245135], [1.12088799270915, 52.0069777320837], [1.12238213208777, 52.0028371720432], [1.13857322363681, 52.0001108254234]]]}, "properties": {"FID": 28351, "LSOA21CD": "E01029871", "LSOA21NM": "Babergh 011A", "LSOA21NMW": " ", "BNG_E": 614381, "BNG_N": 235838, "LAT": 51.97964, "LONG": 1.120269, "GlobalID": "803efa55-dbb5-4f41-8d91-b0627405a67b", "LSOA name (2021)": "Babergh 011A", "Local Authority District code (2024)": "E07000200", "Local Authority District name (2024)": "Babergh", "Index of Multiple Deprivation (IMD) Rank": 22553, "Index of Multiple Deprivation (IMD) Decile": 7}}, {"type": "Feature", "id": 28352, "geometry": {"type": "Polygon", "coordinates": [[[1.07270348489619, 51.9782285597263], [1.09052695569095, 51.9741301319152], [1.09797105302583, 51.9757349616355], [1.09724139180286, 51.9734184425579], [1.10528144737019, 51.9711774480352], [1.10112722247958, 51.9625026075789], [1.10248779190096, 51.9540779310643], [1.09980149862677, 51.9537170619479], [1.08613212131242, 51.9589331244964], [1.06944934793724, 51.9552565607509], [1.07292969351032, 51.9541476220878], [1.06898213330465, 51.954554623565], [1.06605086534423, 51.9489954497468], [1.06583497506229, 51.9492023775803], [1.0622432572172, 51.9578530413263], [1.06919419871217, 51.9583799954946], [1.06691168512344, 51.9635935525717], [1.05799273911659, 51.9650728308046], [1.06379218011485, 51.9638273911569], [1.0624706897332, 51.9604733354631], [1.05289413025041, 51.9573699905035], [1.04833097832108, 51.9593203952772], [1.0448473907916, 51.9662028342112], [1.06162353320128, 51.9701537669068], [1.07270348489619, 51.9782285597263]]]}, "properties": {"FID": 28352, "LSOA21CD": "E01029872", "LSOA21NM": "Babergh 010B", "LSOA21NMW": " ", "BNG_E": 611944, "BNG_N": 233918, "LAT": 51.96333, "LONG": 1.083655, "GlobalID": "f473476c-e6f2-48df-bf75-6c30fdb456b9", "LSOA name (2021)": "Babergh 010B", "Local Authority District code (2024)": "E07000200", "Local Authority District name (2024)": "Babergh", "Index of Multiple Deprivation (IMD) Rank": 26963, "Index of Multiple Deprivation (IMD) Decile": 8}}, {"type": "Feature", "id": 28353, "geometry": {"type": "Polygon", "coordinates": [[[1.2703339629594, 51.9831810167729], [1.25256014266268, 51.9806757540677], [1.26425425377638, 51.9736953957248], [1.25564801151763, 51.97301103292], [1.25504727625374, 51.9762102681413], [1.24951222115068, 51.9745881181018], [1.25190177177878, 51.9681243380919], [1.24770364651157, 51.9669073100732], [1.24659824341005, 51.9604650995248], [1.24297691326091, 51.9614135993152], [1.21972192999347, 51.9528720268273], [1.21193261803986, 51.9554248206181], [1.21172006407314, 51.9591064272736], [1.20467582943688, 51.9643096280121], [1.20986040146188, 51.9681067981116], [1.21605494863185, 51.9674788393751], [1.21354662167391, 51.9719887572323], [1.21970521579237, 51.9772344219981], [1.21737423260315, 51.9811220037871], [1.20275177583642, 51.9852473211351], [1.20084811490489, 51.982312125344], [1.18658822390627, 51.9862089307219], [1.17554877002281, 51.9857528691631], [1.16364876845358, 51.9957607668906], [1.1517225760922, 51.9985074680959], [1.14281778596014, 51.9971069032555], [1.13916527827628, 52.0001903774477], [1.13703905191237, 52.01024195263], [1.16661059603503, 52.0187245299672], [1.16688136049961, 52.0182610193122], [1.17118897867686, 52.0157099633171], [1.18518795171649, 52.0074164506368], [1.2034944574637, 52.004787873092], [1.20387721125738, 52.0043990774592], [1.21153239785712, 51.9966214097925], [1.23123290401446, 51.9958481999091], [1.24291709476998, 51.9927545484114], [1.24304676503521, 51.9900483286069], [1.246944262423, 51.9899742586275], [1.24439923854362, 51.9918890589959], [1.26730316429769, 51.9878681967667], [1.27022807901817, 51.9841865294929], [1.2703339629594, 51.9831810167729]]]}, "properties": {"FID": 28353, "LSOA21CD": "E01029873", "LSOA21NM": "Babergh 011B", "LSOA21NMW": " ", "BNG_E": 621797, "BNG_N": 236714, "LAT": 51.98459, "LONG": 1.228639, "GlobalID": "4ff9f187-2df1-4c22-a1b5-472addef1146", "LSOA name (2021)": "Babergh 011B", "Local Authority District code (2024)": "E07000200", "Local Authority District name (2024)": "Babergh", "Index of Multiple Deprivation (IMD) Rank": 15252, "Index of Multiple Deprivation (IMD) Decile": 5}}, {"type": "Feature", "id": 28354, "geometry": {"type": "Polygon", "coordinates": [[[1.24659824341005, 51.9604650995248], [1.24770364651157, 51.9669073100732], [1.25190177177878, 51.9681243380919], [1.24951222115068, 51.9745881181018], [1.25504727625374, 51.9762102681413], [1.25564801151763, 51.97301103292], [1.26425425377638, 51.9736953957248], [1.25256014266268, 51.9806757540677], [1.2703339629594, 51.9831810167729], [1.27110865364112, 51.9758236562803], [1.26756865407466, 51.9764103424752], [1.2790881432162, 51.960388259765], [1.27639416004413, 51.9574895864952], [1.27373809501707, 51.955666544978], [1.26938621628984, 51.9544934778639], [1.24659824341005, 51.9604650995248]]]}, "properties": {"FID": 28354, "LSOA21CD": "E01029874", "LSOA21NM": "Babergh 011C", "LSOA21NMW": " ", "BNG_E": 624261, "BNG_N": 234684, "LAT": 51.96538, "LONG": 1.263135, "GlobalID": "2d876ebc-9bb5-4a62-b2e3-959152d01a54", "LSOA name (2021)": "Babergh 011C", "Local Authority District code (2024)": "E07000200", "Local Authority District name (2024)": "Babergh", "Index of Multiple Deprivation (IMD) Rank": 20323, "Index of Multiple Deprivation (IMD) Decile": 7}}, {"type": "Feature", "id": 28355, "geometry": {"type": "Polygon", "coordinates": [[[0.899043429108712, 52.0813621597101], [0.902462038201032, 52.078976469619], [0.905372121661607, 52.0804790456793], [0.906233678737581, 52.0756400150737], [0.895776987407614, 52.0728899041426], [0.905528844804049, 52.0673884868844], [0.906914377969105, 52.0598823050008], [0.886710590639728, 52.0583220223697], [0.887324869673929, 52.0492168604841], [0.875694019391929, 52.0453149223475], [0.877048468941251, 52.0406503235771], [0.865567834524362, 52.0359080053733], [0.878826856535774, 52.0311794726194], [0.876624073768328, 52.0281935913266], [0.881613933022784, 52.0223714727651], [0.868542651284046, 52.0167125713537], [0.872033026610682, 52.0137948810122], [0.865519110997609, 52.0105564727622], [0.854731000358584, 52.0133060805117], [0.849448797792675, 52.0136245678472], [0.849209061554485, 52.0165061380936], [0.846308946190912, 52.0138706151558], [0.833689571681898, 52.0131010868294], [0.839508235379686, 52.0196687465134], [0.836239844506295, 52.0263400923633], [0.835073985580647, 52.0315306053578], [0.812601004942428, 52.0435110959199], [0.809716890217157, 52.0499645404163], [0.813616696076746, 52.054512006398], [0.820394087147366, 52.0552401146651], [0.812112907320239, 52.0553804140777], [0.815783944501081, 52.0590026884909], [0.829968824699418, 52.0584590148255], [0.841054403091396, 52.0630478373797], [0.837527383662842, 52.0735791947431], [0.83398884315389, 52.0752436698209], [0.82739053813691, 52.0726666620397], [0.82444947714955, 52.0749163763465], [0.835332220053545, 52.0789241287151], [0.830096461743092, 52.0791641809376], [0.828618313674513, 52.0822565174116], [0.84066106464875, 52.0908601883279], [0.855241257197601, 52.089379096307], [0.861839716415887, 52.0809324230715], [0.860433932109363, 52.0670388101619], [0.865249266260226, 52.0649731531191], [0.87698732863475, 52.0665729478809], [0.879316529678948, 52.0704808009281], [0.873908154477915, 52.0728174349566], [0.879176151103548, 52.0790871031924], [0.88432095225723, 52.0782881744542], [0.885540687531841, 52.0827580125083], [0.891408332758137, 52.0818309144484], [0.891862650256354, 52.085329036397], [0.899043429108712, 52.0813621597101]]]}, "properties": {"FID": 28355, "LSOA21CD": "E01029875", "LSOA21NM": "Babergh 009A", "LSOA21NMW": " ", "BNG_E": 596065, "BNG_N": 242193, "LAT": 52.04346, "LONG": 0.857578, "GlobalID": "bf9ef087-748a-4c7b-8e5a-72224a256222", "LSOA name (2021)": "Babergh 009A", "Local Authority District code (2024)": "E07000200", "Local Authority District name (2024)": "Babergh", "Index of Multiple Deprivation (IMD) Rank": 19008, "Index of Multiple Deprivation (IMD) Decile": 6}}, {"type": "Feature", "id": 28356, "geometry": {"type": "Polygon", "coordinates": [[[0.893883149120263, 52.1576765431501], [0.892369499268393, 52.15047141981], [0.918728901677322, 52.1559750205605], [0.927277057610558, 52.1530358127496], [0.938049542488167, 52.1575405224701], [0.939944733628854, 52.155403279687], [0.938416067789857, 52.152466036463], [0.946550629142822, 52.14549645026], [0.948823118587175, 52.1378165971108], [0.944734574611533, 52.1276455146306], [0.953654875455959, 52.1202813490556], [0.95118750389313, 52.1147122920162], [0.941808664178695, 52.1178364370332], [0.934375883837338, 52.1165814127324], [0.931970923454893, 52.1142435362851], [0.937687153945823, 52.1080415555853], [0.920722760620886, 52.1048643313428], [0.913937749784968, 52.0987658061071], [0.909878910301231, 52.1001169239709], [0.910071399388537, 52.097508723882], [0.908860818817378, 52.1004748285654], [0.898514620314915, 52.1003133689789], [0.882476145591381, 52.1092021583064], [0.886670043745917, 52.1110132094445], [0.877630397887883, 52.1140736689973], [0.872004250806999, 52.1252395979513], [0.844841027810729, 52.1342605431068], [0.844062872637214, 52.140303202729], [0.851425995897118, 52.1436934358457], [0.848711403228477, 52.1483659477926], [0.857309663751934, 52.146962254115], [0.852897802792098, 52.1495075875676], [0.857154084355895, 52.1549752585952], [0.853683005005011, 52.1619632317493], [0.859440730867732, 52.1659364681639], [0.861922448048984, 52.1638306774307], [0.8688231203607, 52.1655771196163], [0.881521958970236, 52.1547188165991], [0.893883149120263, 52.1576765431501]]]}, "properties": {"FID": 28356, "LSOA21CD": "E01029876", "LSOA21NM": "Babergh 001A", "LSOA21NMW": " ", "BNG_E": 598591, "BNG_N": 252081, "LAT": 52.13135, "LONG": 0.900115, "GlobalID": "92ad8439-5891-43f3-ab19-31d786149d5b", "LSOA name (2021)": "Babergh 001A", "Local Authority District code (2024)": "E07000200", "Local Authority District name (2024)": "Babergh", "Index of Multiple Deprivation (IMD) Rank": 12930, "Index of Multiple Deprivation (IMD) Decile": 4}}, {"type": "Feature", "id": 28357, "geometry": {"type": "Polygon", "coordinates": [[[1.06538753241226, 52.0653919818881], [1.07401351611795, 52.0479651859901], [1.06669175409741, 52.0414328727124], [1.07293327454941, 52.0398953380132], [1.07147768383629, 52.0360000618531], [1.06111806913595, 52.0307017811222], [1.06400708839198, 52.024350242854], [1.08168147784119, 52.0308268630654], [1.08300068644691, 52.0341949140755], [1.08411004396929, 52.0295805458738], [1.08779895474642, 52.0293676034456], [1.07522052885647, 52.0176975546581], [1.06035657158694, 52.0067842801418], [1.05403454278669, 52.0185772486495], [1.04844273467654, 52.0259956914248], [1.04307939574831, 52.0247453377484], [1.03911461867768, 52.0293687990359], [1.03367818520914, 52.0277459686564], [1.01764522609256, 52.0346834477736], [1.01588602164204, 52.0357174955356], [1.00123053837213, 52.0540406564439], [1.00181453480985, 52.0542108465814], [0.997414835599258, 52.0598271042562], [1.00256613836058, 52.0662977505993], [1.01203436025576, 52.068844663], [1.0127342865891, 52.0719613532504], [1.02602061725451, 52.0708867972632], [1.04143507666561, 52.0686182348162], [1.04146282259219, 52.07457787263], [1.04664299107954, 52.0780943799995], [1.05818871740621, 52.0665346868493], [1.06538753241226, 52.0653919818881]]]}, "properties": {"FID": 28357, "LSOA21CD": "E01029877", "LSOA21NM": "Babergh 005A", "LSOA21NMW": " ", "BNG_E": 608747, "BNG_N": 243567, "LAT": 52.05117, "LONG": 1.043065, "GlobalID": "a12494bc-c353-4426-b26d-535615790dcf", "LSOA name (2021)": "Babergh 005A", "Local Authority District code (2024)": "E07000200", "Local Authority District name (2024)": "Babergh", "Index of Multiple Deprivation (IMD) Rank": 22495, "Index of Multiple Deprivation (IMD) Decile": 7}}, {"type": "Feature", "id": 28358, "geometry": {"type": "Polygon", "coordinates": [[[1.11402011045304, 52.066957160754], [1.12202319438, 52.0615147923764], [1.12200420099587, 52.0574251491926], [1.1102509098941, 52.0535017115711], [1.11431402373233, 52.0485972914186], [1.10727706192442, 52.0465188152582], [1.10313868923959, 52.0442449423025], [1.1058355389306, 52.0473578727199], [1.09980442205464, 52.0493695233669], [1.1083485521847, 52.0551880304025], [1.10175996782557, 52.0590504481183], [1.09617068002953, 52.0561589188602], [1.09095662954856, 52.0586243613791], [1.09459160536084, 52.0660540375791], [1.10919688801618, 52.0710043564842], [1.11402011045304, 52.066957160754]]]}, "properties": {"FID": 28358, "LSOA21CD": "E01029878", "LSOA21NM": "Babergh 005B", "LSOA21NMW": " ", "BNG_E": 613022, "BNG_N": 245139, "LAT": 52.06366, "LONG": 1.106295, "GlobalID": "d63e65ef-0d77-4a31-97af-c5a02e26d254", "LSOA name (2021)": "Babergh 005B", "Local Authority District code (2024)": "E07000200", "Local Authority District name (2024)": "Babergh", "Index of Multiple Deprivation (IMD) Rank": 27843, "Index of Multiple Deprivation (IMD) Decile": 9}}, {"type": "Feature", "id": 28359, "geometry": {"type": "MultiPolygon", "coordinates": [[[[1.16067641151017, 52.0326405099559], [1.16622686583005, 52.0298644102482], [1.16064145745757, 52.0316196051115], [1.16067641151017, 52.0326405099559]]], [[[1.09095662954856, 52.0586243613791], [1.09617068002953, 52.0561589188602], [1.10175996782557, 52.0590504481183], [1.1083485521847, 52.0551880304025], [1.09980442205464, 52.0493695233669], [1.1058355389306, 52.0473578727199], [1.10313868923959, 52.0442449423025], [1.09563832434417, 52.0404840932855], [1.09725049429222, 52.037413829663], [1.12958073163836, 52.0258585245533], [1.14671298045665, 52.0338779437595], [1.15052620469011, 52.0342324027609], [1.15003489113037, 52.034004890136], [1.16188953216225, 52.0268047685947], [1.16661059603503, 52.0187245299672], [1.13703905191237, 52.01024195263], [1.13916527827628, 52.0001903774477], [1.13857322363681, 52.0001108254234], [1.12238213208777, 52.0028371720432], [1.12088799270915, 52.0069777320837], [1.11625453582169, 52.0052878245135], [1.11109819209449, 52.0073842048966], [1.11508512703163, 52.0107936564036], [1.09481640053711, 52.0150843155674], [1.09524839576076, 52.018243923715], [1.07522052885647, 52.0176975546581], [1.08779895474642, 52.0293676034456], [1.08411004396929, 52.0295805458738], [1.08300068644691, 52.0341949140755], [1.08168147784119, 52.0308268630654], [1.06400708839198, 52.024350242854], [1.06111806913595, 52.0307017811222], [1.07147768383629, 52.0360000618531], [1.07293327454941, 52.0398953380132], [1.06669175409741, 52.0414328727124], [1.07401351611795, 52.0479651859901], [1.06538753241226, 52.0653919818881], [1.09459160536084, 52.0660540375791], [1.09095662954856, 52.0586243613791]]]]}, "properties": {"FID": 28359, "LSOA21CD": "E01029879", "LSOA21NM": "Babergh 005C", "LSOA21NMW": " ", "BNG_E": 613745, "BNG_N": 240502, "LAT": 52.02175, "LONG": 1.11393, "GlobalID": "97a3bad5-1c19-45d7-b354-57079b742356", "LSOA name (2021)": "Babergh 005C", "Local Authority District code (2024)": "E07000200", "Local Authority District name (2024)": "Babergh", "Index of Multiple Deprivation (IMD) Rank": 21552, "Index of Multiple Deprivation (IMD) Decile": 7}}, {"type": "Feature", "id": 28360, "geometry": {"type": "Polygon", "coordinates": [[[0.809716890217157, 52.0499645404163], [0.812601004942428, 52.0435110959199], [0.835073985580647, 52.0315306053578], [0.836239844506295, 52.0263400923633], [0.809594781763405, 52.0233557682915], [0.806863685783172, 52.0252985623296], [0.800970188814458, 52.0211097676601], [0.802464388082066, 52.013535471495], [0.794685579032326, 52.0085298406013], [0.786208812198345, 52.007926694682], [0.790571972548461, 52.0061969144911], [0.792086491758907, 51.9912994547333], [0.802950279395126, 51.9917390394724], [0.804002953397869, 51.983505652864], [0.813701033969676, 51.9870641472565], [0.817392636208242, 51.9813207627169], [0.81450338700952, 51.9697922578254], [0.807129245105814, 51.9689250036397], [0.807689041894357, 51.9617642109983], [0.796850545971146, 51.9634422154615], [0.787161979658815, 51.9631339289767], [0.785123015875692, 51.9674945522787], [0.78147088096987, 51.9665126022981], [0.77226104602285, 51.9704249162435], [0.774633523107018, 51.9825918142864], [0.759667978735818, 51.985429071708], [0.761149433984657, 51.9974831332042], [0.749863631187383, 51.999858475413], [0.74915886286297, 52.0055501154335], [0.738526926613591, 52.0106983166109], [0.742409973302743, 52.0163570421723], [0.755213468169913, 52.020677750007], [0.758073117966946, 52.018119189838], [0.771438903434702, 52.0205859346658], [0.784733457611113, 52.017071862866], [0.78592051463577, 52.0188096523138], [0.786071910241278, 52.0247702421225], [0.781054149874007, 52.0236820096781], [0.778490884811516, 52.0284838083953], [0.783799611915502, 52.0305949775377], [0.780823541605154, 52.0369691536094], [0.768661935938287, 52.0414674572446], [0.785042689947038, 52.0471267993951], [0.799708742792189, 52.0470326334452], [0.802107020688196, 52.0519255071068], [0.806388950564566, 52.0477586354709], [0.809716890217157, 52.0499645404163]]]}, "properties": {"FID": 28360, "LSOA21CD": "E01029880", "LSOA21NM": "Babergh 006A", "LSOA21NMW": " ", "BNG_E": 591330, "BNG_N": 240233, "LAT": 52.02751, "LONG": 0.787527, "GlobalID": "4608a5e4-40ab-45d2-b60c-e4fa035b6e63", "LSOA name (2021)": "Babergh 006A", "Local Authority District code (2024)": "E07000200", "Local Authority District name (2024)": "Babergh", "Index of Multiple Deprivation (IMD) Rank": 19766, "Index of Multiple Deprivation (IMD) Decile": 6}}, {"type": "Feature", "id": 28361, "geometry": {"type": "Polygon", "coordinates": [[[0.715966515472843, 52.1776890987876], [0.722798948510232, 52.1651039201279], [0.728161957417513, 52.1680995648989], [0.732775998040623, 52.1647543917724], [0.73833559351072, 52.1699707820859], [0.741992179575493, 52.1593308338349], [0.76154173879542, 52.1579380831891], [0.757571024306177, 52.1496829161217], [0.765394020095975, 52.1403201955488], [0.74792822238449, 52.1276119296431], [0.738027089827075, 52.1283036457397], [0.737287498156289, 52.1312413297371], [0.731416530892586, 52.129000389458], [0.729811903983453, 52.1187371335976], [0.734639330814432, 52.1150871856225], [0.729468906922754, 52.110986598577], [0.722065807023535, 52.1163165441687], [0.716149052258676, 52.1156884741332], [0.70115790315159, 52.1229638571927], [0.698880383196123, 52.1215885417824], [0.695375877021894, 52.1303463870761], [0.681469984811839, 52.1301311805124], [0.679395892807452, 52.1193832003536], [0.675830526378805, 52.1188363768905], [0.67825034873408, 52.1156876690932], [0.673293344905643, 52.114895069482], [0.637286774385985, 52.1146618591203], [0.63267652554517, 52.1152358525454], [0.635828171370696, 52.1229599192779], [0.628612892850917, 52.1246226819034], [0.633352530263452, 52.1277129878523], [0.62691612785677, 52.131000597692], [0.6372075660054, 52.133392771797], [0.633373935233777, 52.1424903768112], [0.640261442968506, 52.1458184812534], [0.637541370578979, 52.1502329097066], [0.641387196601998, 52.1562844816089], [0.646375337337136, 52.1569455838103], [0.645374022874778, 52.1601772772009], [0.663418592959052, 52.1607008443998], [0.663710636245778, 52.1563321998296], [0.675540097196735, 52.1592602864004], [0.674253625930874, 52.1567314407974], [0.682043443501199, 52.1559977198386], [0.68618235509216, 52.1593105693845], [0.691948336605024, 52.1578175884525], [0.690871861154881, 52.1663416809722], [0.69732861723624, 52.1701230311584], [0.694441915998591, 52.180209863754], [0.703354119826715, 52.1810764879115], [0.715966515472843, 52.1776890987876]]]}, "properties": {"FID": 28361, "LSOA21CD": "E01029881", "LSOA21NM": "Babergh 002A", "LSOA21NMW": " ", "BNG_E": 584844, "BNG_N": 253232, "LAT": 52.14645, "LONG": 0.700138, "GlobalID": "21660d64-f072-4019-a7d4-af7e18e81c0e", "LSOA name (2021)": "Babergh 002A", "Local Authority District code (2024)": "E07000200", "Local Authority District name (2024)": "Babergh", "Index of Multiple Deprivation (IMD) Rank": 18852, "Index of Multiple Deprivation (IMD) Decile": 6}}, {"type": "Feature", "id": 28362, "geometry": {"type": "Polygon", "coordinates": [[[1.03471592622772, 51.9573374420939], [1.02471204732488, 51.95490160814], [1.01156172309203, 51.9550697770401], [1.00126438076828, 51.9634047977127], [0.996890058352806, 51.9813118767415], [1.0074532137311, 51.9868679771633], [1.01592637568751, 51.9785848493708], [1.01247854614229, 51.9766815777343], [1.0257766572971, 51.9735957163647], [1.0300940434163, 51.9776551311049], [1.03342974265188, 51.974595670233], [1.03254323130442, 51.9677987290677], [1.03594023600868, 51.9679680093361], [1.03865246278604, 51.9622562778354], [1.03471592622772, 51.9573374420939]]]}, "properties": {"FID": 28362, "LSOA21CD": "E01029882", "LSOA21NM": "Babergh 010C", "LSOA21NMW": " ", "BNG_E": 607272, "BNG_N": 234469, "LAT": 51.97004, "LONG": 1.016085, "GlobalID": "bb7e06fc-76c6-4e06-9253-c42af136ea7c", "LSOA name (2021)": "Babergh 010C", "Local Authority District code (2024)": "E07000200", "Local Authority District name (2024)": "Babergh", "Index of Multiple Deprivation (IMD) Rank": 24946, "Index of Multiple Deprivation (IMD) Decile": 8}}, {"type": "Feature", "id": 28363, "geometry": {"type": "Polygon", "coordinates": [[[1.11109819209449, 52.0073842048966], [1.09979553327293, 51.998212265126], [1.09007940320436, 51.995703979633], [1.086057812305, 51.986893871973], [1.09161955487031, 51.9864618117872], [1.09137396071275, 51.9821314754844], [1.08577232223585, 51.9813456210192], [1.09052695569095, 51.9741301319152], [1.07270348489619, 51.9782285597263], [1.06162353320128, 51.9701537669068], [1.0448473907916, 51.9662028342112], [1.04833097832108, 51.9593203952772], [1.03914011157158, 51.956179462295], [1.03471592622772, 51.9573374420939], [1.03865246278604, 51.9622562778354], [1.03594023600868, 51.9679680093361], [1.03254323130442, 51.9677987290677], [1.03342974265188, 51.974595670233], [1.0300940434163, 51.9776551311049], [1.0257766572971, 51.9735957163647], [1.01247854614229, 51.9766815777343], [1.01592637568751, 51.9785848493708], [1.0074532137311, 51.9868679771633], [1.01368304464992, 51.9938258690072], [1.02627642541847, 51.9921111121429], [1.03613058865365, 51.9843130494282], [1.05418220131732, 51.9810862751254], [1.0640176722289, 51.9961563916406], [1.05821940582388, 52.0023475373511], [1.05784094136346, 52.0029675020569], [1.06035657158694, 52.0067842801418], [1.07522052885647, 52.0176975546581], [1.09524839576076, 52.018243923715], [1.09481640053711, 52.0150843155674], [1.11508512703163, 52.0107936564036], [1.11109819209449, 52.0073842048966]]]}, "properties": {"FID": 28363, "LSOA21CD": "E01029883", "LSOA21NM": "Babergh 010D", "LSOA21NMW": " ", "BNG_E": 611218, "BNG_N": 236512, "LAT": 51.9869, "LONG": 1.074699, "GlobalID": "128a9b36-6ef0-4534-94d8-c2c18ac5afbe", "LSOA name (2021)": "Babergh 010D", "Local Authority District code (2024)": "E07000200", "Local Authority District name (2024)": "Babergh", "Index of Multiple Deprivation (IMD) Rank": 26937, "Index of Multiple Deprivation (IMD) Decile": 8}}, {"type": "Feature", "id": 28364, "geometry": {"type": "Polygon", "coordinates": [[[0.653653876986437, 52.096587197509], [0.637286774385985, 52.1146618591203], [0.673293344905643, 52.114895069482], [0.673703914849511, 52.1119420898832], [0.663520174320759, 52.1076326791634], [0.669778361583866, 52.105676328357], [0.667804678672627, 52.1026824276552], [0.673425864861696, 52.1028606386487], [0.664294626824694, 52.0980296059667], [0.669569491163998, 52.0923432821948], [0.653653876986437, 52.096587197509]]]}, "properties": {"FID": 28364, "LSOA21CD": "E01029884", "LSOA21NM": "Babergh 002B", "LSOA21NMW": " ", "BNG_E": 581934, "BNG_N": 248649, "LAT": 52.10626, "LONG": 0.65521, "GlobalID": "e85bdd82-426a-439c-a5ba-a967b1e97e7b", "LSOA name (2021)": "Babergh 002B", "Local Authority District code (2024)": "E07000200", "Local Authority District name (2024)": "Babergh", "Index of Multiple Deprivation (IMD) Rank": 13440, "Index of Multiple Deprivation (IMD) Decile": 4}}, {"type": "Feature", "id": 28365, "geometry": {"type": "Polygon", "coordinates": [[[0.698880383196123, 52.1215885417824], [0.705634246971077, 52.1179642934543], [0.699898353324017, 52.1119904790338], [0.70751626263247, 52.1116367104055], [0.707427111270666, 52.1047105256757], [0.700203246106866, 52.1019574176411], [0.6985280001949, 52.0949491125965], [0.691347317172869, 52.0918733201431], [0.688253465487476, 52.0847757342558], [0.683116834658536, 52.0870405939128], [0.67894531481297, 52.0838857604059], [0.672442775416469, 52.0861704154453], [0.660860972294003, 52.0836994632325], [0.656900865008055, 52.0854416627125], [0.653653876986437, 52.096587197509], [0.669569491163998, 52.0923432821948], [0.664294626824694, 52.0980296059667], [0.673425864861696, 52.1028606386487], [0.667804678672627, 52.1026824276552], [0.669778361583866, 52.105676328357], [0.663520174320759, 52.1076326791634], [0.673703914849511, 52.1119420898832], [0.673293344905643, 52.114895069482], [0.67825034873408, 52.1156876690932], [0.675830526378805, 52.1188363768905], [0.679395892807452, 52.1193832003536], [0.681469984811839, 52.1301311805124], [0.695375877021894, 52.1303463870761], [0.698880383196123, 52.1215885417824]]]}, "properties": {"FID": 28365, "LSOA21CD": "E01029885", "LSOA21NM": "Babergh 002C", "LSOA21NMW": " ", "BNG_E": 583713, "BNG_N": 248836, "LAT": 52.10735, "LONG": 0.681257, "GlobalID": "3df9c372-2bc6-41ae-ac2a-0ec60fbf6d12", "LSOA name (2021)": "Babergh 002C", "Local Authority District code (2024)": "E07000200", "Local Authority District name (2024)": "Babergh", "Index of Multiple Deprivation (IMD) Rank": 25267, "Index of Multiple Deprivation (IMD) Decile": 8}}, {"type": "Feature", "id": 28366, "geometry": {"type": "Polygon", "coordinates": [[[0.75232832362743, 52.0332204029126], [0.749443238763197, 52.0305064994063], [0.740172648131032, 52.0315174181335], [0.739176654343602, 52.0322777363621], [0.737242895080971, 52.0356612835623], [0.745317921068715, 52.036867384199], [0.75232832362743, 52.0332204029126]]]}, "properties": {"FID": 28366, "LSOA21CD": "E01029886", "LSOA21NM": "Babergh 008A", "LSOA21NMW": " ", "BNG_E": 588388, "BNG_N": 240808, "LAT": 52.03368, "LONG": 0.745013, "GlobalID": "3af6b300-2c2e-4515-9afd-d9101b21fe5e", "LSOA name (2021)": "Babergh 008A", "Local Authority District code (2024)": "E07000200", "Local Authority District name (2024)": "Babergh", "Index of Multiple Deprivation (IMD) Rank": 6915, "Index of Multiple Deprivation (IMD) Decile": 3}}, {"type": "Feature", "id": 28367, "geometry": {"type": "Polygon", "coordinates": [[[0.752967766284871, 52.0329805930784], [0.754062165888315, 52.0285000525792], [0.740914494323087, 52.0254015101704], [0.740172648131032, 52.0315174181335], [0.749443238763197, 52.0305064994063], [0.75232832362743, 52.0332204029126], [0.752967766284871, 52.0329805930784]]]}, "properties": {"FID": 28367, "LSOA21CD": "E01029887", "LSOA21NM": "Babergh 008B", "LSOA21NMW": " ", "BNG_E": 588646, "BNG_N": 240326, "LAT": 52.02927, "LONG": 0.748504, "GlobalID": "d204d8ce-2b69-409c-876e-73df09bd2542", "LSOA name (2021)": "Babergh 008B", "Local Authority District code (2024)": "E07000200", "Local Authority District name (2024)": "Babergh", "Index of Multiple Deprivation (IMD) Rank": 24511, "Index of Multiple Deprivation (IMD) Decile": 8}}, {"type": "Feature", "id": 28368, "geometry": {"type": "Polygon", "coordinates": [[[0.752967766284871, 52.0329805930784], [0.75232832362743, 52.0332204029126], [0.745317921068715, 52.036867384199], [0.746089522650866, 52.0389772685372], [0.752548157039416, 52.0404642802183], [0.750797196674617, 52.0368887896348], [0.756429856792906, 52.0337959180944], [0.752967766284871, 52.0329805930784]]]}, "properties": {"FID": 28368, "LSOA21CD": "E01029888", "LSOA21NM": "Babergh 008C", "LSOA21NMW": " ", "BNG_E": 588589, "BNG_N": 241162, "LAT": 52.0368, "LONG": 0.748135, "GlobalID": "b4e31d76-4479-4982-a723-fa2b95b66dc9", "LSOA name (2021)": "Babergh 008C", "Local Authority District code (2024)": "E07000200", "Local Authority District name (2024)": "Babergh", "Index of Multiple Deprivation (IMD) Rank": 9921, "Index of Multiple Deprivation (IMD) Decile": 3}}, {"type": "Feature", "id": 28369, "geometry": {"type": "Polygon", "coordinates": [[[0.755803499049221, 52.0280335223849], [0.754062165888315, 52.0285000525792], [0.752967766284871, 52.0329805930784], [0.756429856792906, 52.0337959180944], [0.750797196674617, 52.0368887896348], [0.752548157039416, 52.0404642802183], [0.75350761943805, 52.0405483688953], [0.761172616080439, 52.0414992227689], [0.766062254035686, 52.0321665294331], [0.755803499049221, 52.0280335223849]]]}, "properties": {"FID": 28369, "LSOA21CD": "E01029889", "LSOA21NM": "Babergh 008D", "LSOA21NMW": " ", "BNG_E": 589301, "BNG_N": 241000, "LAT": 52.0351, "LONG": 0.758413, "GlobalID": "69c3c77d-a366-464a-9251-a82068815bce", "LSOA name (2021)": "Babergh 008D", "Local Authority District code (2024)": "E07000200", "Local Authority District name (2024)": "Babergh", "Index of Multiple Deprivation (IMD) Rank": 6994, "Index of Multiple Deprivation (IMD) Decile": 3}}, {"type": "Feature", "id": 28370, "geometry": {"type": "Polygon", "coordinates": [[[0.755213468169913, 52.020677750007], [0.761019064404504, 52.0235340550445], [0.755803499049221, 52.0280335223849], [0.766062254035686, 52.0321665294331], [0.761172616080439, 52.0414992227689], [0.768661935938287, 52.0414674572446], [0.780823541605154, 52.0369691536094], [0.783799611915502, 52.0305949775377], [0.778490884811516, 52.0284838083953], [0.781054149874007, 52.0236820096781], [0.786071910241278, 52.0247702421225], [0.78592051463577, 52.0188096523138], [0.784733457611113, 52.017071862866], [0.771438903434702, 52.0205859346658], [0.758073117966946, 52.018119189838], [0.755213468169913, 52.020677750007]]]}, "properties": {"FID": 28370, "LSOA21CD": "E01029890", "LSOA21NM": "Babergh 008E", "LSOA21NMW": " ", "BNG_E": 590226, "BNG_N": 240494, "LAT": 52.03024, "LONG": 0.7716, "GlobalID": "6aa93552-5bfc-4e38-a975-07f6aff28483", "LSOA name (2021)": "Babergh 008E", "Local Authority District code (2024)": "E07000200", "Local Authority District name (2024)": "Babergh", "Index of Multiple Deprivation (IMD) Rank": 20746, "Index of Multiple Deprivation (IMD) Decile": 7}}, {"type": "Feature", "id": 28371, "geometry": {"type": "Polygon", "coordinates": [[[0.755803499049221, 52.0280335223849], [0.761019064404504, 52.0235340550445], [0.755213468169913, 52.020677750007], [0.742409973302743, 52.0163570421723], [0.740914494323087, 52.0254015101704], [0.754062165888315, 52.0285000525792], [0.755803499049221, 52.0280335223849]]]}, "properties": {"FID": 28371, "LSOA21CD": "E01029891", "LSOA21NM": "Babergh 008F", "LSOA21NMW": " ", "BNG_E": 588747, "BNG_N": 239565, "LAT": 52.0224, "LONG": 0.749555, "GlobalID": "9c76574d-bf23-4c4e-929e-c543900de0f5", "LSOA name (2021)": "Babergh 008F", "Local Authority District code (2024)": "E07000200", "Local Authority District name (2024)": "Babergh", "Index of Multiple Deprivation (IMD) Rank": 18766, "Index of Multiple Deprivation (IMD) Decile": 6}}, {"type": "Feature", "id": 28372, "geometry": {"type": "Polygon", "coordinates": [[[0.960361145195275, 52.045743975049], [0.952207749449669, 52.0406073899492], [0.94919813595121, 52.0449983763765], [0.952951844310317, 52.0495472483186], [0.957657847538633, 52.0478808010793], [0.963324472730803, 52.0508396104447], [0.960361145195275, 52.045743975049]]]}, "properties": {"FID": 28372, "LSOA21CD": "E01029892", "LSOA21NM": "Babergh 004A", "LSOA21NMW": " ", "BNG_E": 602780, "BNG_N": 242729, "LAT": 52.04586, "LONG": 0.955672, "GlobalID": "d81c428b-28d2-473f-b82f-42dd6ead5a1c", "LSOA name (2021)": "Babergh 004A", "Local Authority District code (2024)": "E07000200", "Local Authority District name (2024)": "Babergh", "Index of Multiple Deprivation (IMD) Rank": 10185, "Index of Multiple Deprivation (IMD) Decile": 4}}, {"type": "Feature", "id": 28373, "geometry": {"type": "Polygon", "coordinates": [[[0.954626493207609, 52.0387396303567], [0.961111617086371, 52.0413683877396], [0.966801040030935, 52.035197759978], [0.958698808423859, 52.0352078500113], [0.954626493207609, 52.0387396303567]]]}, "properties": {"FID": 28373, "LSOA21CD": "E01029894", "LSOA21NM": "Babergh 004C", "LSOA21NMW": " ", "BNG_E": 603166, "BNG_N": 241890, "LAT": 52.03819, "LONG": 0.960795, "GlobalID": "3d295328-c9fe-4fa8-923a-f610d7626522", "LSOA name (2021)": "Babergh 004C", "Local Authority District code (2024)": "E07000200", "Local Authority District name (2024)": "Babergh", "Index of Multiple Deprivation (IMD) Rank": 27065, "Index of Multiple Deprivation (IMD) Decile": 9}}, {"type": "Feature", "id": 28374, "geometry": {"type": "Polygon", "coordinates": [[[1.01588602164204, 52.0357174955356], [0.996458955141609, 52.0297490381923], [0.967170949169867, 52.0272646221818], [0.96534617964652, 52.0310972424962], [0.954756955483924, 52.0314773309402], [0.952756047951218, 52.0368393770253], [0.945225124828371, 52.0390300486526], [0.951720249346763, 52.0405274513567], [0.954626493207609, 52.0387396303567], [0.958698808423859, 52.0352078500113], [0.966801040030935, 52.035197759978], [0.961111617086371, 52.0413683877396], [0.964214475706595, 52.0413843749627], [0.959992127009134, 52.041701310868], [0.962802114425927, 52.0461522053113], [0.968319587776908, 52.0426007250538], [0.973031337708739, 52.0382656996312], [0.982750455158898, 52.0384231209912], [0.99079921909629, 52.052145692326], [1.00123053837213, 52.0540406564439], [1.01588602164204, 52.0357174955356]]]}, "properties": {"FID": 28374, "LSOA21CD": "E01029895", "LSOA21NM": "Babergh 004D", "LSOA21NMW": " ", "BNG_E": 605707, "BNG_N": 242230, "LAT": 52.0403, "LONG": 0.997992, "GlobalID": "dfa0d17a-b52e-4876-8a63-c0faca1644b1", "LSOA name (2021)": "Babergh 004D", "Local Authority District code (2024)": "E07000200", "Local Authority District name (2024)": "Babergh", "Index of Multiple Deprivation (IMD) Rank": 32283, "Index of Multiple Deprivation (IMD) Decile": 10}}, {"type": "Feature", "id": 28375, "geometry": {"type": "Polygon", "coordinates": [[[0.968319587776908, 52.0426007250538], [0.962802114425927, 52.0461522053113], [0.959992127009134, 52.041701310868], [0.964214475706595, 52.0413843749627], [0.961111617086371, 52.0413683877396], [0.954626493207609, 52.0387396303567], [0.951720249346763, 52.0405274513567], [0.952207749449669, 52.0406073899492], [0.960361145195275, 52.045743975049], [0.963913018443973, 52.046771621493], [0.968319587776908, 52.0426007250538]]]}, "properties": {"FID": 28375, "LSOA21CD": "E01029896", "LSOA21NM": "Babergh 004E", "LSOA21NMW": " ", "BNG_E": 602972, "BNG_N": 242394, "LAT": 52.04278, "LONG": 0.958269, "GlobalID": "d08142db-2496-4722-a05b-d6bca096185c", "LSOA name (2021)": "Babergh 004E", "Local Authority District code (2024)": "E07000200", "Local Authority District name (2024)": "Babergh", "Index of Multiple Deprivation (IMD) Rank": 17493, "Index of Multiple Deprivation (IMD) Decile": 6}}, {"type": "Feature", "id": 28376, "geometry": {"type": "Polygon", "coordinates": [[[1.21193261803986, 51.9554248206181], [1.21017962852213, 51.9559992188026], [1.20041603775513, 51.9558966127582], [1.18733528346985, 51.9557578349554], [1.17787143998466, 51.9648253294121], [1.16304862837031, 51.9672951599049], [1.16354272628026, 51.9705251526761], [1.15992780027042, 51.9652410681146], [1.15423749611217, 51.9648680590433], [1.14381728818063, 51.9677628686105], [1.14646696261887, 51.9775351498044], [1.130332507893, 51.9824382473898], [1.13835145285586, 51.9925705592532], [1.13857322363681, 52.0001108254234], [1.13916527827628, 52.0001903774477], [1.14281778596014, 51.9971069032555], [1.1517225760922, 51.9985074680959], [1.16364876845358, 51.9957607668906], [1.17554877002281, 51.9857528691631], [1.18658822390627, 51.9862089307219], [1.20084811490489, 51.982312125344], [1.20275177583642, 51.9852473211351], [1.21737423260315, 51.9811220037871], [1.21970521579237, 51.9772344219981], [1.21354662167391, 51.9719887572323], [1.21605494863185, 51.9674788393751], [1.20986040146188, 51.9681067981116], [1.20467582943688, 51.9643096280121], [1.21172006407314, 51.9591064272736], [1.21193261803986, 51.9554248206181]]]}, "properties": {"FID": 28376, "LSOA21CD": "E01029897", "LSOA21NM": "Babergh 011D", "LSOA21NMW": " ", "BNG_E": 618380, "BNG_N": 235769, "LAT": 51.97746, "LONG": 1.17836, "GlobalID": "9528aaec-017d-401d-a2f1-ba2092857e07", "LSOA name (2021)": "Babergh 011D", "Local Authority District code (2024)": "E07000200", "Local Authority District name (2024)": "Babergh", "Index of Multiple Deprivation (IMD) Rank": 22267, "Index of Multiple Deprivation (IMD) Decile": 7}}, {"type": "Feature", "id": 28377, "geometry": {"type": "Polygon", "coordinates": [[[0.803281117824254, 52.093096370246], [0.789636217468495, 52.089450447832], [0.783975104303454, 52.0931936531977], [0.785441482809953, 52.0969262251836], [0.768513648024221, 52.1074663204176], [0.770831611416486, 52.1189533284359], [0.764628191076965, 52.1256074312676], [0.773005223140595, 52.1344017260977], [0.794880912490317, 52.1344261823365], [0.806757495515907, 52.1279412610892], [0.807848050255566, 52.1205875330759], [0.817365948959258, 52.1175693790652], [0.809302996062075, 52.1131566619311], [0.813983114614558, 52.1073782259298], [0.806328052731554, 52.1034859282696], [0.812235346918194, 52.1010947842879], [0.808884912561517, 52.0947643412931], [0.803281117824254, 52.093096370246]]]}, "properties": {"FID": 28377, "LSOA21CD": "E01029898", "LSOA21NM": "Babergh 001B", "LSOA21NMW": " ", "BNG_E": 591166, "BNG_N": 249669, "LAT": 52.11231, "LONG": 0.79042, "GlobalID": "15d7f20e-fa0f-4b21-8cee-6cd6830a6d24", "LSOA name (2021)": "Babergh 001B", "Local Authority District code (2024)": "E07000200", "Local Authority District name (2024)": "Babergh", "Index of Multiple Deprivation (IMD) Rank": 19555, "Index of Multiple Deprivation (IMD) Decile": 6}}, {"type": "Feature", "id": 28378, "geometry": {"type": "Polygon", "coordinates": [[[0.854731000358584, 52.0133060805117], [0.850216852542433, 52.0104465917431], [0.851738495702701, 52.0038688183717], [0.856566310734495, 52.0056853321567], [0.864887293854056, 52.0020981014098], [0.863952061619787, 51.99246981756], [0.867976032094693, 51.9890182720438], [0.859530263026497, 51.9856074479541], [0.858273184595802, 51.9807479685674], [0.832137408589937, 51.9804929962355], [0.833719701878772, 51.9884276441805], [0.82845351106441, 51.9894603912669], [0.8159414097112, 51.9896744719674], [0.813701033969676, 51.9870641472565], [0.804002953397869, 51.983505652864], [0.802950279395126, 51.9917390394724], [0.792086491758907, 51.9912994547333], [0.790571972548461, 52.0061969144911], [0.786208812198345, 52.007926694682], [0.794685579032326, 52.0085298406013], [0.802464388082066, 52.013535471495], [0.800970188814458, 52.0211097676601], [0.806863685783172, 52.0252985623296], [0.809594781763405, 52.0233557682915], [0.836239844506295, 52.0263400923633], [0.839508235379686, 52.0196687465134], [0.833689571681898, 52.0131010868294], [0.846308946190912, 52.0138706151558], [0.849209061554485, 52.0165061380936], [0.849448797792675, 52.0136245678472], [0.854731000358584, 52.0133060805117]]]}, "properties": {"FID": 28378, "LSOA21CD": "E01029899", "LSOA21NM": "Babergh 009B", "LSOA21NMW": " ", "BNG_E": 594074, "BNG_N": 237702, "LAT": 52.00383, "LONG": 0.826039, "GlobalID": "56311421-68b9-4d41-a2f7-c99432b58e0e", "LSOA name (2021)": "Babergh 009B", "Local Authority District code (2024)": "E07000200", "Local Authority District name (2024)": "Babergh", "Index of Multiple Deprivation (IMD) Rank": 22370, "Index of Multiple Deprivation (IMD) Decile": 7}}, {"type": "Feature", "id": 28379, "geometry": {"type": "Polygon", "coordinates": [[[0.773005223140595, 52.1344017260977], [0.764628191076965, 52.1256074312676], [0.770831611416486, 52.1189533284359], [0.768513648024221, 52.1074663204176], [0.757251097417093, 52.0969661535512], [0.749568642485303, 52.0956911395235], [0.745086385274507, 52.0831396100386], [0.736880824399185, 52.0804273492638], [0.734962515056664, 52.0749770830674], [0.73060974792191, 52.0697535049665], [0.719118514100389, 52.0738067286918], [0.717921292507823, 52.0774502220443], [0.729577795168919, 52.0835178337632], [0.721987930398172, 52.0842241139705], [0.715754631796082, 52.1036573502236], [0.73129143760921, 52.1020464800958], [0.73760103510286, 52.1060480712503], [0.729468906922754, 52.110986598577], [0.734639330814432, 52.1150871856225], [0.729811903983453, 52.1187371335976], [0.731416530892586, 52.129000389458], [0.737287498156289, 52.1312413297371], [0.738027089827075, 52.1283036457397], [0.74792822238449, 52.1276119296431], [0.765394020095975, 52.1403201955488], [0.773005223140595, 52.1344017260977]]]}, "properties": {"FID": 28379, "LSOA21CD": "E01029900", "LSOA21NM": "Babergh 003A", "LSOA21NMW": " ", "BNG_E": 587987, "BNG_N": 248717, "LAT": 52.10485, "LONG": 0.743526, "GlobalID": "c2bce9a8-59f8-4af0-8ddb-8f80557699d1", "LSOA name (2021)": "Babergh 003A", "Local Authority District code (2024)": "E07000200", "Local Authority District name (2024)": "Babergh", "Index of Multiple Deprivation (IMD) Rank": 14989, "Index of Multiple Deprivation (IMD) Decile": 5}}, {"type": "Feature", "id": 28380, "geometry": {"type": "Polygon", "coordinates": [[[0.729468906922754, 52.110986598577], [0.73760103510286, 52.1060480712503], [0.73129143760921, 52.1020464800958], [0.715754631796082, 52.1036573502236], [0.721987930398172, 52.0842241139705], [0.729577795168919, 52.0835178337632], [0.717921292507823, 52.0774502220443], [0.719118514100389, 52.0738067286918], [0.73060974792191, 52.0697535049665], [0.734962515056664, 52.0749770830674], [0.742153128648061, 52.0665018303272], [0.740165657278952, 52.0584985497924], [0.740674429400977, 52.0570843834386], [0.731662711563519, 52.0519382751415], [0.720654356651741, 52.0566393160501], [0.711508197684971, 52.0533576918138], [0.703177981851303, 52.0652732559475], [0.709879770029519, 52.0669870766912], [0.712117944449296, 52.0722425396891], [0.70208134220067, 52.0794950134459], [0.692427655738654, 52.0787286090359], [0.688253465487476, 52.0847757342558], [0.691347317172869, 52.0918733201431], [0.6985280001949, 52.0949491125965], [0.700203246106866, 52.1019574176411], [0.707427111270666, 52.1047105256757], [0.70751626263247, 52.1116367104055], [0.699898353324017, 52.1119904790338], [0.705634246971077, 52.1179642934543], [0.698880383196123, 52.1215885417824], [0.70115790315159, 52.1229638571927], [0.716149052258676, 52.1156884741332], [0.722065807023535, 52.1163165441687], [0.729468906922754, 52.110986598577]]]}, "properties": {"FID": 28380, "LSOA21CD": "E01029901", "LSOA21NM": "Babergh 003B", "LSOA21NMW": " ", "BNG_E": 586165, "BNG_N": 245656, "LAT": 52.07797, "LONG": 0.715284, "GlobalID": "aaf071c3-9b46-4792-90ba-3ca4a9df15d6", "LSOA name (2021)": "Babergh 003B", "Local Authority District code (2024)": "E07000200", "Local Authority District name (2024)": "Babergh", "Index of Multiple Deprivation (IMD) Rank": 22451, "Index of Multiple Deprivation (IMD) Decile": 7}}, {"type": "Feature", "id": 28381, "geometry": {"type": "Polygon", "coordinates": [[[0.945225124828371, 52.0390300486526], [0.952756047951218, 52.0368393770253], [0.954756955483924, 52.0314773309402], [0.96534617964652, 52.0310972424962], [0.967170949169867, 52.0272646221818], [0.996458955141609, 52.0297490381923], [1.01588602164204, 52.0357174955356], [1.01764522609256, 52.0346834477736], [1.00618326715826, 52.0225950055743], [1.00839007853098, 52.0150767481643], [1.00381027140271, 52.0092439406207], [0.99309338056143, 52.0064351218213], [0.999225936207963, 52.0077301130234], [1.00260803501404, 52.0025915593335], [0.991795214524531, 52.0006150469584], [0.98897110179625, 52.0030334071948], [0.978373408316118, 51.9948752275069], [0.967833781414343, 51.9990102711736], [0.9757288042202, 51.9871377940332], [0.971649071092218, 51.9747144668285], [0.964176642520416, 51.9731191910031], [0.961905916599946, 51.9769305093018], [0.950919890303578, 51.9840942222281], [0.946346018684753, 51.9936318024016], [0.952228076006234, 51.9962060378456], [0.943078478314574, 52.0005362242838], [0.917873003265762, 52.0033914311581], [0.90589024630031, 51.9945448778575], [0.895615920179396, 51.9949166898702], [0.893387932822068, 51.9927451793426], [0.891483378340639, 51.9967172010341], [0.885574821249888, 51.9977118259974], [0.892046341139524, 52.0037534108205], [0.885171212306121, 52.0040362874995], [0.883365323362743, 52.0072949448785], [0.876136986234183, 52.0092226704474], [0.873785133684555, 52.0046314215021], [0.865424294693981, 52.0045286074861], [0.864887293854056, 52.0020981014098], [0.856566310734495, 52.0056853321567], [0.851738495702701, 52.0038688183717], [0.850216852542433, 52.0104465917431], [0.854731000358584, 52.0133060805117], [0.865519110997609, 52.0105564727622], [0.872033026610682, 52.0137948810122], [0.868542651284046, 52.0167125713537], [0.881613933022784, 52.0223714727651], [0.876624073768328, 52.0281935913266], [0.878826856535774, 52.0311794726194], [0.885184177290408, 52.0327925074618], [0.888711031514829, 52.036086579675], [0.885530292032335, 52.0383059601528], [0.893354163977736, 52.0424279442725], [0.90786218984951, 52.0419822645779], [0.912146315934545, 52.0367271218985], [0.916051920947565, 52.0371925782875], [0.914091859986015, 52.0350418620958], [0.930278334979987, 52.0430298944491], [0.934824310085008, 52.0432684365893], [0.937920038408385, 52.038505949641], [0.945225124828371, 52.0390300486526]]]}, "properties": {"FID": 28381, "LSOA21CD": "E01029902", "LSOA21NM": "Babergh 009C", "LSOA21NMW": " ", "BNG_E": 600705, "BNG_N": 238524, "LAT": 52.00886, "LONG": 0.922992, "GlobalID": "d1791b41-2ae5-4918-9032-2a0ff98c25ad", "LSOA name (2021)": "Babergh 009C", "Local Authority District code (2024)": "E07000200", "Local Authority District name (2024)": "Babergh", "Index of Multiple Deprivation (IMD) Rank": 19816, "Index of Multiple Deprivation (IMD) Decile": 6}}, {"type": "Feature", "id": 28382, "geometry": {"type": "Polygon", "coordinates": [[[1.06035657158694, 52.0067842801418], [1.05784094136346, 52.0029675020569], [1.05340123025992, 52.0063459493278], [1.04645034855518, 52.003415940779], [1.03907240617935, 52.0079114011146], [1.03418807293631, 52.0070910600894], [1.02880067690977, 51.9978255680338], [1.03633067460258, 51.9945353231005], [1.04063609197536, 52.0001711435404], [1.05379844045992, 52.0029662335374], [1.04887352975607, 51.997928365538], [1.05821940582388, 52.0023475373511], [1.0640176722289, 51.9961563916406], [1.05418220131732, 51.9810862751254], [1.03613058865365, 51.9843130494282], [1.02627642541847, 51.9921111121429], [1.0287309845743, 51.9965420381097], [1.02148799107021, 51.9996376823241], [1.01967705387614, 52.0089468917148], [1.03293221560778, 52.0087877533517], [1.05403454278669, 52.0185772486495], [1.06035657158694, 52.0067842801418]]]}, "properties": {"FID": 28382, "LSOA21CD": "E01029903", "LSOA21NM": "Babergh 010E", "LSOA21NMW": " ", "BNG_E": 608859, "BNG_N": 236982, "LAT": 51.99201, "LONG": 1.040682, "GlobalID": "5a944247-17c1-4de1-8697-12b970d1435f", "LSOA name (2021)": "Babergh 010E", "Local Authority District code (2024)": "E07000200", "Local Authority District name (2024)": "Babergh", "Index of Multiple Deprivation (IMD) Rank": 30891, "Index of Multiple Deprivation (IMD) Decile": 10}}, {"type": "Feature", "id": 28383, "geometry": {"type": "Polygon", "coordinates": [[[1.05784094136346, 52.0029675020569], [1.05821940582388, 52.0023475373511], [1.04887352975607, 51.997928365538], [1.05379844045992, 52.0029662335374], [1.04063609197536, 52.0001711435404], [1.03633067460258, 51.9945353231005], [1.02880067690977, 51.9978255680338], [1.03418807293631, 52.0070910600894], [1.03907240617935, 52.0079114011146], [1.04645034855518, 52.003415940779], [1.05340123025992, 52.0063459493278], [1.05784094136346, 52.0029675020569]]]}, "properties": {"FID": 28383, "LSOA21CD": "E01029904", "LSOA21NM": "Babergh 010F", "LSOA21NMW": " ", "BNG_E": 608639, "BNG_N": 237985, "LAT": 52.0011, "LONG": 1.038093, "GlobalID": "1139f0db-81f0-45a5-b670-4da7b75e917c", "LSOA name (2021)": "Babergh 010F", "Local Authority District code (2024)": "E07000200", "Local Authority District name (2024)": "Babergh", "Index of Multiple Deprivation (IMD) Rank": 26634, "Index of Multiple Deprivation (IMD) Decile": 8}}, {"type": "Feature", "id": 28384, "geometry": {"type": "Polygon", "coordinates": [[[1.05403454278669, 52.0185772486495], [1.03293221560778, 52.0087877533517], [1.01967705387614, 52.0089468917148], [1.02148799107021, 51.9996376823241], [1.0287309845743, 51.9965420381097], [1.02627642541847, 51.9921111121429], [1.01368304464992, 51.9938258690072], [1.0074532137311, 51.9868679771633], [0.996890058352806, 51.9813118767415], [1.00126438076828, 51.9634047977127], [0.97986850579913, 51.9614685563075], [0.96859465785116, 51.9634753348283], [0.972006636063822, 51.9685723014467], [0.964176642520416, 51.9731191910031], [0.971649071092218, 51.9747144668285], [0.9757288042202, 51.9871377940332], [0.967833781414343, 51.9990102711736], [0.978373408316118, 51.9948752275069], [0.98897110179625, 52.0030334071948], [0.991795214524531, 52.0006150469584], [1.00260803501404, 52.0025915593335], [0.999225936207963, 52.0077301130234], [0.99309338056143, 52.0064351218213], [1.00381027140271, 52.0092439406207], [1.00839007853098, 52.0150767481643], [1.00618326715826, 52.0225950055743], [1.01764522609256, 52.0346834477736], [1.03367818520914, 52.0277459686564], [1.03911461867768, 52.0293687990359], [1.04307939574831, 52.0247453377484], [1.04844273467654, 52.0259956914248], [1.05403454278669, 52.0185772486495]]]}, "properties": {"FID": 28384, "LSOA21CD": "E01029905", "LSOA21NM": "Babergh 010G", "LSOA21NMW": " ", "BNG_E": 606672, "BNG_N": 238717, "LAT": 52.0084, "LONG": 1.009922, "GlobalID": "912e7c33-ef0e-4673-8db5-0e1118b85015", "LSOA name (2021)": "Babergh 010G", "Local Authority District code (2024)": "E07000200", "Local Authority District name (2024)": "Babergh", "Index of Multiple Deprivation (IMD) Rank": 24653, "Index of Multiple Deprivation (IMD) Decile": 8}}, {"type": "Feature", "id": 28385, "geometry": {"type": "Polygon", "coordinates": [[[0.961905916599946, 51.9769305093018], [0.943294028610853, 51.9707320204226], [0.93206126325549, 51.9717593060132], [0.922837834833104, 51.9762146866594], [0.907672541783174, 51.9729708522706], [0.889688298223126, 51.9733863652736], [0.880300765779061, 51.9664959155647], [0.869885936732133, 51.9692402998168], [0.860900672974812, 51.9664921800015], [0.858171329010161, 51.9628786715105], [0.848999000476121, 51.9607726904009], [0.821642596877846, 51.9687188200961], [0.815203588520563, 51.9669924863012], [0.81231748424256, 51.960935766884], [0.807689041894357, 51.9617642109983], [0.807129245105814, 51.9689250036397], [0.81450338700952, 51.9697922578254], [0.817392636208242, 51.9813207627169], [0.813701033969676, 51.9870641472565], [0.8159414097112, 51.9896744719674], [0.82845351106441, 51.9894603912669], [0.833719701878772, 51.9884276441805], [0.832137408589937, 51.9804929962355], [0.858273184595802, 51.9807479685674], [0.859530263026497, 51.9856074479541], [0.867976032094693, 51.9890182720438], [0.863952061619787, 51.99246981756], [0.864887293854056, 52.0020981014098], [0.865424294693981, 52.0045286074861], [0.873785133684555, 52.0046314215021], [0.876136986234183, 52.0092226704474], [0.883365323362743, 52.0072949448785], [0.885171212306121, 52.0040362874995], [0.892046341139524, 52.0037534108205], [0.885574821249888, 51.9977118259974], [0.891483378340639, 51.9967172010341], [0.893387932822068, 51.9927451793426], [0.895615920179396, 51.9949166898702], [0.90589024630031, 51.9945448778575], [0.917873003265762, 52.0033914311581], [0.943078478314574, 52.0005362242838], [0.952228076006234, 51.9962060378456], [0.946346018684753, 51.9936318024016], [0.950919890303578, 51.9840942222281], [0.961905916599946, 51.9769305093018]]]}, "properties": {"FID": 28385, "LSOA21CD": "E01029906", "LSOA21NM": "Babergh 009D", "LSOA21NMW": " ", "BNG_E": 599747, "BNG_N": 235650, "LAT": 51.9834, "LONG": 0.90738, "GlobalID": "4b1892ee-5791-4f1d-881d-9928b7477816", "LSOA name (2021)": "Babergh 009D", "Local Authority District code (2024)": "E07000200", "Local Authority District name (2024)": "Babergh", "Index of Multiple Deprivation (IMD) Rank": 17508, "Index of Multiple Deprivation (IMD) Decile": 6}}, {"type": "Feature", "id": 28386, "geometry": {"type": "Polygon", "coordinates": [[[0.814169635584244, 52.1707325527536], [0.825579142860185, 52.1626671084785], [0.853683005005011, 52.1619632317493], [0.857154084355895, 52.1549752585952], [0.852897802792098, 52.1495075875676], [0.857309663751934, 52.146962254115], [0.848711403228477, 52.1483659477926], [0.851425995897118, 52.1436934358457], [0.844062872637214, 52.140303202729], [0.844841027810729, 52.1342605431068], [0.872004250806999, 52.1252395979513], [0.877630397887883, 52.1140736689973], [0.886670043745917, 52.1110132094445], [0.882476145591381, 52.1092021583064], [0.898514620314915, 52.1003133689789], [0.908860818817378, 52.1004748285654], [0.910071399388537, 52.097508723882], [0.899043429108712, 52.0813621597101], [0.891862650256354, 52.085329036397], [0.891408332758137, 52.0818309144484], [0.885540687531841, 52.0827580125083], [0.88432095225723, 52.0782881744542], [0.879176151103548, 52.0790871031924], [0.873908154477915, 52.0728174349566], [0.879316529678948, 52.0704808009281], [0.87698732863475, 52.0665729478809], [0.865249266260226, 52.0649731531191], [0.860433932109363, 52.0670388101619], [0.861839716415887, 52.0809324230715], [0.855241257197601, 52.089379096307], [0.84066106464875, 52.0908601883279], [0.828618313674513, 52.0822565174116], [0.822627239825832, 52.0809332616357], [0.821382579945461, 52.0857863656585], [0.814079898733107, 52.0861910916681], [0.811673195846683, 52.0835283010122], [0.803281117824254, 52.093096370246], [0.808884912561517, 52.0947643412931], [0.812235346918194, 52.1010947842879], [0.806328052731554, 52.1034859282696], [0.813983114614558, 52.1073782259298], [0.809302996062075, 52.1131566619311], [0.817365948959258, 52.1175693790652], [0.807848050255566, 52.1205875330759], [0.806757495515907, 52.1279412610892], [0.794880912490317, 52.1344261823365], [0.773005223140595, 52.1344017260977], [0.765394020095975, 52.1403201955488], [0.757571024306177, 52.1496829161217], [0.76154173879542, 52.1579380831891], [0.765050651102736, 52.1739034212542], [0.768688149373541, 52.1749993527539], [0.786919485916425, 52.177894284001], [0.814169635584244, 52.1707325527536]]]}, "properties": {"FID": 28386, "LSOA21CD": "E01029907", "LSOA21NM": "Babergh 001C", "LSOA21NMW": " ", "BNG_E": 594083, "BNG_N": 251059, "LAT": 52.12377, "LONG": 0.833756, "GlobalID": "113e01aa-ca96-462f-be5a-0a2bc5c559a7", "LSOA name (2021)": "Babergh 001C", "Local Authority District code (2024)": "E07000200", "Local Authority District name (2024)": "Babergh", "Index of Multiple Deprivation (IMD) Rank": 17773, "Index of Multiple Deprivation (IMD) Decile": 6}}, {"type": "Feature", "id": 28387, "geometry": {"type": "Polygon", "coordinates": [[[1.10973574319631, 52.0378106176038], [1.11267661119645, 52.0357897478953], [1.11763947126055, 52.0353316520746], [1.12419221573297, 52.0342340237635], [1.1295770857137, 52.02995483948], [1.14162938981909, 52.0329235266196], [1.14671298045665, 52.0338779437595], [1.12958073163836, 52.0258585245533], [1.09725049429222, 52.037413829663], [1.09764140785075, 52.0408729523666], [1.10293158027756, 52.0365413609375], [1.10973574319631, 52.0378106176038]]]}, "properties": {"FID": 28387, "LSOA21CD": "E01029908", "LSOA21NM": "Babergh 005D", "LSOA21NMW": " ", "BNG_E": 613738, "BNG_N": 241793, "LAT": 52.03335, "LONG": 1.114634, "GlobalID": "52018909-022a-4639-ac96-6bfdab6625df", "LSOA name (2021)": "Babergh 005D", "Local Authority District code (2024)": "E07000200", "Local Authority District name (2024)": "Babergh", "Index of Multiple Deprivation (IMD) Rank": 31369, "Index of Multiple Deprivation (IMD) Decile": 10}}, {"type": "Feature", "id": 28388, "geometry": {"type": "Polygon", "coordinates": [[[1.10991959275697, 52.042563648571], [1.11174277953609, 52.0407051128569], [1.1020965198642, 52.0409233045397], [1.10861348408557, 52.0404393404206], [1.10973574319631, 52.0378106176038], [1.10293158027756, 52.0365413609375], [1.09764140785075, 52.0408729523666], [1.09725049429222, 52.037413829663], [1.09563832434417, 52.0404840932855], [1.10313868923959, 52.0442449423025], [1.10727706192442, 52.0465188152582], [1.10991959275697, 52.042563648571]]]}, "properties": {"FID": 28388, "LSOA21CD": "E01029909", "LSOA21NM": "Babergh 005E", "LSOA21NMW": " ", "BNG_E": 612755, "BNG_N": 242665, "LAT": 52.04155, "LONG": 1.100868, "GlobalID": "643354b2-53d8-4624-99e1-dbf362d03122", "LSOA name (2021)": "Babergh 005E", "Local Authority District code (2024)": "E07000200", "Local Authority District name (2024)": "Babergh", "Index of Multiple Deprivation (IMD) Rank": 26866, "Index of Multiple Deprivation (IMD) Decile": 8}}, {"type": "Feature", "id": 28389, "geometry": {"type": "Polygon", "coordinates": [[[1.11267661119645, 52.0357897478953], [1.10973574319631, 52.0378106176038], [1.10861348408557, 52.0404393404206], [1.1020965198642, 52.0409233045397], [1.11174277953609, 52.0407051128569], [1.11267661119645, 52.0357897478953]]]}, "properties": {"FID": 28389, "LSOA21CD": "E01029910", "LSOA21NM": "Babergh 005F", "LSOA21NMW": " ", "BNG_E": 613216, "BNG_N": 242679, "LAT": 52.0415, "LONG": 1.107588, "GlobalID": "332456df-0b1d-42ab-a2bb-e72e3b53bb4e", "LSOA name (2021)": "Babergh 005F", "Local Authority District code (2024)": "E07000200", "Local Authority District name (2024)": "Babergh", "Index of Multiple Deprivation (IMD) Rank": 9256, "Index of Multiple Deprivation (IMD) Decile": 3}}, {"type": "Feature", "id": 28390, "geometry": {"type": "Polygon", "coordinates": [[[0.95118750389313, 52.1147122920162], [0.951797001721376, 52.112707055806], [0.959415302120266, 52.1048180186717], [0.973120570747882, 52.1069230412413], [0.975362246683037, 52.1014251546713], [0.970779176649851, 52.0956703397808], [1.00380828788624, 52.0986096317325], [1.00661019630012, 52.0935260817918], [1.02030245896215, 52.0868700364605], [1.02820514073312, 52.0767471714426], [1.02602061725451, 52.0708867972632], [1.0127342865891, 52.0719613532504], [1.01203436025576, 52.068844663], [1.00256613836058, 52.0662977505993], [0.997414835599258, 52.0598271042562], [1.00181453480985, 52.0542108465814], [0.958435959655825, 52.055818738969], [0.960366268237736, 52.0610899260388], [0.951300214004542, 52.0617213248077], [0.950768369521431, 52.0685214620964], [0.941021292411218, 52.0701319834863], [0.934475627781604, 52.0670521686046], [0.93585703605652, 52.0617667070914], [0.930255647609022, 52.0549102480986], [0.90786218984951, 52.0419822645779], [0.893354163977736, 52.0424279442725], [0.885530292032335, 52.0383059601528], [0.888711031514829, 52.036086579675], [0.885184177290408, 52.0327925074618], [0.878826856535774, 52.0311794726194], [0.865567834524362, 52.0359080053733], [0.877048468941251, 52.0406503235771], [0.875694019391929, 52.0453149223475], [0.887324869673929, 52.0492168604841], [0.886710590639728, 52.0583220223697], [0.906914377969105, 52.0598823050008], [0.905528844804049, 52.0673884868844], [0.895776987407614, 52.0728899041426], [0.906233678737581, 52.0756400150737], [0.905372121661607, 52.0804790456793], [0.902462038201032, 52.078976469619], [0.899043429108712, 52.0813621597101], [0.910071399388537, 52.097508723882], [0.909878910301231, 52.1001169239709], [0.913937749784968, 52.0987658061071], [0.920722760620886, 52.1048643313428], [0.937687153945823, 52.1080415555853], [0.931970923454893, 52.1142435362851], [0.934375883837338, 52.1165814127324], [0.941808664178695, 52.1178364370332], [0.95118750389313, 52.1147122920162]]]}, "properties": {"FID": 28390, "LSOA21CD": "E01029911", "LSOA21NM": "Babergh 004F", "LSOA21NMW": " ", "BNG_E": 602889, "BNG_N": 245789, "LAT": 52.0733, "LONG": 0.959076, "GlobalID": "e53e963a-7409-4830-93ab-19adb255e4e4", "LSOA name (2021)": "Babergh 004F", "Local Authority District code (2024)": "E07000200", "Local Authority District name (2024)": "Babergh", "Index of Multiple Deprivation (IMD) Rank": 21809, "Index of Multiple Deprivation (IMD) Decile": 7}}, {"type": "Feature", "id": 28391, "geometry": {"type": "Polygon", "coordinates": [[[0.744932047143437, 52.0471133498706], [0.734815039414396, 52.0421482977859], [0.733959620674653, 52.0385750302867], [0.733612343950226, 52.0385339864948], [0.731623391029118, 52.0419528006776], [0.734430518193095, 52.0433481497312], [0.738235063401437, 52.0471454877879], [0.738985964556034, 52.0494715466602], [0.742543753428327, 52.0483651062359], [0.739253603539541, 52.0460061986744], [0.744932047143437, 52.0471133498706]]]}, "properties": {"FID": 28391, "LSOA21CD": "E01029912", "LSOA21NM": "Babergh 007A", "LSOA21NMW": " ", "BNG_E": 587862, "BNG_N": 242067, "LAT": 52.04517, "LONG": 0.738045, "GlobalID": "7552b02b-c384-4141-b59f-a45e4cd511b2", "LSOA name (2021)": "Babergh 007A", "Local Authority District code (2024)": "E07000200", "Local Authority District name (2024)": "Babergh", "Index of Multiple Deprivation (IMD) Rank": 9803, "Index of Multiple Deprivation (IMD) Decile": 3}}, {"type": "Feature", "id": 28392, "geometry": {"type": "Polygon", "coordinates": [[[0.75350761943805, 52.0405483688953], [0.752548157039416, 52.0404642802183], [0.746089522650866, 52.0389772685372], [0.733959620674653, 52.0385750302867], [0.734815039414396, 52.0421482977859], [0.744932047143437, 52.0471133498706], [0.747196242130739, 52.0473904554267], [0.756186423598001, 52.0415852949852], [0.75350761943805, 52.0405483688953]]]}, "properties": {"FID": 28392, "LSOA21CD": "E01029913", "LSOA21NM": "Babergh 007B", "LSOA21NMW": " ", "BNG_E": 588432, "BNG_N": 241840, "LAT": 52.04294, "LONG": 0.746222, "GlobalID": "478c0d89-20d4-4ae7-9c01-e48e2767cc8e", "LSOA name (2021)": "Babergh 007B", "Local Authority District code (2024)": "E07000200", "Local Authority District name (2024)": "Babergh", "Index of Multiple Deprivation (IMD) Rank": 24237, "Index of Multiple Deprivation (IMD) Decile": 8}}, {"type": "Feature", "id": 28393, "geometry": {"type": "Polygon", "coordinates": [[[0.747196242130739, 52.0473904554267], [0.744932047143437, 52.0471133498706], [0.739253603539541, 52.0460061986744], [0.742543753428327, 52.0483651062359], [0.738985964556034, 52.0494715466602], [0.738235063401437, 52.0471454877879], [0.735845120905139, 52.0508868693595], [0.744456088129033, 52.0524126453349], [0.747196242130739, 52.0473904554267]]]}, "properties": {"FID": 28393, "LSOA21CD": "E01029914", "LSOA21NM": "Babergh 007C", "LSOA21NMW": " ", "BNG_E": 588175, "BNG_N": 242526, "LAT": 52.04919, "LONG": 0.742857, "GlobalID": "2b1539cd-5592-43df-81cf-6e6720339bb8", "LSOA name (2021)": "Babergh 007C", "Local Authority District code (2024)": "E07000200", "Local Authority District name (2024)": "Babergh", "Index of Multiple Deprivation (IMD) Rank": 9758, "Index of Multiple Deprivation (IMD) Decile": 3}}, {"type": "Feature", "id": 28394, "geometry": {"type": "Polygon", "coordinates": [[[0.734430518193095, 52.0433481497312], [0.731623391029118, 52.0419528006776], [0.726091516685434, 52.0411756948903], [0.722131733338175, 52.046249926761], [0.728851009180311, 52.0479077644145], [0.73216185702043, 52.0466085365047], [0.729869546962598, 52.0439330941114], [0.734430518193095, 52.0433481497312]]]}, "properties": {"FID": 28394, "LSOA21CD": "E01029915", "LSOA21NM": "Babergh 007D", "LSOA21NMW": " ", "BNG_E": 587194, "BNG_N": 242038, "LAT": 52.04513, "LONG": 0.728301, "GlobalID": "e77e2ce8-2c52-4802-a31a-661b071bceee", "LSOA name (2021)": "Babergh 007D", "Local Authority District code (2024)": "E07000200", "Local Authority District name (2024)": "Babergh", "Index of Multiple Deprivation (IMD) Rank": 21627, "Index of Multiple Deprivation (IMD) Decile": 7}}, {"type": "Feature", "id": 28395, "geometry": {"type": "Polygon", "coordinates": [[[0.744456088129033, 52.0524126453349], [0.735845120905139, 52.0508868693595], [0.738235063401437, 52.0471454877879], [0.734430518193095, 52.0433481497312], [0.729869546962598, 52.0439330941114], [0.73216185702043, 52.0466085365047], [0.728851009180311, 52.0479077644145], [0.731662711563519, 52.0519382751415], [0.740674429400977, 52.0570843834386], [0.744456088129033, 52.0524126453349]]]}, "properties": {"FID": 28395, "LSOA21CD": "E01029916", "LSOA21NM": "Babergh 007E", "LSOA21NMW": " ", "BNG_E": 587696, "BNG_N": 242226, "LAT": 52.04665, "LONG": 0.735715, "GlobalID": "d5de683f-54f3-4df7-9a69-0d428fb8637e", "LSOA name (2021)": "Babergh 007E", "Local Authority District code (2024)": "E07000200", "Local Authority District name (2024)": "Babergh", "Index of Multiple Deprivation (IMD) Rank": 9041, "Index of Multiple Deprivation (IMD) Decile": 3}}, {"type": "Feature", "id": 28396, "geometry": {"type": "Polygon", "coordinates": [[[0.731662711563519, 52.0519382751415], [0.728851009180311, 52.0479077644145], [0.722131733338175, 52.046249926761], [0.716263056048419, 52.0486872264492], [0.711508197684971, 52.0533576918138], [0.720654356651741, 52.0566393160501], [0.731662711563519, 52.0519382751415]]]}, "properties": {"FID": 28396, "LSOA21CD": "E01029917", "LSOA21NM": "Babergh 003C", "LSOA21NMW": " ", "BNG_E": 586822, "BNG_N": 242722, "LAT": 52.0514, "LONG": 0.723256, "GlobalID": "8cc4f764-046e-48d3-8415-58d88cd4f59f", "LSOA name (2021)": "Babergh 003C", "Local Authority District code (2024)": "E07000200", "Local Authority District name (2024)": "Babergh", "Index of Multiple Deprivation (IMD) Rank": 26591, "Index of Multiple Deprivation (IMD) Decile": 8}}, {"type": "Feature", "id": 28397, "geometry": {"type": "Polygon", "coordinates": [[[0.745317921068715, 52.036867384199], [0.737242895080971, 52.0356612835623], [0.739176654343602, 52.0322777363621], [0.732369411167192, 52.0312941972818], [0.72901369418075, 52.0342895222533], [0.733612343950226, 52.0385339864948], [0.733959620674653, 52.0385750302867], [0.746089522650866, 52.0389772685372], [0.745317921068715, 52.036867384199]]]}, "properties": {"FID": 28397, "LSOA21CD": "E01029918", "LSOA21NM": "Babergh 007F", "LSOA21NMW": " ", "BNG_E": 587623, "BNG_N": 240954, "LAT": 52.03525, "LONG": 0.733954, "GlobalID": "0256c7a8-2c14-4106-9638-17b866b11079", "LSOA name (2021)": "Babergh 007F", "Local Authority District code (2024)": "E07000200", "Local Authority District name (2024)": "Babergh", "Index of Multiple Deprivation (IMD) Rank": 11556, "Index of Multiple Deprivation (IMD) Decile": 4}}, {"type": "Feature", "id": 28398, "geometry": {"type": "Polygon", "coordinates": [[[0.722131733338175, 52.046249926761], [0.726091516685434, 52.0411756948903], [0.721685521165378, 52.0338233410033], [0.72901369418075, 52.0342895222533], [0.732369411167192, 52.0312941972818], [0.711971681815542, 52.0283423174505], [0.706529414859525, 52.0295252321187], [0.712507295358411, 52.0348693958665], [0.698692613288284, 52.0367544421919], [0.696526277537409, 52.0413579118828], [0.699400235112931, 52.0484380414959], [0.716263056048419, 52.0486872264492], [0.722131733338175, 52.046249926761]]]}, "properties": {"FID": 28398, "LSOA21CD": "E01029919", "LSOA21NM": "Babergh 007G", "LSOA21NMW": " ", "BNG_E": 586280, "BNG_N": 241244, "LAT": 52.03831, "LONG": 0.714557, "GlobalID": "162f80f8-571f-4780-9f64-844c6d6b9318", "LSOA name (2021)": "Babergh 007G", "Local Authority District code (2024)": "E07000200", "Local Authority District name (2024)": "Babergh", "Index of Multiple Deprivation (IMD) Rank": 19060, "Index of Multiple Deprivation (IMD) Decile": 6}}, {"type": "Feature", "id": 28399, "geometry": {"type": "Polygon", "coordinates": [[[0.733612343950226, 52.0385339864948], [0.72901369418075, 52.0342895222533], [0.721685521165378, 52.0338233410033], [0.726091516685434, 52.0411756948903], [0.731623391029118, 52.0419528006776], [0.733612343950226, 52.0385339864948]]]}, "properties": {"FID": 28399, "LSOA21CD": "E01029920", "LSOA21NM": "Babergh 007H", "LSOA21NMW": " ", "BNG_E": 587184, "BNG_N": 241226, "LAT": 52.03785, "LONG": 0.727711, "GlobalID": "366d6d3b-4c1f-4101-b840-9886833205fd", "LSOA name (2021)": "Babergh 007H", "Local Authority District code (2024)": "E07000200", "Local Authority District name (2024)": "Babergh", "Index of Multiple Deprivation (IMD) Rank": 11654, "Index of Multiple Deprivation (IMD) Decile": 4}}, {"type": "Feature", "id": 28400, "geometry": {"type": "Polygon", "coordinates": [[[0.785042689947038, 52.0471267993951], [0.768661935938287, 52.0414674572446], [0.761172616080439, 52.0414992227689], [0.75350761943805, 52.0405483688953], [0.756186423598001, 52.0415852949852], [0.747196242130739, 52.0473904554267], [0.744456088129033, 52.0524126453349], [0.740674429400977, 52.0570843834386], [0.740165657278952, 52.0584985497924], [0.748170505438633, 52.0569530134797], [0.751546592282599, 52.0597797522922], [0.768930748393647, 52.058096397946], [0.77285910151126, 52.0678333234765], [0.77788893436977, 52.0730122203416], [0.780933948035936, 52.0696746818674], [0.776018226283376, 52.0634728869087], [0.786785004546481, 52.0610505067389], [0.776355100717301, 52.0542312246167], [0.778792899065104, 52.0521645908234], [0.782534498664495, 52.055099012738], [0.785042689947038, 52.0471267993951]]]}, "properties": {"FID": 28400, "LSOA21CD": "E01029921", "LSOA21NM": "Babergh 006B", "LSOA21NMW": " ", "BNG_E": 589522, "BNG_N": 243430, "LAT": 52.05684, "LONG": 0.762977, "GlobalID": "23f3432c-1f7e-4b77-8ec3-577211e4c1bf", "LSOA name (2021)": "Babergh 006B", "Local Authority District code (2024)": "E07000200", "Local Authority District name (2024)": "Babergh", "Index of Multiple Deprivation (IMD) Rank": 22741, "Index of Multiple Deprivation (IMD) Decile": 7}}, {"type": "Feature", "id": 28401, "geometry": {"type": "Polygon", "coordinates": [[[0.803281117824254, 52.093096370246], [0.811673195846683, 52.0835283010122], [0.814079898733107, 52.0861910916681], [0.821382579945461, 52.0857863656585], [0.822627239825832, 52.0809332616357], [0.828618313674513, 52.0822565174116], [0.830096461743092, 52.0791641809376], [0.835332220053545, 52.0789241287151], [0.82444947714955, 52.0749163763465], [0.82739053813691, 52.0726666620397], [0.83398884315389, 52.0752436698209], [0.837527383662842, 52.0735791947431], [0.841054403091396, 52.0630478373797], [0.829968824699418, 52.0584590148255], [0.815783944501081, 52.0590026884909], [0.812112907320239, 52.0553804140777], [0.820394087147366, 52.0552401146651], [0.813616696076746, 52.054512006398], [0.809716890217157, 52.0499645404163], [0.806388950564566, 52.0477586354709], [0.802107020688196, 52.0519255071068], [0.799708742792189, 52.0470326334452], [0.785042689947038, 52.0471267993951], [0.782534498664495, 52.055099012738], [0.778792899065104, 52.0521645908234], [0.776355100717301, 52.0542312246167], [0.786785004546481, 52.0610505067389], [0.776018226283376, 52.0634728869087], [0.780933948035936, 52.0696746818674], [0.77788893436977, 52.0730122203416], [0.77285910151126, 52.0678333234765], [0.767222846646206, 52.073347629772], [0.762177197910932, 52.0707180168998], [0.759179078427117, 52.0723388978638], [0.763110897716761, 52.0688536730324], [0.757336920952418, 52.0699634844558], [0.757250924205149, 52.0632748095123], [0.751546592282599, 52.0597797522922], [0.748170505438633, 52.0569530134797], [0.740165657278952, 52.0584985497924], [0.742153128648061, 52.0665018303272], [0.734962515056664, 52.0749770830674], [0.736880824399185, 52.0804273492638], [0.745086385274507, 52.0831396100386], [0.749568642485303, 52.0956911395235], [0.757251097417093, 52.0969661535512], [0.768513648024221, 52.1074663204176], [0.785441482809953, 52.0969262251836], [0.783975104303454, 52.0931936531977], [0.789636217468495, 52.089450447832], [0.803281117824254, 52.093096370246]]]}, "properties": {"FID": 28401, "LSOA21CD": "E01029922", "LSOA21NM": "Babergh 006C", "LSOA21NMW": " ", "BNG_E": 590659, "BNG_N": 245737, "LAT": 52.07717, "LONG": 0.780827, "GlobalID": "7a31eede-2e18-442b-8ef8-026f02929ed6", "LSOA name (2021)": "Babergh 006C", "Local Authority District code (2024)": "E07000200", "Local Authority District name (2024)": "Babergh", "Index of Multiple Deprivation (IMD) Rank": 14272, "Index of Multiple Deprivation (IMD) Decile": 5}}, {"type": "Feature", "id": 28402, "geometry": {"type": "Polygon", "coordinates": [[[0.77285910151126, 52.0678333234765], [0.768930748393647, 52.058096397946], [0.751546592282599, 52.0597797522922], [0.757250924205149, 52.0632748095123], [0.757336920952418, 52.0699634844558], [0.763110897716761, 52.0688536730324], [0.759179078427117, 52.0723388978638], [0.762177197910932, 52.0707180168998], [0.767222846646206, 52.073347629772], [0.77285910151126, 52.0678333234765]]]}, "properties": {"FID": 28402, "LSOA21CD": "E01029923", "LSOA21NM": "Babergh 006D", "LSOA21NMW": " ", "BNG_E": 589487, "BNG_N": 244218, "LAT": 52.06393, "LONG": 0.762904, "GlobalID": "a39600fc-27f4-49cf-ab57-4b1e8df49a97", "LSOA name (2021)": "Babergh 006D", "Local Authority District code (2024)": "E07000200", "Local Authority District name (2024)": "Babergh", "Index of Multiple Deprivation (IMD) Rank": 23932, "Index of Multiple Deprivation (IMD) Decile": 8}}, {"type": "Feature", "id": 28403, "geometry": {"type": "Polygon", "coordinates": [[[0.384732726035142, 52.2339788427477], [0.380498297369088, 52.2316693357374], [0.379791639745596, 52.2323780778089], [0.396068197006224, 52.240159279394], [0.401759294067983, 52.24230860882], [0.405524629672163, 52.2437773839646], [0.414517739951008, 52.2478610070342], [0.421137786525952, 52.2402937947517], [0.410863251262278, 52.2454980629457], [0.406890599460224, 52.2433535975983], [0.409189809449289, 52.2392607697517], [0.402585768380764, 52.2354246429955], [0.394959649483573, 52.2306796583355], [0.384732726035142, 52.2339788427477]]]}, "properties": {"FID": 28403, "LSOA21CD": "E01029925", "LSOA21NM": "West Suffolk 015A", "LSOA21NMW": " ", "BNG_E": 564112, "BNG_N": 262869, "LAT": 52.23956, "LONG": 0.402104, "GlobalID": "4cbf0e2a-d008-45de-829c-e64da05ac75a", "LSOA name (2021)": "West Suffolk 015A", "Local Authority District code (2024)": "E07000245", "Local Authority District name (2024)": "West Suffolk", "Index of Multiple Deprivation (IMD) Rank": 23403, "Index of Multiple Deprivation (IMD) Decile": 7}}, {"type": "Feature", "id": 28404, "geometry": {"type": "Polygon", "coordinates": [[[0.626768129228849, 52.4480824186556], [0.627209751051447, 52.4508671322992], [0.642523505384879, 52.451245337189], [0.642448204714649, 52.4427041828802], [0.632474388016508, 52.444314355091], [0.637046540883407, 52.4472827710464], [0.626768129228849, 52.4480824186556]]]}, "properties": {"FID": 28404, "LSOA21CD": "E01029926", "LSOA21NM": "West Suffolk 002A", "LSOA21NMW": " ", "BNG_E": 579546, "BNG_N": 286486, "LAT": 52.44685, "LONG": 0.640503, "GlobalID": "6254469d-db8c-413b-bbdf-639d173e480f", "LSOA name (2021)": "West Suffolk 002A", "Local Authority District code (2024)": "E07000245", "Local Authority District name (2024)": "West Suffolk", "Index of Multiple Deprivation (IMD) Rank": 21131, "Index of Multiple Deprivation (IMD) Decile": 7}}, {"type": "Feature", "id": 28405, "geometry": {"type": "Polygon", "coordinates": [[[0.627209751051447, 52.4508671322992], [0.626768129228849, 52.4480824186556], [0.630153462957923, 52.4445839783535], [0.627267268266833, 52.4405252220664], [0.619410707049771, 52.4447952371706], [0.615050916999803, 52.4450295596533], [0.615013553735562, 52.4490722694018], [0.621867018847917, 52.45126470106], [0.620417919433402, 52.4544378759972], [0.629797926064565, 52.4540651871389], [0.627209751051447, 52.4508671322992]]]}, "properties": {"FID": 28405, "LSOA21CD": "E01029927", "LSOA21NM": "West Suffolk 002B", "LSOA21NMW": " ", "BNG_E": 578309, "BNG_N": 286633, "LAT": 52.44857, "LONG": 0.622401, "GlobalID": "e2de22bd-2f13-4c92-8cdf-c4218468c674", "LSOA name (2021)": "West Suffolk 002B", "Local Authority District code (2024)": "E07000245", "Local Authority District name (2024)": "West Suffolk", "Index of Multiple Deprivation (IMD) Rank": 5606, "Index of Multiple Deprivation (IMD) Decile": 2}}, {"type": "Feature", "id": 28406, "geometry": {"type": "Polygon", "coordinates": [[[0.705586558287338, 52.4525870160791], [0.718903884354599, 52.449578944306], [0.681476254736623, 52.4215036609748], [0.668539194062618, 52.4093799946449], [0.672083223493974, 52.4050338567449], [0.684861230042113, 52.3990379736831], [0.712437670068244, 52.3946230223495], [0.691191019191826, 52.3699242696347], [0.675718007492435, 52.3612183966508], [0.66946335250659, 52.3584450869225], [0.624922519990096, 52.3675201144024], [0.632262996596893, 52.3859109704918], [0.635699722554133, 52.3900516097111], [0.628768824766191, 52.391910886389], [0.636435407738463, 52.399130603641], [0.630918028940474, 52.4035980517924], [0.637711294483587, 52.4104953649572], [0.645228700134895, 52.4103178103431], [0.627267268266833, 52.4405252220664], [0.630153462957923, 52.4445839783535], [0.626768129228849, 52.4480824186556], [0.637046540883407, 52.4472827710464], [0.632474388016508, 52.444314355091], [0.642448204714649, 52.4427041828802], [0.642523505384879, 52.451245337189], [0.666156275073895, 52.4625057227031], [0.683973773111766, 52.4531650392918], [0.694470977750399, 52.451017016592], [0.705586558287338, 52.4525870160791]]]}, "properties": {"FID": 28406, "LSOA21CD": "E01029928", "LSOA21NM": "West Suffolk 002C", "LSOA21NMW": " ", "BNG_E": 581733, "BNG_N": 279460, "LAT": 52.38303, "LONG": 0.668834, "GlobalID": "96713103-1596-4a48-b835-1d1b6d124e06", "LSOA name (2021)": "West Suffolk 002C", "Local Authority District code (2024)": "E07000245", "Local Authority District name (2024)": "West Suffolk", "Index of Multiple Deprivation (IMD) Rank": 14193, "Index of Multiple Deprivation (IMD) Decile": 5}}, {"type": "Feature", "id": 28407, "geometry": {"type": "Polygon", "coordinates": [[[0.615013553735562, 52.4490722694018], [0.615050916999803, 52.4450295596533], [0.619410707049771, 52.4447952371706], [0.616494243596105, 52.4350402169777], [0.612662829131217, 52.434977240333], [0.608137915336013, 52.4417267467844], [0.601404006363707, 52.4397959585385], [0.599635488920538, 52.443079349799], [0.592691770053859, 52.442063844667], [0.59580823568772, 52.4452371139457], [0.604829170297483, 52.4443151263913], [0.609321101619408, 52.4507395775895], [0.615013553735562, 52.4490722694018]]]}, "properties": {"FID": 28407, "LSOA21CD": "E01029929", "LSOA21NM": "West Suffolk 002D", "LSOA21NMW": " ", "BNG_E": 577204, "BNG_N": 285969, "LAT": 52.44297, "LONG": 0.605807, "GlobalID": "c418abfd-013e-4d3c-8c96-9fc2832a1ca2", "LSOA name (2021)": "West Suffolk 002D", "Local Authority District code (2024)": "E07000245", "Local Authority District name (2024)": "West Suffolk", "Index of Multiple Deprivation (IMD) Rank": 10471, "Index of Multiple Deprivation (IMD) Decile": 4}}, {"type": "Feature", "id": 28408, "geometry": {"type": "Polygon", "coordinates": [[[0.582500708859562, 52.4518613525571], [0.603388941114239, 52.4528803643433], [0.609321101619408, 52.4507395775895], [0.604829170297483, 52.4443151263913], [0.59580823568772, 52.4452371139457], [0.592691770053859, 52.442063844667], [0.599635488920538, 52.443079349799], [0.601404006363707, 52.4397959585385], [0.608137915336013, 52.4417267467844], [0.612662829131217, 52.434977240333], [0.616494243596105, 52.4350402169777], [0.619410707049771, 52.4447952371706], [0.627267268266833, 52.4405252220664], [0.645228700134895, 52.4103178103431], [0.637711294483587, 52.4104953649572], [0.630918028940474, 52.4035980517924], [0.636435407738463, 52.399130603641], [0.628768824766191, 52.391910886389], [0.603208956211432, 52.3967882629079], [0.556814635086008, 52.4130664837539], [0.550155980162446, 52.4277597544487], [0.557255380126243, 52.4321099148845], [0.539209354059443, 52.4342045923066], [0.54450288991727, 52.4516121436751], [0.55482081425713, 52.4560277836403], [0.582500708859562, 52.4518613525571]]]}, "properties": {"FID": 28408, "LSOA21CD": "E01029930", "LSOA21NM": "West Suffolk 002E", "LSOA21NMW": " ", "BNG_E": 576490, "BNG_N": 283823, "LAT": 52.42393, "LONG": 0.594182, "GlobalID": "c6b42c1e-f61c-49b8-9efb-daee11074a68", "LSOA name (2021)": "West Suffolk 002E", "Local Authority District code (2024)": "E07000245", "Local Authority District name (2024)": "West Suffolk", "Index of Multiple Deprivation (IMD) Rank": 18027, "Index of Multiple Deprivation (IMD) Decile": 6}}, {"type": "Feature", "id": 28409, "geometry": {"type": "Polygon", "coordinates": [[[0.360684616372924, 52.2978081998058], [0.377870313128827, 52.2912528096126], [0.381197429036067, 52.2930625702607], [0.38630168988918, 52.2899704778341], [0.385362738668793, 52.2829976927841], [0.395353804471171, 52.2804547576664], [0.409511978829337, 52.2690646680948], [0.403568557449389, 52.2688929214343], [0.384800799965242, 52.2658910266971], [0.377673867039077, 52.2628614182294], [0.356664671536727, 52.246287434635], [0.360307571827646, 52.2502325019486], [0.341226976934993, 52.266947634869], [0.352533987651585, 52.2766515176644], [0.35437323389578, 52.2784788560553], [0.350650921778692, 52.282960057286], [0.359222183909217, 52.2891574386721], [0.360684616372924, 52.2978081998058]]]}, "properties": {"FID": 28409, "LSOA21CD": "E01029937", "LSOA21NM": "West Suffolk 008A", "LSOA21NMW": " ", "BNG_E": 562287, "BNG_N": 266379, "LAT": 52.27163, "LONG": 0.377086, "GlobalID": "a779a95a-e474-4409-9141-34647bf858c8", "LSOA name (2021)": "West Suffolk 008A", "Local Authority District code (2024)": "E07000245", "Local Authority District name (2024)": "West Suffolk", "Index of Multiple Deprivation (IMD) Rank": 22880, "Index of Multiple Deprivation (IMD) Decile": 7}}, {"type": "Feature", "id": 28410, "geometry": {"type": "Polygon", "coordinates": [[[0.522129553134952, 52.3522216143488], [0.523094146092556, 52.3476147855345], [0.517008768115368, 52.3468093071015], [0.516361707682867, 52.3524910318116], [0.522129553134952, 52.3522216143488]]]}, "properties": {"FID": 28410, "LSOA21CD": "E01029938", "LSOA21NM": "West Suffolk 004A", "LSOA21NMW": " ", "BNG_E": 571693, "BNG_N": 275359, "LAT": 52.34943, "LONG": 0.519377, "GlobalID": "ed1cd27f-c8fc-4447-ae59-d34a5b790f21", "LSOA name (2021)": "West Suffolk 004A", "Local Authority District code (2024)": "E07000245", "Local Authority District name (2024)": "West Suffolk", "Index of Multiple Deprivation (IMD) Rank": 4961, "Index of Multiple Deprivation (IMD) Decile": 2}}, {"type": "Feature", "id": 28411, "geometry": {"type": "Polygon", "coordinates": [[[0.504135988550891, 52.3558644772046], [0.504137780736871, 52.3509383851171], [0.512476709839264, 52.3495317841477], [0.511623689740547, 52.3468810427305], [0.509701335347289, 52.3452322058908], [0.487074079768956, 52.3513247903913], [0.490982672076619, 52.3568519967534], [0.504135988550891, 52.3558644772046]]]}, "properties": {"FID": 28411, "LSOA21CD": "E01029939", "LSOA21NM": "West Suffolk 004B", "LSOA21NMW": " ", "BNG_E": 570117, "BNG_N": 275480, "LAT": 52.35101, "LONG": 0.496323, "GlobalID": "bfca35f2-2cf9-40f7-8567-df582b1f20f2", "LSOA name (2021)": "West Suffolk 004B", "Local Authority District code (2024)": "E07000245", "Local Authority District name (2024)": "West Suffolk", "Index of Multiple Deprivation (IMD) Rank": 29498, "Index of Multiple Deprivation (IMD) Decile": 9}}, {"type": "Feature", "id": 28412, "geometry": {"type": "Polygon", "coordinates": [[[0.522129553134952, 52.3522216143488], [0.516361707682867, 52.3524910318116], [0.517008768115368, 52.3468093071015], [0.511623689740547, 52.3468810427305], [0.512476709839264, 52.3495317841477], [0.504137780736871, 52.3509383851171], [0.504135988550891, 52.3558644772046], [0.515140320510854, 52.357398644609], [0.51523868416973, 52.3579996875284], [0.522970017343345, 52.3587317446987], [0.522129553134952, 52.3522216143488]]]}, "properties": {"FID": 28412, "LSOA21CD": "E01029940", "LSOA21NM": "West Suffolk 004C", "LSOA21NMW": " ", "BNG_E": 571288, "BNG_N": 275639, "LAT": 52.35207, "LONG": 0.51358, "GlobalID": "2f96fd39-d26a-49e9-86ab-916b5ff35aa8", "LSOA name (2021)": "West Suffolk 004C", "Local Authority District code (2024)": "E07000245", "Local Authority District name (2024)": "West Suffolk", "Index of Multiple Deprivation (IMD) Rank": 11550, "Index of Multiple Deprivation (IMD) Decile": 4}}, {"type": "Feature", "id": 28413, "geometry": {"type": "Polygon", "coordinates": [[[0.66946335250659, 52.3584450869225], [0.622344685899731, 52.3078688737823], [0.61447201354949, 52.3094103584213], [0.611738714636152, 52.3142100467168], [0.601829438033576, 52.3179384852439], [0.601447107817855, 52.3131408286448], [0.587999555089525, 52.299758169823], [0.589549438579492, 52.2960433747013], [0.594450307004168, 52.2980257247922], [0.600517990604444, 52.2853465879763], [0.594667668582711, 52.2787943311328], [0.595081310531338, 52.2646523017342], [0.562937044803671, 52.2658390174788], [0.560742889031823, 52.2546890911247], [0.566688741479343, 52.2476059635831], [0.556903519090238, 52.2439170715876], [0.559971798925237, 52.2343593138129], [0.554077431109618, 52.2315992702211], [0.55821438414307, 52.2284238894244], [0.555101968549004, 52.2240498559157], [0.534070515027329, 52.2328323881456], [0.535314735534204, 52.2413738434651], [0.529722574849175, 52.2450356075871], [0.522010132083044, 52.2383632140295], [0.515445839766857, 52.2422499726263], [0.506622927866816, 52.2377971462708], [0.502523323320612, 52.240527952788], [0.504622782337189, 52.2439958637366], [0.493540535748242, 52.2483878677611], [0.49814651934403, 52.2513119494758], [0.508569622812931, 52.2493300474658], [0.511861477812719, 52.2436216790027], [0.512888454384261, 52.2501146645849], [0.503747048797954, 52.2552739536974], [0.511136199057586, 52.2606268310956], [0.506828548226962, 52.2666991310736], [0.516361298492476, 52.2695557195724], [0.517491735809823, 52.2808984189691], [0.518075256840712, 52.2831173562003], [0.524501896440319, 52.2810037062588], [0.54056069311665, 52.2835121182419], [0.534174713355838, 52.317774218193], [0.540871251814563, 52.3202041110553], [0.54292991988962, 52.3373123138872], [0.561592598653346, 52.3374261603863], [0.564938300386749, 52.3517655401838], [0.569687003688193, 52.3539627318958], [0.618110291602051, 52.3633053764382], [0.624922519990096, 52.3675201144024], [0.66946335250659, 52.3584450869225]]]}, "properties": {"FID": 28413, "LSOA21CD": "E01029941", "LSOA21NM": "West Suffolk 007A", "LSOA21NMW": " ", "BNG_E": 576099, "BNG_N": 271221, "LAT": 52.31087, "LONG": 0.58183, "GlobalID": "f8bfe34c-218e-4e5f-9c92-64a5eb718115", "LSOA name (2021)": "West Suffolk 007A", "Local Authority District code (2024)": "E07000245", "Local Authority District name (2024)": "West Suffolk", "Index of Multiple Deprivation (IMD) Rank": 20286, "Index of Multiple Deprivation (IMD) Decile": 7}}, {"type": "Feature", "id": 28414, "geometry": {"type": "Polygon", "coordinates": [[[0.535309099419943, 52.4143349144115], [0.526014932571011, 52.4106297682334], [0.527225783744648, 52.4054050527362], [0.537448544601436, 52.4057345878456], [0.544162714883475, 52.3975897385401], [0.538045454331605, 52.3993407319512], [0.51478272241996, 52.3999864220845], [0.514422498088306, 52.3999732327292], [0.511320577154702, 52.4056585621222], [0.517944892271267, 52.4079485034953], [0.514723258317865, 52.4124112458219], [0.519922897713397, 52.4169978860234], [0.528004803949145, 52.4176136905361], [0.530316595093142, 52.4138123019877], [0.535309099419943, 52.4143349144115]]]}, "properties": {"FID": 28414, "LSOA21CD": "E01029942", "LSOA21NM": "West Suffolk 001A", "LSOA21NMW": " ", "BNG_E": 572115, "BNG_N": 282548, "LAT": 52.41387, "LONG": 0.529254, "GlobalID": "648c2f0f-7e07-4efe-abfb-081d2d23ad68", "LSOA name (2021)": "West Suffolk 001A", "Local Authority District code (2024)": "E07000245", "Local Authority District name (2024)": "West Suffolk", "Index of Multiple Deprivation (IMD) Rank": 19044, "Index of Multiple Deprivation (IMD) Decile": 6}}, {"type": "Feature", "id": 28415, "geometry": {"type": "Polygon", "coordinates": [[[0.535309099419943, 52.4143349144115], [0.530316595093142, 52.4138123019877], [0.528004803949145, 52.4176136905361], [0.519922897713397, 52.4169978860234], [0.516574083689328, 52.4217311841965], [0.504374363525786, 52.4237862255222], [0.509844345834139, 52.4361875222827], [0.519791489209484, 52.4349148271733], [0.521571930923339, 52.436881809284], [0.527238528228822, 52.4213212962446], [0.539036300733728, 52.4205828974359], [0.535309099419943, 52.4143349144115]]]}, "properties": {"FID": 28415, "LSOA21CD": "E01029944", "LSOA21NM": "West Suffolk 001B", "LSOA21NMW": " ", "BNG_E": 571553, "BNG_N": 283909, "LAT": 52.42627, "LONG": 0.521696, "GlobalID": "68547a33-e4a4-4750-b8c6-115e6adbf903", "LSOA name (2021)": "West Suffolk 001B", "Local Authority District code (2024)": "E07000245", "Local Authority District name (2024)": "West Suffolk", "Index of Multiple Deprivation (IMD) Rank": 14925, "Index of Multiple Deprivation (IMD) Decile": 5}}, {"type": "Feature", "id": 28416, "geometry": {"type": "Polygon", "coordinates": [[[0.478017472382084, 52.3418111921569], [0.489550587970377, 52.3378040784074], [0.498481200090692, 52.3413589529984], [0.521003692192574, 52.337905951078], [0.535224076764334, 52.3405194084091], [0.54292991988962, 52.3373123138872], [0.540871251814563, 52.3202041110553], [0.534174713355838, 52.317774218193], [0.521385572660911, 52.3124655534818], [0.503685734073179, 52.3105501772583], [0.503617492016422, 52.3109643170823], [0.502382573718087, 52.3164998537658], [0.491665287637006, 52.3081018748522], [0.483128130824763, 52.3132845776636], [0.472872481251058, 52.3039422179173], [0.462093227462364, 52.3088145225244], [0.457500277949686, 52.3162956677359], [0.43078205495955, 52.3171288640111], [0.424221404653185, 52.3292164617124], [0.433721250701816, 52.3333840370927], [0.442501254912368, 52.3488311411751], [0.478017472382084, 52.3418111921569]]]}, "properties": {"FID": 28416, "LSOA21CD": "E01029945", "LSOA21NM": "West Suffolk 003A", "LSOA21NMW": " ", "BNG_E": 569314, "BNG_N": 272679, "LAT": 52.3261, "LONG": 0.483136, "GlobalID": "d29051ad-6f37-499d-b692-a8ad5b82a7c4", "LSOA name (2021)": "West Suffolk 003A", "Local Authority District code (2024)": "E07000245", "Local Authority District name (2024)": "West Suffolk", "Index of Multiple Deprivation (IMD) Rank": 21892, "Index of Multiple Deprivation (IMD) Decile": 7}}, {"type": "Feature", "id": 28417, "geometry": {"type": "Polygon", "coordinates": [[[0.569687003688193, 52.3539627318958], [0.564938300386749, 52.3517655401838], [0.561592598653346, 52.3374261603863], [0.54292991988962, 52.3373123138872], [0.535224076764334, 52.3405194084091], [0.536322027538721, 52.3460852390791], [0.523350811110477, 52.3453991137348], [0.52228929343441, 52.3425222314086], [0.509701335347289, 52.3452322058908], [0.511623689740547, 52.3468810427305], [0.517008768115368, 52.3468093071015], [0.523094146092556, 52.3476147855345], [0.522129553134952, 52.3522216143488], [0.522970017343345, 52.3587317446987], [0.51523868416973, 52.3579996875284], [0.514520855602899, 52.3614271945588], [0.524415247673545, 52.3631346972896], [0.525910320118189, 52.3686797066083], [0.53453637067059, 52.3630473012946], [0.537120279076459, 52.3537765947615], [0.559258632425589, 52.3585965064419], [0.569687003688193, 52.3539627318958]]]}, "properties": {"FID": 28417, "LSOA21CD": "E01029946", "LSOA21NM": "West Suffolk 004D", "LSOA21NMW": " ", "BNG_E": 573341, "BNG_N": 275759, "LAT": 52.35251, "LONG": 0.543753, "GlobalID": "818abdd9-584a-4149-b520-9fe20c6a828e", "LSOA name (2021)": "West Suffolk 004D", "Local Authority District code (2024)": "E07000245", "Local Authority District name (2024)": "West Suffolk", "Index of Multiple Deprivation (IMD) Rank": 11721, "Index of Multiple Deprivation (IMD) Decile": 4}}, {"type": "Feature", "id": 28418, "geometry": {"type": "Polygon", "coordinates": [[[0.509701335347289, 52.3452322058908], [0.52228929343441, 52.3425222314086], [0.523350811110477, 52.3453991137348], [0.536322027538721, 52.3460852390791], [0.535224076764334, 52.3405194084091], [0.521003692192574, 52.337905951078], [0.498481200090692, 52.3413589529984], [0.489550587970377, 52.3378040784074], [0.478017472382084, 52.3418111921569], [0.487640614981931, 52.3424034273303], [0.483244803353653, 52.3469406724268], [0.487074079768956, 52.3513247903913], [0.509701335347289, 52.3452322058908]]]}, "properties": {"FID": 28418, "LSOA21CD": "E01029947", "LSOA21NM": "West Suffolk 004E", "LSOA21NMW": " ", "BNG_E": 570376, "BNG_N": 274788, "LAT": 52.34472, "LONG": 0.499772, "GlobalID": "8a39acf1-95c7-4928-91a3-a27db78ba19c", "LSOA name (2021)": "West Suffolk 004E", "Local Authority District code (2024)": "E07000245", "Local Authority District name (2024)": "West Suffolk", "Index of Multiple Deprivation (IMD) Rank": 18713, "Index of Multiple Deprivation (IMD) Decile": 6}}, {"type": "Feature", "id": 28419, "geometry": {"type": "Polygon", "coordinates": [[[0.401759294067983, 52.24230860882], [0.396068197006224, 52.240159279394], [0.382624163490258, 52.2383318354273], [0.381789960194035, 52.2404003803654], [0.39007902027086, 52.2420801646493], [0.388668437834242, 52.2443167792061], [0.392872099872838, 52.2436176340109], [0.38769899321943, 52.2459903845458], [0.39256060086753, 52.2480827079907], [0.393949078062228, 52.2429701775295], [0.401182957551902, 52.2450472756854], [0.401759294067983, 52.24230860882]]]}, "properties": {"FID": 28419, "LSOA21CD": "E01029949", "LSOA21NM": "West Suffolk 015B", "LSOA21NMW": " ", "BNG_E": 563458, "BNG_N": 263090, "LAT": 52.24174, "LONG": 0.392642, "GlobalID": "42bae21f-e148-4c62-b5f5-a4c994670684", "LSOA name (2021)": "West Suffolk 015B", "Local Authority District code (2024)": "E07000245", "Local Authority District name (2024)": "West Suffolk", "Index of Multiple Deprivation (IMD) Rank": 15488, "Index of Multiple Deprivation (IMD) Decile": 5}}, {"type": "Feature", "id": 28420, "geometry": {"type": "Polygon", "coordinates": [[[0.400812981454833, 52.247853479076], [0.405524629672163, 52.2437773839646], [0.401759294067983, 52.24230860882], [0.401182957551902, 52.2450472756854], [0.393949078062228, 52.2429701775295], [0.39256060086753, 52.2480827079907], [0.394821978422737, 52.2478305703477], [0.397303718396931, 52.2510972419903], [0.400812981454833, 52.247853479076]]]}, "properties": {"FID": 28420, "LSOA21CD": "E01029950", "LSOA21NM": "West Suffolk 015C", "LSOA21NMW": " ", "BNG_E": 563872, "BNG_N": 263680, "LAT": 52.24692, "LONG": 0.398986, "GlobalID": "6ba3cffa-7ec5-4961-875c-f1e7bd779025", "LSOA name (2021)": "West Suffolk 015C", "Local Authority District code (2024)": "E07000245", "Local Authority District name (2024)": "West Suffolk", "Index of Multiple Deprivation (IMD) Rank": 12124, "Index of Multiple Deprivation (IMD) Decile": 4}}, {"type": "Feature", "id": 28421, "geometry": {"type": "Polygon", "coordinates": [[[0.385076926732063, 52.2530856655596], [0.394821978422737, 52.2478305703477], [0.39256060086753, 52.2480827079907], [0.38769899321943, 52.2459903845458], [0.392872099872838, 52.2436176340109], [0.388668437834242, 52.2443167792061], [0.39007902027086, 52.2420801646493], [0.381789960194035, 52.2404003803654], [0.382624163490258, 52.2383318354273], [0.396068197006224, 52.240159279394], [0.379791639745596, 52.2323780778089], [0.380498297369088, 52.2316693357374], [0.371248976640283, 52.226556342519], [0.357561918834629, 52.2340821786989], [0.34268439255514, 52.2423432369239], [0.356664671536727, 52.246287434635], [0.377673867039077, 52.2628614182294], [0.385893266128283, 52.2579374838157], [0.388342488366209, 52.25658470948], [0.385076926732063, 52.2530856655596]]]}, "properties": {"FID": 28421, "LSOA21CD": "E01029951", "LSOA21NM": "West Suffolk 015D", "LSOA21NMW": " ", "BNG_E": 561872, "BNG_N": 263045, "LAT": 52.24181, "LONG": 0.369413, "GlobalID": "564538af-cc71-4c91-b482-ac10df761d5c", "LSOA name (2021)": "West Suffolk 015D", "Local Authority District code (2024)": "E07000245", "Local Authority District name (2024)": "West Suffolk", "Index of Multiple Deprivation (IMD) Rank": 29464, "Index of Multiple Deprivation (IMD) Decile": 9}}, {"type": "Feature", "id": 28422, "geometry": {"type": "Polygon", "coordinates": [[[0.393282984582597, 52.2537643606455], [0.397303718396931, 52.2510972419903], [0.394821978422737, 52.2478305703477], [0.385076926732063, 52.2530856655596], [0.388342488366209, 52.25658470948], [0.393282984582597, 52.2537643606455]]]}, "properties": {"FID": 28422, "LSOA21CD": "E01029952", "LSOA21NM": "West Suffolk 015E", "LSOA21NMW": " ", "BNG_E": 563356, "BNG_N": 264234, "LAT": 52.25205, "LONG": 0.391702, "GlobalID": "8b257641-2223-4d8e-b684-d419a6b9ebdd", "LSOA name (2021)": "West Suffolk 015E", "Local Authority District code (2024)": "E07000245", "Local Authority District name (2024)": "West Suffolk", "Index of Multiple Deprivation (IMD) Rank": 23435, "Index of Multiple Deprivation (IMD) Decile": 7}}, {"type": "Feature", "id": 28423, "geometry": {"type": "Polygon", "coordinates": [[[0.385993303928871, 52.2648000367513], [0.397596957433567, 52.2636925588337], [0.40188684182988, 52.2577436904992], [0.393282984582597, 52.2537643606455], [0.388342488366209, 52.25658470948], [0.385893266128283, 52.2579374838157], [0.389094647892118, 52.259959565878], [0.385022521093202, 52.2645738642968], [0.384715303709875, 52.2649219385799], [0.385993303928871, 52.2648000367513]]]}, "properties": {"FID": 28423, "LSOA21CD": "E01029953", "LSOA21NM": "West Suffolk 008B", "LSOA21NMW": " ", "BNG_E": 563416, "BNG_N": 265045, "LAT": 52.25931, "LONG": 0.392973, "GlobalID": "37f5c922-bd5e-42fe-9baf-1d5d8d806d28", "LSOA name (2021)": "West Suffolk 008B", "Local Authority District code (2024)": "E07000245", "Local Authority District name (2024)": "West Suffolk", "Index of Multiple Deprivation (IMD) Rank": 20551, "Index of Multiple Deprivation (IMD) Decile": 7}}, {"type": "Feature", "id": 28424, "geometry": {"type": "Polygon", "coordinates": [[[0.404262153594534, 52.2512847023311], [0.398952910705372, 52.2539144691077], [0.402259094462904, 52.2482565369099], [0.400812981454833, 52.247853479076], [0.397303718396931, 52.2510972419903], [0.393282984582597, 52.2537643606455], [0.40188684182988, 52.2577436904992], [0.397596957433567, 52.2636925588337], [0.403575943934578, 52.2688446620654], [0.411763689284455, 52.2619799089371], [0.40478253113691, 52.2595434561555], [0.407517245385952, 52.25245979051], [0.404262153594534, 52.2512847023311]]]}, "properties": {"FID": 28424, "LSOA21CD": "E01029955", "LSOA21NM": "West Suffolk 008C", "LSOA21NMW": " ", "BNG_E": 564052, "BNG_N": 265216, "LAT": 52.26066, "LONG": 0.402365, "GlobalID": "db531e64-f7ef-4243-86a5-f40ae3d60681", "LSOA name (2021)": "West Suffolk 008C", "Local Authority District code (2024)": "E07000245", "Local Authority District name (2024)": "West Suffolk", "Index of Multiple Deprivation (IMD) Rank": 21854, "Index of Multiple Deprivation (IMD) Decile": 7}}, {"type": "Feature", "id": 28425, "geometry": {"type": "Polygon", "coordinates": [[[0.403575943934578, 52.2688446620654], [0.397596957433567, 52.2636925588337], [0.385993303928871, 52.2648000367513], [0.384715303709875, 52.2649219385799], [0.385022521093202, 52.2645738642968], [0.389094647892118, 52.259959565878], [0.385893266128283, 52.2579374838157], [0.377673867039077, 52.2628614182294], [0.384800799965242, 52.2658910266971], [0.403568557449389, 52.2688929214343], [0.403575943934578, 52.2688446620654]]]}, "properties": {"FID": 28425, "LSOA21CD": "E01029956", "LSOA21NM": "West Suffolk 008D", "LSOA21NMW": " ", "BNG_E": 562652, "BNG_N": 265505, "LAT": 52.26367, "LONG": 0.38201, "GlobalID": "4ee88fdd-3ceb-4175-aa0e-e28946ce8506", "LSOA name (2021)": "West Suffolk 008D", "Local Authority District code (2024)": "E07000245", "Local Authority District name (2024)": "West Suffolk", "Index of Multiple Deprivation (IMD) Rank": 23791, "Index of Multiple Deprivation (IMD) Decile": 8}}, {"type": "Feature", "id": 28426, "geometry": {"type": "Polygon", "coordinates": [[[0.517491735809823, 52.2808984189691], [0.516361298492476, 52.2695557195724], [0.506828548226962, 52.2666991310736], [0.511136199057586, 52.2606268310956], [0.503747048797954, 52.2552739536974], [0.512888454384261, 52.2501146645849], [0.511861477812719, 52.2436216790027], [0.508569622812931, 52.2493300474658], [0.49814651934403, 52.2513119494758], [0.493540535748242, 52.2483878677611], [0.504622782337189, 52.2439958637366], [0.502523323320612, 52.240527952788], [0.506622927866816, 52.2377971462708], [0.515445839766857, 52.2422499726263], [0.522010132083044, 52.2383632140295], [0.529722574849175, 52.2450356075871], [0.535314735534204, 52.2413738434651], [0.534070515027329, 52.2328323881456], [0.555101968549004, 52.2240498559157], [0.565940954276653, 52.2175310143912], [0.558878100267046, 52.2109013064671], [0.56363912270286, 52.2028104115153], [0.558207613581167, 52.2040886404176], [0.556473624286645, 52.2110118885244], [0.543089546389751, 52.2164633803721], [0.512662661799541, 52.2150643538472], [0.514483712168213, 52.2267793669051], [0.502373363759112, 52.2342249324872], [0.494931318373645, 52.2392579318599], [0.480169661552682, 52.2327239873585], [0.471856853069859, 52.2403425051311], [0.465111683016188, 52.2403757360119], [0.455561119287265, 52.2475944806289], [0.450421244719548, 52.2433353286705], [0.443404692110223, 52.2426371614866], [0.426963715344134, 52.2536026339328], [0.424205855424971, 52.2558659600945], [0.49880275078562, 52.2730213239239], [0.495845901987706, 52.2803722970902], [0.504703274224566, 52.2863648388203], [0.517491735809823, 52.2808984189691]]]}, "properties": {"FID": 28426, "LSOA21CD": "E01029957", "LSOA21NM": "West Suffolk 007B", "LSOA21NMW": " ", "BNG_E": 569364, "BNG_N": 263736, "LAT": 52.24576, "LONG": 0.47938, "GlobalID": "9c23bf20-aca6-42a6-a2b1-b4ba6b5a24e7", "LSOA name (2021)": "West Suffolk 007B", "Local Authority District code (2024)": "E07000245", "Local Authority District name (2024)": "West Suffolk", "Index of Multiple Deprivation (IMD) Rank": 23987, "Index of Multiple Deprivation (IMD) Decile": 8}}, {"type": "Feature", "id": 28427, "geometry": {"type": "Polygon", "coordinates": [[[1.18333568994522, 52.0572717757493], [1.18334388381906, 52.0542190482488], [1.18333952811685, 52.0538825909069], [1.17555613813296, 52.0577890139002], [1.18333568994522, 52.0572717757493]]]}, "properties": {"FID": 28427, "LSOA21CD": "E01029958", "LSOA21NM": "Ipswich 007A", "LSOA21NMW": " ", "BNG_E": 618080, "BNG_N": 244639, "LAT": 52.05721, "LONG": 1.179644, "GlobalID": "3a68355b-c9fe-4f73-958d-da5466717536", "LSOA name (2021)": "Ipswich 007A", "Local Authority District code (2024)": "E07000202", "Local Authority District name (2024)": "Ipswich", "Index of Multiple Deprivation (IMD) Rank": 16605, "Index of Multiple Deprivation (IMD) Decile": 5}}, {"type": "Feature", "id": 28428, "geometry": {"type": "Polygon", "coordinates": [[[1.17247728382665, 52.0611655027685], [1.1753910235593, 52.0577581224552], [1.17203791689112, 52.0552145548237], [1.17085638804879, 52.0598173706989], [1.16447033916407, 52.0588952556256], [1.16516680097406, 52.0592749627883], [1.17166302825456, 52.0626881936827], [1.17247728382665, 52.0611655027685]]]}, "properties": {"FID": 28428, "LSOA21CD": "E01029960", "LSOA21NM": "Ipswich 007C", "LSOA21NMW": " ", "BNG_E": 617439, "BNG_N": 244626, "LAT": 52.05734, "LONG": 1.170302, "GlobalID": "789a2374-4d7d-4a29-878e-8552df3bdf60", "LSOA name (2021)": "Ipswich 007C", "Local Authority District code (2024)": "E07000202", "Local Authority District name (2024)": "Ipswich", "Index of Multiple Deprivation (IMD) Rank": 14457, "Index of Multiple Deprivation (IMD) Decile": 5}}, {"type": "Feature", "id": 28429, "geometry": {"type": "Polygon", "coordinates": [[[1.18333952811685, 52.0538825909069], [1.18284953237064, 52.0523834361626], [1.17449437065417, 52.0533437232173], [1.17203791689112, 52.0552145548237], [1.1753910235593, 52.0577581224552], [1.17555613813296, 52.0577890139002], [1.18333952811685, 52.0538825909069]]]}, "properties": {"FID": 28429, "LSOA21CD": "E01029961", "LSOA21NM": "Ipswich 007D", "LSOA21NMW": " ", "BNG_E": 617839, "BNG_N": 244400, "LAT": 52.05516, "LONG": 1.175983, "GlobalID": "451df9b4-492b-44d8-b732-bb816e835a16", "LSOA name (2021)": "Ipswich 007D", "Local Authority District code (2024)": "E07000202", "Local Authority District name (2024)": "Ipswich", "Index of Multiple Deprivation (IMD) Rank": 14855, "Index of Multiple Deprivation (IMD) Decile": 5}}, {"type": "Feature", "id": 28430, "geometry": {"type": "Polygon", "coordinates": [[[1.17203791689112, 52.0552145548237], [1.17449437065417, 52.0533437232173], [1.1738805504627, 52.0535089615505], [1.17142408860766, 52.0536942727335], [1.16240050041289, 52.0578809897856], [1.16447033916407, 52.0588952556256], [1.17085638804879, 52.0598173706989], [1.17203791689112, 52.0552145548237]]]}, "properties": {"FID": 28430, "LSOA21CD": "E01029962", "LSOA21NM": "Ipswich 007E", "LSOA21NMW": " ", "BNG_E": 617339, "BNG_N": 244641, "LAT": 52.05751, "LONG": 1.168855, "GlobalID": "eb2f17f0-23f6-46f7-9c80-4c1bb39f15eb", "LSOA name (2021)": "Ipswich 007E", "Local Authority District code (2024)": "E07000202", "Local Authority District name (2024)": "Ipswich", "Index of Multiple Deprivation (IMD) Rank": 9735, "Index of Multiple Deprivation (IMD) Decile": 3}}, {"type": "Feature", "id": 28431, "geometry": {"type": "Polygon", "coordinates": [[[1.20550948156481, 52.0647716444122], [1.20499326247661, 52.0594325346599], [1.1967747791964, 52.0586421202321], [1.19700337543511, 52.062281471208], [1.19199678988286, 52.0638780465368], [1.19138605067674, 52.0666873163726], [1.20021480322456, 52.0685351472585], [1.20550948156481, 52.0647716444122]]]}, "properties": {"FID": 28431, "LSOA21CD": "E01029963", "LSOA21NM": "Ipswich 009A", "LSOA21NMW": " ", "BNG_E": 619335, "BNG_N": 245359, "LAT": 52.06317, "LONG": 1.198382, "GlobalID": "905fd805-a886-4e12-b023-706a9993cc6a", "LSOA name (2021)": "Ipswich 009A", "Local Authority District code (2024)": "E07000202", "Local Authority District name (2024)": "Ipswich", "Index of Multiple Deprivation (IMD) Rank": 29188, "Index of Multiple Deprivation (IMD) Decile": 9}}, {"type": "Feature", "id": 28432, "geometry": {"type": "Polygon", "coordinates": [[[1.1967747791964, 52.0586421202321], [1.19561646026444, 52.0583191530878], [1.19308464419237, 52.0601161051823], [1.18777426501985, 52.0609112452091], [1.18212745882648, 52.0618194445633], [1.19199678988286, 52.0638780465368], [1.19700337543511, 52.062281471208], [1.1967747791964, 52.0586421202321]]]}, "properties": {"FID": 28432, "LSOA21CD": "E01029964", "LSOA21NM": "Ipswich 009B", "LSOA21NMW": " ", "BNG_E": 618853, "BNG_N": 245114, "LAT": 52.06117, "LONG": 1.191205, "GlobalID": "b96101fa-0300-4257-a8ca-06b68c381c9b", "LSOA name (2021)": "Ipswich 009B", "Local Authority District code (2024)": "E07000202", "Local Authority District name (2024)": "Ipswich", "Index of Multiple Deprivation (IMD) Rank": 22906, "Index of Multiple Deprivation (IMD) Decile": 7}}, {"type": "Feature", "id": 28433, "geometry": {"type": "Polygon", "coordinates": [[[1.20571136919147, 52.052230084438], [1.20561338090044, 52.0490075057269], [1.20159577005277, 52.0480163765423], [1.19976358091021, 52.0532567788712], [1.19561646026444, 52.0583191530878], [1.1967747791964, 52.0586421202321], [1.20499326247661, 52.0594325346599], [1.20571136919147, 52.052230084438]]]}, "properties": {"FID": 28433, "LSOA21CD": "E01029965", "LSOA21NM": "Ipswich 009C", "LSOA21NMW": " ", "BNG_E": 619543, "BNG_N": 244292, "LAT": 52.05351, "LONG": 1.200726, "GlobalID": "db0036d9-ee71-4d18-9075-0e898a9cd077", "LSOA name (2021)": "Ipswich 009C", "Local Authority District code (2024)": "E07000202", "Local Authority District name (2024)": "Ipswich", "Index of Multiple Deprivation (IMD) Rank": 28857, "Index of Multiple Deprivation (IMD) Decile": 9}}, {"type": "Feature", "id": 28434, "geometry": {"type": "Polygon", "coordinates": [[[1.20159577005277, 52.0480163765423], [1.20274185083652, 52.0391461115042], [1.20194375694651, 52.0374055181177], [1.19798305264925, 52.0403446639249], [1.19566183926724, 52.0429144035554], [1.19390001087671, 52.0531400654472], [1.19976358091021, 52.0532567788712], [1.20159577005277, 52.0480163765423]]]}, "properties": {"FID": 28434, "LSOA21CD": "E01029966", "LSOA21NM": "Ipswich 009D", "LSOA21NMW": " ", "BNG_E": 619426, "BNG_N": 243541, "LAT": 52.04682, "LONG": 1.19854, "GlobalID": "4fea1567-7748-464c-bf1d-d8223a2305cf", "LSOA name (2021)": "Ipswich 009D", "Local Authority District code (2024)": "E07000202", "Local Authority District name (2024)": "Ipswich", "Index of Multiple Deprivation (IMD) Rank": 27156, "Index of Multiple Deprivation (IMD) Decile": 9}}, {"type": "Feature", "id": 28435, "geometry": {"type": "Polygon", "coordinates": [[[1.20595579567782, 52.0412050170545], [1.20274185083652, 52.0391461115042], [1.20159577005277, 52.0480163765423], [1.20561338090044, 52.0490075057269], [1.2092127215245, 52.0484773201203], [1.20595579567782, 52.0412050170545]]]}, "properties": {"FID": 28435, "LSOA21CD": "E01029967", "LSOA21NM": "Ipswich 009E", "LSOA21NMW": " ", "BNG_E": 619832, "BNG_N": 243276, "LAT": 52.04428, "LONG": 1.204281, "GlobalID": "f13a8f0b-d315-41dc-b425-aeb19b6dd1fc", "LSOA name (2021)": "Ipswich 009E", "Local Authority District code (2024)": "E07000202", "Local Authority District name (2024)": "Ipswich", "Index of Multiple Deprivation (IMD) Rank": 32515, "Index of Multiple Deprivation (IMD) Decile": 10}}, {"type": "Feature", "id": 28436, "geometry": {"type": "Polygon", "coordinates": [[[1.15587366064608, 52.0485909014502], [1.15488950385522, 52.0465613206147], [1.14334814746342, 52.0469839228891], [1.15002499855629, 52.0496095431992], [1.15587366064608, 52.0485909014502]]]}, "properties": {"FID": 28436, "LSOA21CD": "E01029968", "LSOA21NM": "Ipswich 012A", "LSOA21NMW": " ", "BNG_E": 615974, "BNG_N": 243479, "LAT": 52.04762, "LONG": 1.148243, "GlobalID": "2d6a29d5-6640-4486-8662-20f0e50c4b59", "LSOA name (2021)": "Ipswich 012A", "Local Authority District code (2024)": "E07000202", "Local Authority District name (2024)": "Ipswich", "Index of Multiple Deprivation (IMD) Rank": 7596, "Index of Multiple Deprivation (IMD) Decile": 3}}, {"type": "Feature", "id": 28437, "geometry": {"type": "Polygon", "coordinates": [[[1.1573846792071, 52.0414067906217], [1.15549784383876, 52.0365343722437], [1.15052620469011, 52.0342324027609], [1.14671298045665, 52.0338779437595], [1.1427174452296, 52.0367448433167], [1.1470559801303, 52.0433582451809], [1.15169409007003, 52.0442147271433], [1.1573846792071, 52.0414067906217]]]}, "properties": {"FID": 28437, "LSOA21CD": "E01029969", "LSOA21NM": "Ipswich 012B", "LSOA21NMW": " ", "BNG_E": 616142, "BNG_N": 242527, "LAT": 52.03901, "LONG": 1.150088, "GlobalID": "f8bc47cc-fe87-4006-bc8c-f9965eb57c07", "LSOA name (2021)": "Ipswich 012B", "Local Authority District code (2024)": "E07000202", "Local Authority District name (2024)": "Ipswich", "Index of Multiple Deprivation (IMD) Rank": 8154, "Index of Multiple Deprivation (IMD) Decile": 3}}, {"type": "Feature", "id": 28438, "geometry": {"type": "Polygon", "coordinates": [[[1.15488950385522, 52.0465613206147], [1.15169409007003, 52.0442147271433], [1.1470559801303, 52.0433582451809], [1.14079169288941, 52.0440355304332], [1.14309230366304, 52.0410605563254], [1.13852126081418, 52.04104105454], [1.13753848414651, 52.0439657527931], [1.14299776424541, 52.046817567735], [1.14334814746342, 52.0469839228891], [1.15488950385522, 52.0465613206147]]]}, "properties": {"FID": 28438, "LSOA21CD": "E01029970", "LSOA21NM": "Ipswich 012C", "LSOA21NMW": " ", "BNG_E": 615763, "BNG_N": 243054, "LAT": 52.04388, "LONG": 1.144903, "GlobalID": "200b7a9a-b819-4d2c-88d5-17d0afeb1050", "LSOA name (2021)": "Ipswich 012C", "Local Authority District code (2024)": "E07000202", "Local Authority District name (2024)": "Ipswich", "Index of Multiple Deprivation (IMD) Rank": 14923, "Index of Multiple Deprivation (IMD) Decile": 5}}, {"type": "Feature", "id": 28439, "geometry": {"type": "Polygon", "coordinates": [[[1.1470559801303, 52.0433582451809], [1.1427174452296, 52.0367448433167], [1.13852126081418, 52.04104105454], [1.14309230366304, 52.0410605563254], [1.14079169288941, 52.0440355304332], [1.1470559801303, 52.0433582451809]]]}, "properties": {"FID": 28439, "LSOA21CD": "E01029971", "LSOA21NM": "Ipswich 012D", "LSOA21NMW": " ", "BNG_E": 615618, "BNG_N": 242478, "LAT": 52.03877, "LONG": 1.142429, "GlobalID": "8737e91b-10c9-439c-9eb0-fc8acd31f78c", "LSOA name (2021)": "Ipswich 012D", "Local Authority District code (2024)": "E07000202", "Local Authority District name (2024)": "Ipswich", "Index of Multiple Deprivation (IMD) Rank": 5432, "Index of Multiple Deprivation (IMD) Decile": 2}}, {"type": "Feature", "id": 28440, "geometry": {"type": "Polygon", "coordinates": [[[1.14612974575255, 52.0700889037472], [1.14275066812991, 52.0738150171523], [1.14684714997056, 52.0747172574588], [1.14264571526682, 52.0771008095929], [1.14159539282239, 52.0787043161539], [1.15183776536749, 52.0785977567464], [1.15632101282187, 52.0757690787393], [1.15437399128558, 52.072055540324], [1.14612974575255, 52.0700889037472]]]}, "properties": {"FID": 28440, "LSOA21CD": "E01029973", "LSOA21NM": "Ipswich 002A", "LSOA21NMW": " ", "BNG_E": 615880, "BNG_N": 246460, "LAT": 52.07441, "LONG": 1.148758, "GlobalID": "aa3149d2-84ae-412b-863f-5e185044d173", "LSOA name (2021)": "Ipswich 002A", "Local Authority District code (2024)": "E07000202", "Local Authority District name (2024)": "Ipswich", "Index of Multiple Deprivation (IMD) Rank": 32088, "Index of Multiple Deprivation (IMD) Decile": 10}}, {"type": "Feature", "id": 28441, "geometry": {"type": "Polygon", "coordinates": [[[1.14612974575255, 52.0700889037472], [1.14347077393665, 52.0696638587026], [1.13745951033381, 52.0673151109395], [1.13660546805419, 52.0680383693316], [1.13313029051134, 52.0713699813227], [1.14275066812991, 52.0738150171523], [1.14612974575255, 52.0700889037472]]]}, "properties": {"FID": 28441, "LSOA21CD": "E01029974", "LSOA21NM": "Ipswich 002B", "LSOA21NMW": " ", "BNG_E": 615273, "BNG_N": 245993, "LAT": 52.07046, "LONG": 1.13962, "GlobalID": "6910aa84-8872-4439-b9af-054c550a520c", "LSOA name (2021)": "Ipswich 002B", "Local Authority District code (2024)": "E07000202", "Local Authority District name (2024)": "Ipswich", "Index of Multiple Deprivation (IMD) Rank": 26731, "Index of Multiple Deprivation (IMD) Decile": 8}}, {"type": "Feature", "id": 28442, "geometry": {"type": "Polygon", "coordinates": [[[1.14159539282239, 52.0787043161539], [1.14264571526682, 52.0771008095929], [1.13684731315332, 52.0752934762582], [1.13480939864635, 52.0787839036377], [1.13181074348116, 52.0789920325589], [1.1343203732385, 52.0795875339964], [1.13915305136354, 52.0805526156752], [1.14159539282239, 52.0787043161539]]]}, "properties": {"FID": 28442, "LSOA21CD": "E01029975", "LSOA21NM": "Ipswich 002C", "LSOA21NMW": " ", "BNG_E": 615143, "BNG_N": 246849, "LAT": 52.07819, "LONG": 1.138266, "GlobalID": "7bbc6908-c663-4dbb-be67-ce6679e6e54f", "LSOA name (2021)": "Ipswich 002C", "Local Authority District code (2024)": "E07000202", "Local Authority District name (2024)": "Ipswich", "Index of Multiple Deprivation (IMD) Rank": 19752, "Index of Multiple Deprivation (IMD) Decile": 6}}, {"type": "Feature", "id": 28443, "geometry": {"type": "Polygon", "coordinates": [[[1.13480939864635, 52.0787839036377], [1.12780263661501, 52.0739370397056], [1.12544233691057, 52.0758555222569], [1.12599905456081, 52.0786727291316], [1.13181074348116, 52.0789920325589], [1.13480939864635, 52.0787839036377]]]}, "properties": {"FID": 28443, "LSOA21CD": "E01029976", "LSOA21NM": "Ipswich 002D", "LSOA21NMW": " ", "BNG_E": 614603, "BNG_N": 246648, "LAT": 52.0766, "LONG": 1.130271, "GlobalID": "a3a92434-609f-4cdf-91b5-2da405153eda", "LSOA name (2021)": "Ipswich 002D", "Local Authority District code (2024)": "E07000202", "Local Authority District name (2024)": "Ipswich", "Index of Multiple Deprivation (IMD) Rank": 22411, "Index of Multiple Deprivation (IMD) Decile": 7}}, {"type": "Feature", "id": 28444, "geometry": {"type": "Polygon", "coordinates": [[[1.14264571526682, 52.0771008095929], [1.14684714997056, 52.0747172574588], [1.14275066812991, 52.0738150171523], [1.13313029051134, 52.0713699813227], [1.12780263661501, 52.0739370397056], [1.13480939864635, 52.0787839036377], [1.13684731315332, 52.0752934762582], [1.14264571526682, 52.0771008095929]]]}, "properties": {"FID": 28444, "LSOA21CD": "E01029977", "LSOA21NM": "Ipswich 002E", "LSOA21NMW": " ", "BNG_E": 615215, "BNG_N": 246500, "LAT": 52.07503, "LONG": 1.139095, "GlobalID": "a0dafbd6-c4c3-4e6e-8118-9a0cd32b5a41", "LSOA name (2021)": "Ipswich 002E", "Local Authority District code (2024)": "E07000202", "Local Authority District name (2024)": "Ipswich", "Index of Multiple Deprivation (IMD) Rank": 29266, "Index of Multiple Deprivation (IMD) Decile": 9}}, {"type": "Feature", "id": 28445, "geometry": {"type": "Polygon", "coordinates": [[[1.1888520622049, 52.0375580022617], [1.19103042044465, 52.0359651908105], [1.18966855824398, 52.0339913597792], [1.18921702351327, 52.0335093157747], [1.18427794538041, 52.0330858444063], [1.18525506438882, 52.0366035404401], [1.18493281777294, 52.039237036009], [1.1888520622049, 52.0375580022617]]]}, "properties": {"FID": 28445, "LSOA21CD": "E01029978", "LSOA21NM": "Ipswich 016A", "LSOA21NMW": " ", "BNG_E": 618792, "BNG_N": 242306, "LAT": 52.03598, "LONG": 1.18852, "GlobalID": "41128a0c-f2a8-44ec-877e-ea00f930f9aa", "LSOA name (2021)": "Ipswich 016A", "Local Authority District code (2024)": "E07000202", "Local Authority District name (2024)": "Ipswich", "Index of Multiple Deprivation (IMD) Rank": 13453, "Index of Multiple Deprivation (IMD) Decile": 4}}, {"type": "Feature", "id": 28446, "geometry": {"type": "Polygon", "coordinates": [[[1.18024926079509, 52.0396298377152], [1.1813021438687, 52.0359891228074], [1.18525506438882, 52.0366035404401], [1.18427794538041, 52.0330858444063], [1.18366877741877, 52.0328218334714], [1.17484950159878, 52.0340407070222], [1.17629230586701, 52.0403979588952], [1.18024926079509, 52.0396298377152]]]}, "properties": {"FID": 28446, "LSOA21CD": "E01029979", "LSOA21NM": "Ipswich 016B", "LSOA21NMW": " ", "BNG_E": 618259, "BNG_N": 242128, "LAT": 52.03459, "LONG": 1.180649, "GlobalID": "5941e7d3-47c3-43fb-b25f-e3222c8c82d4", "LSOA name (2021)": "Ipswich 016B", "Local Authority District code (2024)": "E07000202", "Local Authority District name (2024)": "Ipswich", "Index of Multiple Deprivation (IMD) Rank": 2599, "Index of Multiple Deprivation (IMD) Decile": 1}}, {"type": "Feature", "id": 28447, "geometry": {"type": "Polygon", "coordinates": [[[1.17629230586701, 52.0403979588952], [1.17484950159878, 52.0340407070222], [1.17438529242467, 52.0276978633981], [1.18462569552289, 52.0243428100494], [1.17764837620975, 52.0224735748753], [1.16972014752522, 52.0303437855154], [1.16622686583005, 52.0298644102482], [1.16067641151017, 52.0326405099559], [1.16099187373895, 52.0418508967342], [1.16107996580777, 52.0420297966501], [1.17629230586701, 52.0403979588952]]]}, "properties": {"FID": 28447, "LSOA21CD": "E01029980", "LSOA21NM": "Ipswich 016C", "LSOA21NMW": " ", "BNG_E": 617639, "BNG_N": 242091, "LAT": 52.03451, "LONG": 1.171601, "GlobalID": "3715fe40-af34-428c-aab6-53452375e305", "LSOA name (2021)": "Ipswich 016C", "Local Authority District code (2024)": "E07000202", "Local Authority District name (2024)": "Ipswich", "Index of Multiple Deprivation (IMD) Rank": 2936, "Index of Multiple Deprivation (IMD) Decile": 1}}, {"type": "Feature", "id": 28448, "geometry": {"type": "Polygon", "coordinates": [[[1.18617085170365, 52.0284665012482], [1.18482263940289, 52.0243045352848], [1.18462569552289, 52.0243428100494], [1.17438529242467, 52.0276978633981], [1.18366877741877, 52.0328218334714], [1.18427794538041, 52.0330858444063], [1.18921702351327, 52.0335093157747], [1.18617085170365, 52.0284665012482]]]}, "properties": {"FID": 28448, "LSOA21CD": "E01029981", "LSOA21NM": "Ipswich 016D", "LSOA21NMW": " ", "BNG_E": 618357, "BNG_N": 241533, "LAT": 52.02921, "LONG": 1.181696, "GlobalID": "69445754-0db2-4d40-9d22-9ea5b25f135a", "LSOA name (2021)": "Ipswich 016D", "Local Authority District code (2024)": "E07000202", "Local Authority District name (2024)": "Ipswich", "Index of Multiple Deprivation (IMD) Rank": 23547, "Index of Multiple Deprivation (IMD) Decile": 7}}, {"type": "Feature", "id": 28449, "geometry": {"type": "Polygon", "coordinates": [[[1.18366877741877, 52.0328218334714], [1.17438529242467, 52.0276978633981], [1.17484950159878, 52.0340407070222], [1.18366877741877, 52.0328218334714]]]}, "properties": {"FID": 28449, "LSOA21CD": "E01029982", "LSOA21NM": "Ipswich 016E", "LSOA21NMW": " ", "BNG_E": 618077, "BNG_N": 241698, "LAT": 52.03081, "LONG": 1.177726, "GlobalID": "ad894ad7-2a92-4d5f-a9a4-17e820224069", "LSOA name (2021)": "Ipswich 016E", "Local Authority District code (2024)": "E07000202", "Local Authority District name (2024)": "Ipswich", "Index of Multiple Deprivation (IMD) Rank": 6409, "Index of Multiple Deprivation (IMD) Decile": 2}}, {"type": "Feature", "id": 28450, "geometry": {"type": "Polygon", "coordinates": [[[1.18365603717394, 52.0420773204779], [1.1876716313158, 52.038613672807], [1.1888520622049, 52.0375580022617], [1.18493281777294, 52.039237036009], [1.18525506438882, 52.0366035404401], [1.1813021438687, 52.0359891228074], [1.18024926079509, 52.0396298377152], [1.18052767514788, 52.0445893778548], [1.18365603717394, 52.0420773204779]]]}, "properties": {"FID": 28450, "LSOA21CD": "E01029983", "LSOA21NM": "Ipswich 016F", "LSOA21NMW": " ", "BNG_E": 618485, "BNG_N": 242613, "LAT": 52.03886, "LONG": 1.184248, "GlobalID": "ee8d1a0d-8303-495e-953c-6d7e21b8cfc5", "LSOA name (2021)": "Ipswich 016F", "Local Authority District code (2024)": "E07000202", "Local Authority District name (2024)": "Ipswich", "Index of Multiple Deprivation (IMD) Rank": 20981, "Index of Multiple Deprivation (IMD) Decile": 7}}, {"type": "Feature", "id": 28451, "geometry": {"type": "Polygon", "coordinates": [[[1.12720774459731, 52.0545926801655], [1.1294948126178, 52.0529904669814], [1.12477764901769, 52.0530609966315], [1.12381313134901, 52.0497427613323], [1.1206380872745, 52.0484522063037], [1.11480884608133, 52.048604875015], [1.11431402373233, 52.0485972914186], [1.1102509098941, 52.0535017115711], [1.12200420099587, 52.0574251491926], [1.12202319438, 52.0615147923764], [1.12612632954133, 52.0639722414343], [1.12720774459731, 52.0545926801655]]]}, "properties": {"FID": 28451, "LSOA21CD": "E01029984", "LSOA21NM": "Ipswich 010A", "LSOA21NMW": " ", "BNG_E": 614002, "BNG_N": 244041, "LAT": 52.05343, "LONG": 1.119883, "GlobalID": "2ded0764-50f6-4480-88c8-64665984562c", "LSOA name (2021)": "Ipswich 010A", "Local Authority District code (2024)": "E07000202", "Local Authority District name (2024)": "Ipswich", "Index of Multiple Deprivation (IMD) Rank": 9064, "Index of Multiple Deprivation (IMD) Decile": 3}}, {"type": "Feature", "id": 28452, "geometry": {"type": "Polygon", "coordinates": [[[1.13319650224811, 52.0615083963556], [1.13511439117271, 52.0578595716467], [1.14631652466481, 52.0531268891158], [1.14511482101224, 52.0512701652403], [1.15002499855629, 52.0496095431992], [1.14334814746342, 52.0469839228891], [1.14299776424541, 52.046817567735], [1.13498280212208, 52.0466322349018], [1.13573485743081, 52.0525782872129], [1.13082819010661, 52.0564006907794], [1.12720774459731, 52.0545926801655], [1.12612632954133, 52.0639722414343], [1.12952061381872, 52.0639930972402], [1.13319650224811, 52.0615083963556]]]}, "properties": {"FID": 28452, "LSOA21CD": "E01029985", "LSOA21NM": "Ipswich 010B", "LSOA21NMW": " ", "BNG_E": 615194, "BNG_N": 243978, "LAT": 52.0524, "LONG": 1.137201, "GlobalID": "c20b394c-90a9-42ce-94fc-9416f367eade", "LSOA name (2021)": "Ipswich 010B", "Local Authority District code (2024)": "E07000202", "Local Authority District name (2024)": "Ipswich", "Index of Multiple Deprivation (IMD) Rank": 9372, "Index of Multiple Deprivation (IMD) Decile": 3}}, {"type": "Feature", "id": 28453, "geometry": {"type": "Polygon", "coordinates": [[[1.13498280212208, 52.0466322349018], [1.1318043139835, 52.0447096778763], [1.12672056525399, 52.0439540117263], [1.12824731005643, 52.0467243022553], [1.13361438868564, 52.0507683201065], [1.12381313134901, 52.0497427613323], [1.12477764901769, 52.0530609966315], [1.1294948126178, 52.0529904669814], [1.12720774459731, 52.0545926801655], [1.13082819010661, 52.0564006907794], [1.13573485743081, 52.0525782872129], [1.13498280212208, 52.0466322349018]]]}, "properties": {"FID": 28453, "LSOA21CD": "E01029986", "LSOA21NM": "Ipswich 010C", "LSOA21NMW": " ", "BNG_E": 614773, "BNG_N": 243246, "LAT": 52.04599, "LONG": 1.130611, "GlobalID": "914f2d4e-1cfb-4889-b70e-810ffda3b737", "LSOA name (2021)": "Ipswich 010C", "Local Authority District code (2024)": "E07000202", "Local Authority District name (2024)": "Ipswich", "Index of Multiple Deprivation (IMD) Rank": 3404, "Index of Multiple Deprivation (IMD) Decile": 2}}, {"type": "Feature", "id": 28454, "geometry": {"type": "Polygon", "coordinates": [[[1.12824731005643, 52.0467243022553], [1.12360579380352, 52.0467717454249], [1.1206380872745, 52.0484522063037], [1.12381313134901, 52.0497427613323], [1.13361438868564, 52.0507683201065], [1.12824731005643, 52.0467243022553]]]}, "properties": {"FID": 28454, "LSOA21CD": "E01029987", "LSOA21NM": "Ipswich 010D", "LSOA21NMW": " ", "BNG_E": 614625, "BNG_N": 243558, "LAT": 52.04885, "LONG": 1.128652, "GlobalID": "acc11fb4-9585-41e9-8b94-2a659a6fa6df", "LSOA name (2021)": "Ipswich 010D", "Local Authority District code (2024)": "E07000202", "Local Authority District name (2024)": "Ipswich", "Index of Multiple Deprivation (IMD) Rank": 4273, "Index of Multiple Deprivation (IMD) Decile": 2}}, {"type": "Feature", "id": 28455, "geometry": {"type": "Polygon", "coordinates": [[[1.14798842190318, 52.0597822771393], [1.14631652466481, 52.0531268891158], [1.13511439117271, 52.0578595716467], [1.14114475972135, 52.0599794929304], [1.14593801942993, 52.06016675064], [1.14798842190318, 52.0597822771393]]]}, "properties": {"FID": 28455, "LSOA21CD": "E01029988", "LSOA21NM": "Ipswich 010E", "LSOA21NMW": " ", "BNG_E": 615506, "BNG_N": 244480, "LAT": 52.05679, "LONG": 1.14206, "GlobalID": "5ad4e3bb-1287-4b84-892e-5b12d3c0e32b", "LSOA name (2021)": "Ipswich 010E", "Local Authority District code (2024)": "E07000202", "Local Authority District name (2024)": "Ipswich", "Index of Multiple Deprivation (IMD) Rank": 4267, "Index of Multiple Deprivation (IMD) Decile": 2}}, {"type": "Feature", "id": 28456, "geometry": {"type": "Polygon", "coordinates": [[[1.17449437065417, 52.0533437232173], [1.18284953237064, 52.0523834361626], [1.18373922851703, 52.0496383713739], [1.18078035330317, 52.0473966675203], [1.17661941911363, 52.048837510219], [1.1738805504627, 52.0535089615505], [1.17449437065417, 52.0533437232173]]]}, "properties": {"FID": 28456, "LSOA21CD": "E01029990", "LSOA21NM": "Ipswich 011B", "LSOA21NMW": " ", "BNG_E": 618111, "BNG_N": 243881, "LAT": 52.05039, "LONG": 1.179612, "GlobalID": "a90845ee-3851-474a-a969-11486d90bc0c", "LSOA name (2021)": "Ipswich 011B", "Local Authority District code (2024)": "E07000202", "Local Authority District name (2024)": "Ipswich", "Index of Multiple Deprivation (IMD) Rank": 15463, "Index of Multiple Deprivation (IMD) Decile": 5}}, {"type": "Feature", "id": 28457, "geometry": {"type": "Polygon", "coordinates": [[[1.17025416133037, 52.0474173700252], [1.17365957410833, 52.0429520770545], [1.18038157254217, 52.0446814230747], [1.18052767514788, 52.0445893778548], [1.18024926079509, 52.0396298377152], [1.17629230586701, 52.0403979588952], [1.16107996580777, 52.0420297966501], [1.16305912743788, 52.0460487205317], [1.16296869384257, 52.0461038226602], [1.16650556640784, 52.0488625095519], [1.17025416133037, 52.0474173700252]]]}, "properties": {"FID": 28457, "LSOA21CD": "E01029991", "LSOA21NM": "Ipswich 011C", "LSOA21NMW": " ", "BNG_E": 617305, "BNG_N": 243223, "LAT": 52.0448, "LONG": 1.167459, "GlobalID": "95198ca7-6778-426f-8feb-e1143a2226ea", "LSOA name (2021)": "Ipswich 011C", "Local Authority District code (2024)": "E07000202", "Local Authority District name (2024)": "Ipswich", "Index of Multiple Deprivation (IMD) Rank": 26321, "Index of Multiple Deprivation (IMD) Decile": 8}}, {"type": "Feature", "id": 28458, "geometry": {"type": "Polygon", "coordinates": [[[1.18078035330317, 52.0473966675203], [1.18038157254217, 52.0446814230747], [1.17365957410833, 52.0429520770545], [1.17025416133037, 52.0474173700252], [1.17661941911363, 52.048837510219], [1.18078035330317, 52.0473966675203]]]}, "properties": {"FID": 28458, "LSOA21CD": "E01029992", "LSOA21NM": "Ipswich 011D", "LSOA21NMW": " ", "BNG_E": 617860, "BNG_N": 243386, "LAT": 52.04604, "LONG": 1.175642, "GlobalID": "96840dfd-283e-40ff-bdec-656de0b82bb8", "LSOA name (2021)": "Ipswich 011D", "Local Authority District code (2024)": "E07000202", "Local Authority District name (2024)": "Ipswich", "Index of Multiple Deprivation (IMD) Rank": 20096, "Index of Multiple Deprivation (IMD) Decile": 6}}, {"type": "Feature", "id": 28459, "geometry": {"type": "Polygon", "coordinates": [[[1.19798305264925, 52.0403446639249], [1.19103042044465, 52.0359651908105], [1.1888520622049, 52.0375580022617], [1.1876716313158, 52.038613672807], [1.19566183926724, 52.0429144035554], [1.19798305264925, 52.0403446639249]]]}, "properties": {"FID": 28459, "LSOA21CD": "E01029994", "LSOA21NM": "Ipswich 014B", "LSOA21NMW": " ", "BNG_E": 619070, "BNG_N": 242663, "LAT": 52.03908, "LONG": 1.192795, "GlobalID": "a4898494-5333-4f40-9778-6915935e7217", "LSOA name (2021)": "Ipswich 014B", "Local Authority District code (2024)": "E07000202", "Local Authority District name (2024)": "Ipswich", "Index of Multiple Deprivation (IMD) Rank": 2000, "Index of Multiple Deprivation (IMD) Decile": 1}}, {"type": "Feature", "id": 28460, "geometry": {"type": "Polygon", "coordinates": [[[1.19091612975965, 52.0467561025393], [1.18365603717394, 52.0420773204779], [1.18052767514788, 52.0445893778548], [1.18038157254217, 52.0446814230747], [1.18078035330317, 52.0473966675203], [1.18373922851703, 52.0496383713739], [1.19091612975965, 52.0467561025393]]]}, "properties": {"FID": 28460, "LSOA21CD": "E01029995", "LSOA21NM": "Ipswich 014C", "LSOA21NMW": " ", "BNG_E": 618577, "BNG_N": 243389, "LAT": 52.04579, "LONG": 1.186083, "GlobalID": "93412b27-b0ca-468e-8b03-b7c8bba3988c", "LSOA name (2021)": "Ipswich 014C", "Local Authority District code (2024)": "E07000202", "Local Authority District name (2024)": "Ipswich", "Index of Multiple Deprivation (IMD) Rank": 24239, "Index of Multiple Deprivation (IMD) Decile": 8}}, {"type": "Feature", "id": 28461, "geometry": {"type": "Polygon", "coordinates": [[[1.19566183926724, 52.0429144035554], [1.1876716313158, 52.038613672807], [1.18365603717394, 52.0420773204779], [1.19091612975965, 52.0467561025393], [1.19566183926724, 52.0429144035554]]]}, "properties": {"FID": 28461, "LSOA21CD": "E01029996", "LSOA21NM": "Ipswich 014D", "LSOA21NMW": " ", "BNG_E": 618838, "BNG_N": 243035, "LAT": 52.04251, "LONG": 1.189656, "GlobalID": "13943243-869e-49fa-9879-8c577d159c64", "LSOA name (2021)": "Ipswich 014D", "Local Authority District code (2024)": "E07000202", "Local Authority District name (2024)": "Ipswich", "Index of Multiple Deprivation (IMD) Rank": 7386, "Index of Multiple Deprivation (IMD) Decile": 3}}, {"type": "Feature", "id": 28462, "geometry": {"type": "Polygon", "coordinates": [[[1.18251326997096, 52.065771322558], [1.18194993075958, 52.0638705053216], [1.17315290827266, 52.0640929344733], [1.17357051794105, 52.0677057020725], [1.17549553940861, 52.0694566613302], [1.1762902793234, 52.0706566548996], [1.18251326997096, 52.065771322558]]]}, "properties": {"FID": 28462, "LSOA21CD": "E01029997", "LSOA21NM": "Ipswich 004A", "LSOA21NMW": " ", "BNG_E": 617917, "BNG_N": 245705, "LAT": 52.06684, "LONG": 1.177951, "GlobalID": "41a261d8-fe57-4103-83db-8f6d29b44093", "LSOA name (2021)": "Ipswich 004A", "Local Authority District code (2024)": "E07000202", "Local Authority District name (2024)": "Ipswich", "Index of Multiple Deprivation (IMD) Rank": 28180, "Index of Multiple Deprivation (IMD) Decile": 9}}, {"type": "Feature", "id": 28463, "geometry": {"type": "Polygon", "coordinates": [[[1.20021480322456, 52.0685351472585], [1.19138605067674, 52.0666873163726], [1.18649266539463, 52.0692056196108], [1.19269199821385, 52.0737663026949], [1.20021480322456, 52.0685351472585]]]}, "properties": {"FID": 28463, "LSOA21CD": "E01029998", "LSOA21NM": "Ipswich 004B", "LSOA21NMW": " ", "BNG_E": 618963, "BNG_N": 246114, "LAT": 52.0701, "LONG": 1.193448, "GlobalID": "76591d31-c5b8-4072-bba7-6665d6732cc3", "LSOA name (2021)": "Ipswich 004B", "Local Authority District code (2024)": "E07000202", "Local Authority District name (2024)": "Ipswich", "Index of Multiple Deprivation (IMD) Rank": 7020, "Index of Multiple Deprivation (IMD) Decile": 3}}, {"type": "Feature", "id": 28464, "geometry": {"type": "Polygon", "coordinates": [[[1.19138605067674, 52.0666873163726], [1.19199678988286, 52.0638780465368], [1.18212745882648, 52.0618194445633], [1.17766877620156, 52.0616687595054], [1.18194993075958, 52.0638705053216], [1.18251326997096, 52.065771322558], [1.18649266539463, 52.0692056196108], [1.19138605067674, 52.0666873163726]]]}, "properties": {"FID": 28464, "LSOA21CD": "E01029999", "LSOA21NM": "Ipswich 004C", "LSOA21NMW": " ", "BNG_E": 618397, "BNG_N": 245579, "LAT": 52.06552, "LONG": 1.184862, "GlobalID": "ede47861-2bcc-444a-86b0-2c1b4cbde9a5", "LSOA name (2021)": "Ipswich 004C", "Local Authority District code (2024)": "E07000202", "Local Authority District name (2024)": "Ipswich", "Index of Multiple Deprivation (IMD) Rank": 28696, "Index of Multiple Deprivation (IMD) Decile": 9}}, {"type": "Feature", "id": 28465, "geometry": {"type": "Polygon", "coordinates": [[[1.18194993075958, 52.0638705053216], [1.17766877620156, 52.0616687595054], [1.17247728382665, 52.0611655027685], [1.17166302825456, 52.0626881936827], [1.17357051794105, 52.0677057020725], [1.17315290827266, 52.0640929344733], [1.18194993075958, 52.0638705053216]]]}, "properties": {"FID": 28465, "LSOA21CD": "E01030000", "LSOA21NM": "Ipswich 004D", "LSOA21NMW": " ", "BNG_E": 617859, "BNG_N": 245274, "LAT": 52.06299, "LONG": 1.176831, "GlobalID": "33a9fc57-bdb4-43b7-8082-2f498626f990", "LSOA name (2021)": "Ipswich 004D", "Local Authority District code (2024)": "E07000202", "Local Authority District name (2024)": "Ipswich", "Index of Multiple Deprivation (IMD) Rank": 25319, "Index of Multiple Deprivation (IMD) Decile": 8}}, {"type": "Feature", "id": 28466, "geometry": {"type": "Polygon", "coordinates": [[[1.18824084520143, 52.0787221396817], [1.19269199821385, 52.0737663026949], [1.18649266539463, 52.0692056196108], [1.18251326997096, 52.065771322558], [1.1762902793234, 52.0706566548996], [1.17098715478079, 52.0808189293055], [1.18989390078257, 52.0804495759826], [1.18824084520143, 52.0787221396817]]]}, "properties": {"FID": 28466, "LSOA21CD": "E01030001", "LSOA21NM": "Ipswich 004E", "LSOA21NMW": " ", "BNG_E": 618133, "BNG_N": 246579, "LAT": 52.0746, "LONG": 1.181655, "GlobalID": "9cadeaad-83a2-4b8d-a722-146b937e50dc", "LSOA name (2021)": "Ipswich 004E", "Local Authority District code (2024)": "E07000202", "Local Authority District name (2024)": "Ipswich", "Index of Multiple Deprivation (IMD) Rank": 12711, "Index of Multiple Deprivation (IMD) Decile": 4}}, {"type": "Feature", "id": 28467, "geometry": {"type": "Polygon", "coordinates": [[[1.18777426501985, 52.0609112452091], [1.18333568994522, 52.0572717757493], [1.17555613813296, 52.0577890139002], [1.1753910235593, 52.0577581224552], [1.17247728382665, 52.0611655027685], [1.17766877620156, 52.0616687595054], [1.18212745882648, 52.0618194445633], [1.18777426501985, 52.0609112452091]]]}, "properties": {"FID": 28467, "LSOA21CD": "E01030002", "LSOA21NM": "Ipswich 008A", "LSOA21NMW": " ", "BNG_E": 617995, "BNG_N": 244894, "LAT": 52.05953, "LONG": 1.178569, "GlobalID": "716f3c4a-794a-43e3-8d76-2027a9ca2ac3", "LSOA name (2021)": "Ipswich 008A", "Local Authority District code (2024)": "E07000202", "Local Authority District name (2024)": "Ipswich", "Index of Multiple Deprivation (IMD) Rank": 16306, "Index of Multiple Deprivation (IMD) Decile": 5}}, {"type": "Feature", "id": 28468, "geometry": {"type": "Polygon", "coordinates": [[[1.19308464419237, 52.0601161051823], [1.19430888510853, 52.0582406266768], [1.19054680884337, 52.0594613782421], [1.18871864205874, 52.0570151968617], [1.18474835418428, 52.0539640929464], [1.18334388381906, 52.0542190482488], [1.18333568994522, 52.0572717757493], [1.18777426501985, 52.0609112452091], [1.19308464419237, 52.0601161051823]]]}, "properties": {"FID": 28468, "LSOA21CD": "E01030003", "LSOA21NM": "Ipswich 008B", "LSOA21NMW": " ", "BNG_E": 618586, "BNG_N": 244682, "LAT": 52.05739, "LONG": 1.18704, "GlobalID": "9fd0005a-1aed-4292-86f7-93cba33faf60", "LSOA name (2021)": "Ipswich 008B", "Local Authority District code (2024)": "E07000202", "Local Authority District name (2024)": "Ipswich", "Index of Multiple Deprivation (IMD) Rank": 23992, "Index of Multiple Deprivation (IMD) Decile": 8}}, {"type": "Feature", "id": 28469, "geometry": {"type": "Polygon", "coordinates": [[[1.19561646026444, 52.0583191530878], [1.19976358091021, 52.0532567788712], [1.19390001087671, 52.0531400654472], [1.19240212156007, 52.0534762993976], [1.18871864205874, 52.0570151968617], [1.19054680884337, 52.0594613782421], [1.19430888510853, 52.0582406266768], [1.19308464419237, 52.0601161051823], [1.19561646026444, 52.0583191530878]]]}, "properties": {"FID": 28469, "LSOA21CD": "E01030004", "LSOA21NM": "Ipswich 008C", "LSOA21NMW": " ", "BNG_E": 619077, "BNG_N": 244540, "LAT": 52.05592, "LONG": 1.194099, "GlobalID": "ad70876f-75d0-4ee7-91bc-0869d340d684", "LSOA name (2021)": "Ipswich 008C", "Local Authority District code (2024)": "E07000202", "Local Authority District name (2024)": "Ipswich", "Index of Multiple Deprivation (IMD) Rank": 29876, "Index of Multiple Deprivation (IMD) Decile": 9}}, {"type": "Feature", "id": 28470, "geometry": {"type": "Polygon", "coordinates": [[[1.18474835418428, 52.0539640929464], [1.186450737194, 52.0508139082997], [1.19240212156007, 52.0534762993976], [1.19390001087671, 52.0531400654472], [1.19566183926724, 52.0429144035554], [1.19091612975965, 52.0467561025393], [1.18373922851703, 52.0496383713739], [1.18284953237064, 52.0523834361626], [1.18333952811685, 52.0538825909069], [1.18334388381906, 52.0542190482488], [1.18474835418428, 52.0539640929464]]]}, "properties": {"FID": 28470, "LSOA21CD": "E01030005", "LSOA21NM": "Ipswich 008D", "LSOA21NMW": " ", "BNG_E": 618886, "BNG_N": 243688, "LAT": 52.04835, "LONG": 1.190773, "GlobalID": "f9b836b7-bade-4bac-9b62-4b73b3d554bd", "LSOA name (2021)": "Ipswich 008D", "Local Authority District code (2024)": "E07000202", "Local Authority District name (2024)": "Ipswich", "Index of Multiple Deprivation (IMD) Rank": 20631, "Index of Multiple Deprivation (IMD) Decile": 7}}, {"type": "Feature", "id": 28471, "geometry": {"type": "Polygon", "coordinates": [[[1.19240212156007, 52.0534762993976], [1.186450737194, 52.0508139082997], [1.18474835418428, 52.0539640929464], [1.18871864205874, 52.0570151968617], [1.19240212156007, 52.0534762993976]]]}, "properties": {"FID": 28471, "LSOA21CD": "E01030006", "LSOA21NM": "Ipswich 008E", "LSOA21NMW": " ", "BNG_E": 618701, "BNG_N": 244340, "LAT": 52.05428, "LONG": 1.188496, "GlobalID": "6f5e7b48-5d98-4638-b768-96935bba2ecf", "LSOA name (2021)": "Ipswich 008E", "Local Authority District code (2024)": "E07000202", "Local Authority District name (2024)": "Ipswich", "Index of Multiple Deprivation (IMD) Rank": 18820, "Index of Multiple Deprivation (IMD) Decile": 6}}, {"type": "Feature", "id": 28472, "geometry": {"type": "Polygon", "coordinates": [[[1.17357051794105, 52.0677057020725], [1.17166302825456, 52.0626881936827], [1.16516680097406, 52.0592749627883], [1.16322072707404, 52.0634031461103], [1.15851914086085, 52.0617679308672], [1.15974049034796, 52.0654218433752], [1.16243152312656, 52.0675717375065], [1.16859125184738, 52.0663538771337], [1.17549553940861, 52.0694566613302], [1.17357051794105, 52.0677057020725]]]}, "properties": {"FID": 28472, "LSOA21CD": "E01030007", "LSOA21NM": "Ipswich 005A", "LSOA21NMW": " ", "BNG_E": 617084, "BNG_N": 245423, "LAT": 52.06463, "LONG": 1.165638, "GlobalID": "ea2c0c55-e181-4d88-9dea-ad7403da66de", "LSOA name (2021)": "Ipswich 005A", "Local Authority District code (2024)": "E07000202", "Local Authority District name (2024)": "Ipswich", "Index of Multiple Deprivation (IMD) Rank": 21593, "Index of Multiple Deprivation (IMD) Decile": 7}}, {"type": "Feature", "id": 28473, "geometry": {"type": "Polygon", "coordinates": [[[1.16243152312656, 52.0675717375065], [1.15974049034796, 52.0654218433752], [1.15324374792671, 52.0650846832289], [1.15183644042205, 52.0686051805507], [1.14637178914885, 52.0666439621045], [1.14347077393665, 52.0696638587026], [1.14612974575255, 52.0700889037472], [1.15437399128558, 52.072055540324], [1.15632101282187, 52.0757690787393], [1.15183776536749, 52.0785977567464], [1.15632780415246, 52.0795416171463], [1.16302489495215, 52.0807052693486], [1.15947222912329, 52.0737069203132], [1.16243152312656, 52.0675717375065]]]}, "properties": {"FID": 28473, "LSOA21CD": "E01030008", "LSOA21NM": "Ipswich 005B", "LSOA21NMW": " ", "BNG_E": 616218, "BNG_N": 245819, "LAT": 52.06853, "LONG": 1.153276, "GlobalID": "1314951c-d1f4-4e4d-8eba-e945119a6a87", "LSOA name (2021)": "Ipswich 005B", "Local Authority District code (2024)": "E07000202", "Local Authority District name (2024)": "Ipswich", "Index of Multiple Deprivation (IMD) Rank": 31881, "Index of Multiple Deprivation (IMD) Decile": 10}}, {"type": "Feature", "id": 28474, "geometry": {"type": "Polygon", "coordinates": [[[1.15324374792671, 52.0650846832289], [1.15401165281226, 52.0619800976484], [1.14564057041718, 52.0639208346608], [1.14080447516838, 52.0644155995693], [1.13745951033381, 52.0673151109395], [1.14347077393665, 52.0696638587026], [1.14637178914885, 52.0666439621045], [1.15183644042205, 52.0686051805507], [1.15324374792671, 52.0650846832289]]]}, "properties": {"FID": 28474, "LSOA21CD": "E01030009", "LSOA21NM": "Ipswich 005C", "LSOA21NMW": " ", "BNG_E": 615704, "BNG_N": 245515, "LAT": 52.066, "LONG": 1.145597, "GlobalID": "bf5eece7-a208-4836-be3f-7ae07ef88f6e", "LSOA name (2021)": "Ipswich 005C", "Local Authority District code (2024)": "E07000202", "Local Authority District name (2024)": "Ipswich", "Index of Multiple Deprivation (IMD) Rank": 29804, "Index of Multiple Deprivation (IMD) Decile": 9}}, {"type": "Feature", "id": 28475, "geometry": {"type": "Polygon", "coordinates": [[[1.16516680097406, 52.0592749627883], [1.16447033916407, 52.0588952556256], [1.16240050041289, 52.0578809897856], [1.15621548300696, 52.0593399899617], [1.15401165281226, 52.0619800976484], [1.15324374792671, 52.0650846832289], [1.15974049034796, 52.0654218433752], [1.15851914086085, 52.0617679308672], [1.16322072707404, 52.0634031461103], [1.16516680097406, 52.0592749627883]]]}, "properties": {"FID": 28475, "LSOA21CD": "E01030010", "LSOA21NM": "Ipswich 005D", "LSOA21NMW": " ", "BNG_E": 616682, "BNG_N": 244875, "LAT": 52.05987, "LONG": 1.159436, "GlobalID": "10b35191-890e-4526-9571-4438983f4da7", "LSOA name (2021)": "Ipswich 005D", "Local Authority District code (2024)": "E07000202", "Local Authority District name (2024)": "Ipswich", "Index of Multiple Deprivation (IMD) Rank": 7327, "Index of Multiple Deprivation (IMD) Decile": 3}}, {"type": "Feature", "id": 28476, "geometry": {"type": "Polygon", "coordinates": [[[1.17098715478079, 52.0808189293055], [1.1762902793234, 52.0706566548996], [1.17549553940861, 52.0694566613302], [1.16859125184738, 52.0663538771337], [1.16243152312656, 52.0675717375065], [1.15947222912329, 52.0737069203132], [1.16302489495215, 52.0807052693486], [1.16559100434376, 52.0810138942216], [1.17098715478079, 52.0808189293055]]]}, "properties": {"FID": 28476, "LSOA21CD": "E01030011", "LSOA21NM": "Ipswich 005E", "LSOA21NMW": " ", "BNG_E": 617214, "BNG_N": 246454, "LAT": 52.07384, "LONG": 1.168188, "GlobalID": "434d4068-ea1d-4a29-aafa-b70a198e2f76", "LSOA name (2021)": "Ipswich 005E", "Local Authority District code (2024)": "E07000202", "Local Authority District name (2024)": "Ipswich", "Index of Multiple Deprivation (IMD) Rank": 32882, "Index of Multiple Deprivation (IMD) Decile": 10}}, {"type": "Feature", "id": 28477, "geometry": {"type": "Polygon", "coordinates": [[[1.12672056525399, 52.0439540117263], [1.12343887644825, 52.0421124309377], [1.12092101303481, 52.0401684751691], [1.12042664962064, 52.0443497467324], [1.12448089441989, 52.0438516917752], [1.12360579380352, 52.0467717454249], [1.12824731005643, 52.0467243022553], [1.12672056525399, 52.0439540117263]]]}, "properties": {"FID": 28477, "LSOA21CD": "E01030012", "LSOA21NM": "Ipswich 013A", "LSOA21NMW": " ", "BNG_E": 614303, "BNG_N": 242966, "LAT": 52.04366, "LONG": 1.123592, "GlobalID": "675d1251-798b-414f-9dd0-b4a6785db8e7", "LSOA name (2021)": "Ipswich 013A", "Local Authority District code (2024)": "E07000202", "Local Authority District name (2024)": "Ipswich", "Index of Multiple Deprivation (IMD) Rank": 2300, "Index of Multiple Deprivation (IMD) Decile": 1}}, {"type": "Feature", "id": 28478, "geometry": {"type": "Polygon", "coordinates": [[[1.12360579380352, 52.0467717454249], [1.12448089441989, 52.0438516917752], [1.12042664962064, 52.0443497467324], [1.11746792314879, 52.0441116172364], [1.11480884608133, 52.048604875015], [1.1206380872745, 52.0484522063037], [1.12360579380352, 52.0467717454249]]]}, "properties": {"FID": 28478, "LSOA21CD": "E01030013", "LSOA21NM": "Ipswich 013B", "LSOA21NMW": " ", "BNG_E": 614006, "BNG_N": 243327, "LAT": 52.04701, "LONG": 1.119494, "GlobalID": "887d652f-af77-4162-886f-bf409b05c7bd", "LSOA name (2021)": "Ipswich 013B", "Local Authority District code (2024)": "E07000202", "Local Authority District name (2024)": "Ipswich", "Index of Multiple Deprivation (IMD) Rank": 6217, "Index of Multiple Deprivation (IMD) Decile": 2}}, {"type": "Feature", "id": 28479, "geometry": {"type": "Polygon", "coordinates": [[[1.11746792314879, 52.0441116172364], [1.11592019183225, 52.0439735302044], [1.10991959275697, 52.042563648571], [1.10727706192442, 52.0465188152582], [1.11431402373233, 52.0485972914186], [1.11480884608133, 52.048604875015], [1.11746792314879, 52.0441116172364]]]}, "properties": {"FID": 28479, "LSOA21CD": "E01030014", "LSOA21NM": "Ipswich 013C", "LSOA21NMW": " ", "BNG_E": 613510, "BNG_N": 243150, "LAT": 52.04562, "LONG": 1.112162, "GlobalID": "03575eb7-9189-40d7-b3d9-3ef973a5a8ae", "LSOA name (2021)": "Ipswich 013C", "Local Authority District code (2024)": "E07000202", "Local Authority District name (2024)": "Ipswich", "Index of Multiple Deprivation (IMD) Rank": 8800, "Index of Multiple Deprivation (IMD) Decile": 3}}, {"type": "Feature", "id": 28480, "geometry": {"type": "Polygon", "coordinates": [[[1.11711369634347, 52.0383443587335], [1.11763947126055, 52.0353316520746], [1.11267661119645, 52.0357897478953], [1.11174277953609, 52.0407051128569], [1.10991959275697, 52.042563648571], [1.11592019183225, 52.0439735302044], [1.11711369634347, 52.0383443587335]]]}, "properties": {"FID": 28480, "LSOA21CD": "E01030015", "LSOA21NM": "Ipswich 013D", "LSOA21NMW": " ", "BNG_E": 613658, "BNG_N": 242291, "LAT": 52.03785, "LONG": 1.11378, "GlobalID": "f9d21194-b3a8-4d58-8732-ef2b853433a6", "LSOA name (2021)": "Ipswich 013D", "Local Authority District code (2024)": "E07000202", "Local Authority District name (2024)": "Ipswich", "Index of Multiple Deprivation (IMD) Rank": 26039, "Index of Multiple Deprivation (IMD) Decile": 8}}, {"type": "Feature", "id": 28481, "geometry": {"type": "Polygon", "coordinates": [[[1.12092101303481, 52.0401684751691], [1.11711369634347, 52.0383443587335], [1.11592019183225, 52.0439735302044], [1.11746792314879, 52.0441116172364], [1.12042664962064, 52.0443497467324], [1.12092101303481, 52.0401684751691]]]}, "properties": {"FID": 28481, "LSOA21CD": "E01030016", "LSOA21NM": "Ipswich 013E", "LSOA21NMW": " ", "BNG_E": 613897, "BNG_N": 242712, "LAT": 52.04154, "LONG": 1.117523, "GlobalID": "fbc3a525-aaed-4514-b78c-49d4f6fa05df", "LSOA name (2021)": "Ipswich 013E", "Local Authority District code (2024)": "E07000202", "Local Authority District name (2024)": "Ipswich", "Index of Multiple Deprivation (IMD) Rank": 16513, "Index of Multiple Deprivation (IMD) Decile": 5}}, {"type": "Feature", "id": 28482, "geometry": {"type": "Polygon", "coordinates": [[[1.12617599441045, 52.0400132345858], [1.12525091915887, 52.0352522071279], [1.12419221573297, 52.0342340237635], [1.11763947126055, 52.0353316520746], [1.11711369634347, 52.0383443587335], [1.12092101303481, 52.0401684751691], [1.12343887644825, 52.0421124309377], [1.12617599441045, 52.0400132345858]]]}, "properties": {"FID": 28482, "LSOA21CD": "E01030017", "LSOA21NM": "Ipswich 015A", "LSOA21NMW": " ", "BNG_E": 614264, "BNG_N": 242389, "LAT": 52.03849, "LONG": 1.122663, "GlobalID": "b5b2d2b4-5977-4a35-a817-2a8e0366a8ab", "LSOA name (2021)": "Ipswich 015A", "Local Authority District code (2024)": "E07000202", "Local Authority District name (2024)": "Ipswich", "Index of Multiple Deprivation (IMD) Rank": 4048, "Index of Multiple Deprivation (IMD) Decile": 2}}, {"type": "Feature", "id": 28483, "geometry": {"type": "Polygon", "coordinates": [[[1.13153574327142, 52.040548697539], [1.12724644093001, 52.037923133076], [1.12617599441045, 52.0400132345858], [1.12343887644825, 52.0421124309377], [1.12672056525399, 52.0439540117263], [1.1318043139835, 52.0447096778763], [1.13153574327142, 52.040548697539]]]}, "properties": {"FID": 28483, "LSOA21CD": "E01030018", "LSOA21NM": "Ipswich 015B", "LSOA21NMW": " ", "BNG_E": 614648, "BNG_N": 242646, "LAT": 52.04065, "LONG": 1.128414, "GlobalID": "dcd085e1-9c91-40d5-b32c-000bbabbc413", "LSOA name (2021)": "Ipswich 015B", "Local Authority District code (2024)": "E07000202", "Local Authority District name (2024)": "Ipswich", "Index of Multiple Deprivation (IMD) Rank": 1787, "Index of Multiple Deprivation (IMD) Decile": 1}}, {"type": "Feature", "id": 28484, "geometry": {"type": "Polygon", "coordinates": [[[1.13852126081418, 52.04104105454], [1.1427174452296, 52.0367448433167], [1.14671298045665, 52.0338779437595], [1.14162938981909, 52.0329235266196], [1.13413572344977, 52.0354907874343], [1.13524200426605, 52.0402460660984], [1.13153574327142, 52.040548697539], [1.1318043139835, 52.0447096778763], [1.13498280212208, 52.0466322349018], [1.14299776424541, 52.046817567735], [1.13753848414651, 52.0439657527931], [1.13852126081418, 52.04104105454]]]}, "properties": {"FID": 28484, "LSOA21CD": "E01030019", "LSOA21NM": "Ipswich 015C", "LSOA21NMW": " ", "BNG_E": 615390, "BNG_N": 242234, "LAT": 52.03667, "LONG": 1.138957, "GlobalID": "a1c763a0-5230-4e5c-8958-b3a48f147061", "LSOA name (2021)": "Ipswich 015C", "Local Authority District code (2024)": "E07000202", "Local Authority District name (2024)": "Ipswich", "Index of Multiple Deprivation (IMD) Rank": 23771, "Index of Multiple Deprivation (IMD) Decile": 8}}, {"type": "Feature", "id": 28485, "geometry": {"type": "Polygon", "coordinates": [[[1.13413572344977, 52.0354907874343], [1.12525091915887, 52.0352522071279], [1.12617599441045, 52.0400132345858], [1.12724644093001, 52.037923133076], [1.13153574327142, 52.040548697539], [1.13524200426605, 52.0402460660984], [1.13413572344977, 52.0354907874343]]]}, "properties": {"FID": 28485, "LSOA21CD": "E01030020", "LSOA21NM": "Ipswich 015D", "LSOA21NMW": " ", "BNG_E": 614823, "BNG_N": 242295, "LAT": 52.03743, "LONG": 1.130742, "GlobalID": "a97573dc-5da6-46b6-ae8c-f0de906ad3ea", "LSOA name (2021)": "Ipswich 015D", "Local Authority District code (2024)": "E07000202", "Local Authority District name (2024)": "Ipswich", "Index of Multiple Deprivation (IMD) Rank": 21439, "Index of Multiple Deprivation (IMD) Decile": 7}}, {"type": "Feature", "id": 28486, "geometry": {"type": "Polygon", "coordinates": [[[1.14162938981909, 52.0329235266196], [1.1295770857137, 52.02995483948], [1.12419221573297, 52.0342340237635], [1.12525091915887, 52.0352522071279], [1.13413572344977, 52.0354907874343], [1.14162938981909, 52.0329235266196]]]}, "properties": {"FID": 28486, "LSOA21CD": "E01030021", "LSOA21NM": "Ipswich 015E", "LSOA21NMW": " ", "BNG_E": 615020, "BNG_N": 241783, "LAT": 52.03276, "LONG": 1.133288, "GlobalID": "7e038b57-527c-4d2a-b111-4d89662fea4a", "LSOA name (2021)": "Ipswich 015E", "Local Authority District code (2024)": "E07000202", "Local Authority District name (2024)": "Ipswich", "Index of Multiple Deprivation (IMD) Rank": 1465, "Index of Multiple Deprivation (IMD) Decile": 1}}, {"type": "Feature", "id": 28487, "geometry": {"type": "Polygon", "coordinates": [[[1.13745951033381, 52.0673151109395], [1.14080447516838, 52.0644155995693], [1.13739651176411, 52.0639328481196], [1.13433185842819, 52.0660427045989], [1.13319650224811, 52.0615083963556], [1.12952061381872, 52.0639930972402], [1.13660546805419, 52.0680383693316], [1.13745951033381, 52.0673151109395]]]}, "properties": {"FID": 28487, "LSOA21CD": "E01030022", "LSOA21NM": "Ipswich 006A", "LSOA21NMW": " ", "BNG_E": 614735, "BNG_N": 245336, "LAT": 52.06477, "LONG": 1.13137, "GlobalID": "d5e7739a-5c1d-44e1-b419-49e726c8ff32", "LSOA name (2021)": "Ipswich 006A", "Local Authority District code (2024)": "E07000202", "Local Authority District name (2024)": "Ipswich", "Index of Multiple Deprivation (IMD) Rank": 9325, "Index of Multiple Deprivation (IMD) Decile": 3}}, {"type": "Feature", "id": 28488, "geometry": {"type": "Polygon", "coordinates": [[[1.13739651176411, 52.0639328481196], [1.14114475972135, 52.0599794929304], [1.13511439117271, 52.0578595716467], [1.13319650224811, 52.0615083963556], [1.13433185842819, 52.0660427045989], [1.13739651176411, 52.0639328481196]]]}, "properties": {"FID": 28488, "LSOA21CD": "E01030023", "LSOA21NM": "Ipswich 006B", "LSOA21NMW": " ", "BNG_E": 615165, "BNG_N": 244908, "LAT": 52.06076, "LONG": 1.137364, "GlobalID": "ab2f95c4-5ecf-4a21-8fa3-73d1cae744d7", "LSOA name (2021)": "Ipswich 006B", "Local Authority District code (2024)": "E07000202", "Local Authority District name (2024)": "Ipswich", "Index of Multiple Deprivation (IMD) Rank": 3573, "Index of Multiple Deprivation (IMD) Decile": 2}}, {"type": "Feature", "id": 28489, "geometry": {"type": "Polygon", "coordinates": [[[1.14564057041718, 52.0639208346608], [1.1425916852995, 52.0620682126909], [1.14750256878919, 52.0630679345975], [1.14593801942993, 52.06016675064], [1.14114475972135, 52.0599794929304], [1.13739651176411, 52.0639328481196], [1.14080447516838, 52.0644155995693], [1.14564057041718, 52.0639208346608]]]}, "properties": {"FID": 28489, "LSOA21CD": "E01030024", "LSOA21NM": "Ipswich 006C", "LSOA21NMW": " ", "BNG_E": 615477, "BNG_N": 245145, "LAT": 52.06277, "LONG": 1.142057, "GlobalID": "f4923eb3-d07c-4e51-81ac-528d59ac53aa", "LSOA name (2021)": "Ipswich 006C", "Local Authority District code (2024)": "E07000202", "Local Authority District name (2024)": "Ipswich", "Index of Multiple Deprivation (IMD) Rank": 1477, "Index of Multiple Deprivation (IMD) Decile": 1}}, {"type": "Feature", "id": 28490, "geometry": {"type": "Polygon", "coordinates": [[[1.15401165281226, 52.0619800976484], [1.15621548300696, 52.0593399899617], [1.1541251168651, 52.0594546638725], [1.14798842190318, 52.0597822771393], [1.14593801942993, 52.06016675064], [1.14750256878919, 52.0630679345975], [1.1425916852995, 52.0620682126909], [1.14564057041718, 52.0639208346608], [1.15401165281226, 52.0619800976484]]]}, "properties": {"FID": 28490, "LSOA21CD": "E01030025", "LSOA21NM": "Ipswich 006D", "LSOA21NMW": " ", "BNG_E": 616057, "BNG_N": 245030, "LAT": 52.06151, "LONG": 1.150432, "GlobalID": "4d38b2b6-5ff7-4c37-98eb-d085404b04c6", "LSOA name (2021)": "Ipswich 006D", "Local Authority District code (2024)": "E07000202", "Local Authority District name (2024)": "Ipswich", "Index of Multiple Deprivation (IMD) Rank": 6142, "Index of Multiple Deprivation (IMD) Decile": 2}}, {"type": "Feature", "id": 28491, "geometry": {"type": "Polygon", "coordinates": [[[1.13660546805419, 52.0680383693316], [1.12952061381872, 52.0639930972402], [1.12612632954133, 52.0639722414343], [1.1312137216231, 52.0700876629139], [1.13313029051134, 52.0713699813227], [1.13660546805419, 52.0680383693316]]]}, "properties": {"FID": 28491, "LSOA21CD": "E01030026", "LSOA21NM": "Ipswich 006E", "LSOA21NMW": " ", "BNG_E": 614757, "BNG_N": 245653, "LAT": 52.06761, "LONG": 1.13189, "GlobalID": "cca4642e-0da4-4ce6-a1b9-a91469ddbd34", "LSOA name (2021)": "Ipswich 006E", "Local Authority District code (2024)": "E07000202", "Local Authority District name (2024)": "Ipswich", "Index of Multiple Deprivation (IMD) Rank": 9581, "Index of Multiple Deprivation (IMD) Decile": 3}}, {"type": "Feature", "id": 28492, "geometry": {"type": "Polygon", "coordinates": [[[1.1312137216231, 52.0700876629139], [1.12612632954133, 52.0639722414343], [1.12202319438, 52.0615147923764], [1.11402011045304, 52.066957160754], [1.11409367301765, 52.0670034327239], [1.12401010045261, 52.0682591783433], [1.12308452432894, 52.0713789895435], [1.1312137216231, 52.0700876629139]]]}, "properties": {"FID": 28492, "LSOA21CD": "E01030027", "LSOA21NM": "Ipswich 003A", "LSOA21NMW": " ", "BNG_E": 614117, "BNG_N": 245331, "LAT": 52.06496, "LONG": 1.122365, "GlobalID": "cc7af234-8118-4823-8c0e-e85c2f7e3cc3", "LSOA name (2021)": "Ipswich 003A", "Local Authority District code (2024)": "E07000202", "Local Authority District name (2024)": "Ipswich", "Index of Multiple Deprivation (IMD) Rank": 16626, "Index of Multiple Deprivation (IMD) Decile": 5}}, {"type": "Feature", "id": 28493, "geometry": {"type": "Polygon", "coordinates": [[[1.11613742720565, 52.0755853337814], [1.11484406420992, 52.0730586125271], [1.12194473836811, 52.0714112285348], [1.11706890637759, 52.0719611173535], [1.11409367301765, 52.0670034327239], [1.11402011045304, 52.066957160754], [1.10919688801618, 52.0710043564842], [1.1118068530577, 52.0764931686511], [1.11613742720565, 52.0755853337814]]]}, "properties": {"FID": 28493, "LSOA21CD": "E01030028", "LSOA21NM": "Ipswich 003B", "LSOA21NMW": " ", "BNG_E": 613608, "BNG_N": 246103, "LAT": 52.07209, "LONG": 1.115433, "GlobalID": "b86b6110-57d9-4823-9c69-70f6eaf87411", "LSOA name (2021)": "Ipswich 003B", "Local Authority District code (2024)": "E07000202", "Local Authority District name (2024)": "Ipswich", "Index of Multiple Deprivation (IMD) Rank": 11527, "Index of Multiple Deprivation (IMD) Decile": 4}}, {"type": "Feature", "id": 28494, "geometry": {"type": "Polygon", "coordinates": [[[1.12780263661501, 52.0739370397056], [1.13313029051134, 52.0713699813227], [1.1312137216231, 52.0700876629139], [1.12308452432894, 52.0713789895435], [1.12194473836811, 52.0714112285348], [1.11484406420992, 52.0730586125271], [1.11613742720565, 52.0755853337814], [1.12544233691057, 52.0758555222569], [1.12780263661501, 52.0739370397056]]]}, "properties": {"FID": 28494, "LSOA21CD": "E01030029", "LSOA21NM": "Ipswich 003C", "LSOA21NMW": " ", "BNG_E": 614121, "BNG_N": 246294, "LAT": 52.07361, "LONG": 1.123027, "GlobalID": "c0806dc9-29de-4cf9-86f2-8e04d25f15c7", "LSOA name (2021)": "Ipswich 003C", "Local Authority District code (2024)": "E07000202", "Local Authority District name (2024)": "Ipswich", "Index of Multiple Deprivation (IMD) Rank": 5087, "Index of Multiple Deprivation (IMD) Decile": 2}}, {"type": "Feature", "id": 28495, "geometry": {"type": "Polygon", "coordinates": [[[1.12194473836811, 52.0714112285348], [1.12308452432894, 52.0713789895435], [1.12401010045261, 52.0682591783433], [1.11409367301765, 52.0670034327239], [1.11706890637759, 52.0719611173535], [1.12194473836811, 52.0714112285348]]]}, "properties": {"FID": 28495, "LSOA21CD": "E01030030", "LSOA21NM": "Ipswich 003D", "LSOA21NMW": " ", "BNG_E": 614013, "BNG_N": 245772, "LAT": 52.06896, "LONG": 1.121126, "GlobalID": "151d3821-1b5e-43aa-8edf-ed39adab1b52", "LSOA name (2021)": "Ipswich 003D", "Local Authority District code (2024)": "E07000202", "Local Authority District name (2024)": "Ipswich", "Index of Multiple Deprivation (IMD) Rank": 11947, "Index of Multiple Deprivation (IMD) Decile": 4}}, {"type": "Feature", "id": 28496, "geometry": {"type": "Polygon", "coordinates": [[[1.11573392952409, 52.0892316592206], [1.11673923623451, 52.0830123325259], [1.12481650675289, 52.0810592508547], [1.12599905456081, 52.0786727291316], [1.12544233691057, 52.0758555222569], [1.11613742720565, 52.0755853337814], [1.1118068530577, 52.0764931686511], [1.10913546855367, 52.0880665433433], [1.1137570866615, 52.0900651328243], [1.11573392952409, 52.0892316592206]]]}, "properties": {"FID": 28496, "LSOA21CD": "E01030031", "LSOA21NM": "Ipswich 003E", "LSOA21NMW": " ", "BNG_E": 613714, "BNG_N": 246946, "LAT": 52.07962, "LONG": 1.117505, "GlobalID": "3fdf96f6-dc4d-4b1d-acec-90f6ba84c491", "LSOA name (2021)": "Ipswich 003E", "Local Authority District code (2024)": "E07000202", "Local Authority District name (2024)": "Ipswich", "Index of Multiple Deprivation (IMD) Rank": 2155, "Index of Multiple Deprivation (IMD) Decile": 1}}, {"type": "Feature", "id": 28497, "geometry": {"type": "Polygon", "coordinates": [[[1.13196961247983, 52.0821627297617], [1.1343203732385, 52.0795875339964], [1.13181074348116, 52.0789920325589], [1.12599905456081, 52.0786727291316], [1.12481650675289, 52.0810592508547], [1.12769949139224, 52.0848748139796], [1.13196961247983, 52.0821627297617]]]}, "properties": {"FID": 28497, "LSOA21CD": "E01030032", "LSOA21NM": "Ipswich 001A", "LSOA21NMW": " ", "BNG_E": 614483, "BNG_N": 247217, "LAT": 52.08175, "LONG": 1.12888, "GlobalID": "45c7d873-d1ad-4d1e-afa9-bfb33fc5fb9b", "LSOA name (2021)": "Ipswich 001A", "Local Authority District code (2024)": "E07000202", "Local Authority District name (2024)": "Ipswich", "Index of Multiple Deprivation (IMD) Rank": 6026, "Index of Multiple Deprivation (IMD) Decile": 2}}, {"type": "Feature", "id": 28498, "geometry": {"type": "Polygon", "coordinates": [[[1.15632780415246, 52.0795416171463], [1.15183776536749, 52.0785977567464], [1.14159539282239, 52.0787043161539], [1.13915305136354, 52.0805526156752], [1.14291003634195, 52.0827145862235], [1.1562888601845, 52.0841063468519], [1.15632780415246, 52.0795416171463]]]}, "properties": {"FID": 28498, "LSOA21CD": "E01030033", "LSOA21NM": "Ipswich 001B", "LSOA21NMW": " ", "BNG_E": 615858, "BNG_N": 247179, "LAT": 52.08088, "LONG": 1.148892, "GlobalID": "034e7956-d576-4ff2-a547-0e1375aa84be", "LSOA name (2021)": "Ipswich 001B", "Local Authority District code (2024)": "E07000202", "Local Authority District name (2024)": "Ipswich", "Index of Multiple Deprivation (IMD) Rank": 31247, "Index of Multiple Deprivation (IMD) Decile": 10}}, {"type": "Feature", "id": 28499, "geometry": {"type": "Polygon", "coordinates": [[[1.15783904397977, 52.0887517023924], [1.16559100434376, 52.0810138942216], [1.16302489495215, 52.0807052693486], [1.15632780415246, 52.0795416171463], [1.1562888601845, 52.0841063468519], [1.14291003634195, 52.0827145862235], [1.1366443211619, 52.0853318374016], [1.13851216171873, 52.0886565808329], [1.14229239413047, 52.0944696771495], [1.15783904397977, 52.0887517023924]]]}, "properties": {"FID": 28499, "LSOA21CD": "E01030034", "LSOA21NM": "Ipswich 001C", "LSOA21NMW": " ", "BNG_E": 615905, "BNG_N": 247862, "LAT": 52.08699, "LONG": 1.150009, "GlobalID": "91bd5824-6027-4e9d-898f-ca106270e18f", "LSOA name (2021)": "Ipswich 001C", "Local Authority District code (2024)": "E07000202", "Local Authority District name (2024)": "Ipswich", "Index of Multiple Deprivation (IMD) Rank": 28209, "Index of Multiple Deprivation (IMD) Decile": 9}}, {"type": "Feature", "id": 28500, "geometry": {"type": "Polygon", "coordinates": [[[1.1366443211619, 52.0853318374016], [1.13196961247983, 52.0821627297617], [1.12769949139224, 52.0848748139796], [1.12481650675289, 52.0810592508547], [1.11673923623451, 52.0830123325259], [1.11573392952409, 52.0892316592206], [1.13851216171873, 52.0886565808329], [1.1366443211619, 52.0853318374016]]]}, "properties": {"FID": 28500, "LSOA21CD": "E01030035", "LSOA21NM": "Ipswich 001D", "LSOA21NMW": " ", "BNG_E": 614187, "BNG_N": 247571, "LAT": 52.08504, "LONG": 1.124789, "GlobalID": "2a630cc7-cf15-4cc2-8119-f07a4a2ba6f8", "LSOA name (2021)": "Ipswich 001D", "Local Authority District code (2024)": "E07000202", "Local Authority District name (2024)": "Ipswich", "Index of Multiple Deprivation (IMD) Rank": 4154, "Index of Multiple Deprivation (IMD) Decile": 2}}, {"type": "Feature", "id": 28501, "geometry": {"type": "Polygon", "coordinates": [[[1.14291003634195, 52.0827145862235], [1.13915305136354, 52.0805526156752], [1.1343203732385, 52.0795875339964], [1.13196961247983, 52.0821627297617], [1.1366443211619, 52.0853318374016], [1.14291003634195, 52.0827145862235]]]}, "properties": {"FID": 28501, "LSOA21CD": "E01030036", "LSOA21NM": "Ipswich 001E", "LSOA21NMW": " ", "BNG_E": 615015, "BNG_N": 247315, "LAT": 52.08243, "LONG": 1.136694, "GlobalID": "9973d18b-e5f7-474d-b34c-7338f3b4c80d", "LSOA name (2021)": "Ipswich 001E", "Local Authority District code (2024)": "E07000202", "Local Authority District name (2024)": "Ipswich", "Index of Multiple Deprivation (IMD) Rank": 4601, "Index of Multiple Deprivation (IMD) Decile": 2}}, {"type": "Feature", "id": 28502, "geometry": {"type": "Polygon", "coordinates": [[[1.01515377795963, 52.2396272407025], [1.04130427445885, 52.2402866606444], [1.05680721664956, 52.2246787121222], [1.03674153245042, 52.2129165049472], [1.02988040947697, 52.2142854016334], [1.01143353723956, 52.2108733447503], [0.992042099781632, 52.2021177949297], [0.988212879477263, 52.2122260099815], [0.985642220093316, 52.2110945211665], [0.980054168982902, 52.2154774356138], [0.980693931295122, 52.220902750407], [0.990138599184572, 52.2225767464656], [0.983094521030199, 52.2279738938475], [0.993536906060933, 52.2434574414791], [0.998660592072307, 52.2386705037161], [1.01515377795963, 52.2396272407025]]]}, "properties": {"FID": 28502, "LSOA21CD": "E01030037", "LSOA21NM": "Mid Suffolk 005A", "LSOA21NMW": " ", "BNG_E": 606360, "BNG_N": 262518, "LAT": 52.22221, "LONG": 1.019799, "GlobalID": "86db65a6-d9e1-4d9e-8881-a7ef8c128df1", "LSOA name (2021)": "Mid Suffolk 005A", "Local Authority District code (2024)": "E07000203", "Local Authority District name (2024)": "Mid Suffolk", "Index of Multiple Deprivation (IMD) Rank": 21084, "Index of Multiple Deprivation (IMD) Decile": 7}}, {"type": "Feature", "id": 28503, "geometry": {"type": "Polygon", "coordinates": [[[1.02456620988669, 52.2747980844232], [1.01862012786746, 52.2600767286406], [1.02370028291124, 52.2499556421953], [1.01708445252509, 52.2476056989277], [1.01515377795963, 52.2396272407025], [0.998660592072307, 52.2386705037161], [0.993536906060933, 52.2434574414791], [0.970946300780637, 52.2496515281259], [0.961572641202235, 52.2564302258036], [0.980769568113004, 52.2623189119211], [0.984881805616281, 52.2593078104046], [0.989055304047054, 52.2604289296167], [0.993179420856177, 52.267008091951], [0.997725800905202, 52.2651205339012], [1.00453760069629, 52.2669710941049], [1.00350639713806, 52.2718664825828], [1.01487467758867, 52.2759339229897], [1.02456620988669, 52.2747980844232]]]}, "properties": {"FID": 28503, "LSOA21CD": "E01030038", "LSOA21NM": "Mid Suffolk 005B", "LSOA21NMW": " ", "BNG_E": 604300, "BNG_N": 266366, "LAT": 52.25753, "LONG": 0.992009, "GlobalID": "a058803e-18dd-4015-afb9-ca678afe4735", "LSOA name (2021)": "Mid Suffolk 005B", "Local Authority District code (2024)": "E07000203", "Local Authority District name (2024)": "Mid Suffolk", "Index of Multiple Deprivation (IMD) Rank": 22270, "Index of Multiple Deprivation (IMD) Decile": 7}}, {"type": "Feature", "id": 28504, "geometry": {"type": "Polygon", "coordinates": [[[1.03626325022671, 52.2911899955462], [1.04493369435917, 52.2904748919446], [1.04586306036651, 52.2826477565483], [1.03638478510149, 52.2768992006713], [1.02456620988669, 52.2747980844232], [1.01487467758867, 52.2759339229897], [1.00350639713806, 52.2718664825828], [1.00453760069629, 52.2669710941049], [0.997725800905202, 52.2651205339012], [0.993179420856177, 52.267008091951], [0.989055304047054, 52.2604289296167], [0.984881805616281, 52.2593078104046], [0.980769568113004, 52.2623189119211], [0.961572641202235, 52.2564302258036], [0.95551718934604, 52.2556262651946], [0.913240000959265, 52.2563651966543], [0.907368874183229, 52.267871293884], [0.910569258329899, 52.2681018126258], [0.91174042916379, 52.2775383641955], [0.92297037158217, 52.2734716974667], [0.928896490290866, 52.2773689032803], [0.942823137042723, 52.2751977739644], [0.942508070855781, 52.2710794351765], [0.958954459360898, 52.2679080206575], [0.967763524622306, 52.2870917651202], [0.970209160305183, 52.292230382083], [0.980410381365237, 52.2942463277594], [0.985458609230609, 52.29920595505], [0.993682514778487, 52.2987999138821], [0.996150553367803, 52.3026968512918], [1.03626325022671, 52.2911899955462]]]}, "properties": {"FID": 28504, "LSOA21CD": "E01030039", "LSOA21NM": "Mid Suffolk 002A", "LSOA21NMW": " ", "BNG_E": 604615, "BNG_N": 268654, "LAT": 52.27795, "LONG": 0.998004, "GlobalID": "b34bd7e1-3a68-45c8-bd11-8d0e0235ef17", "LSOA name (2021)": "Mid Suffolk 002A", "Local Authority District code (2024)": "E07000203", "Local Authority District name (2024)": "Mid Suffolk", "Index of Multiple Deprivation (IMD) Rank": 16002, "Index of Multiple Deprivation (IMD) Decile": 5}}, {"type": "Feature", "id": 28505, "geometry": {"type": "Polygon", "coordinates": [[[0.899560349510048, 52.2989675706924], [0.912989217481343, 52.2944077554603], [0.933508664935346, 52.2939195933238], [0.967763524622306, 52.2870917651202], [0.958954459360898, 52.2679080206575], [0.942508070855781, 52.2710794351765], [0.942823137042723, 52.2751977739644], [0.928896490290866, 52.2773689032803], [0.92297037158217, 52.2734716974667], [0.91174042916379, 52.2775383641955], [0.910569258329899, 52.2681018126258], [0.907368874183229, 52.267871293884], [0.913240000959265, 52.2563651966543], [0.887658902964095, 52.2663155316547], [0.861725418453863, 52.2688536180559], [0.860299970229442, 52.2716716381883], [0.855580003417461, 52.2696085284075], [0.853683547744946, 52.2770703973254], [0.842899220879422, 52.2847806742998], [0.855556648260192, 52.2863490598754], [0.855261293616135, 52.2915464464185], [0.869003562030178, 52.2934584807488], [0.866795160925031, 52.2978643729045], [0.874081760480811, 52.299489461553], [0.879599857198521, 52.293405927146], [0.88735623277599, 52.2927190914583], [0.882935686062236, 52.3001370437093], [0.899560349510048, 52.2989675706924]]]}, "properties": {"FID": 28505, "LSOA21CD": "E01030040", "LSOA21NM": "Mid Suffolk 004A", "LSOA21NMW": " ", "BNG_E": 598395, "BNG_N": 268423, "LAT": 52.27816, "LONG": 0.906821, "GlobalID": "8fbde077-8543-4ccb-ae0f-a5eff1d257a6", "LSOA name (2021)": "Mid Suffolk 004A", "Local Authority District code (2024)": "E07000203", "Local Authority District name (2024)": "Mid Suffolk", "Index of Multiple Deprivation (IMD) Rank": 18730, "Index of Multiple Deprivation (IMD) Decile": 6}}, {"type": "Feature", "id": 28506, "geometry": {"type": "Polygon", "coordinates": [[[1.04172903679218, 52.1553412117504], [1.03618660601777, 52.1502400082175], [1.04082441380146, 52.1521445895487], [1.04515175158866, 52.148611447264], [1.0465683131387, 52.1448716784728], [1.05847588097342, 52.1437791550821], [1.06064471865727, 52.1472059373119], [1.05732286236133, 52.1485064247613], [1.06305787081826, 52.1504189451175], [1.07619570890498, 52.1466017243796], [1.0803718406595, 52.1397557926938], [1.07785870524026, 52.1363200470602], [1.08648623542419, 52.1288007459804], [1.0954776229171, 52.1279894406663], [1.0931978833148, 52.1234577014535], [1.08234699258231, 52.1207977251216], [1.08386770157788, 52.1182513154013], [1.06900409757662, 52.1114344829439], [1.05948205958519, 52.0954189574389], [1.05494738043526, 52.0953100899169], [1.0559095839134, 52.092291186849], [1.04174046660708, 52.0832268610378], [1.03733902177594, 52.0849025543544], [1.02843026728443, 52.0825476039453], [1.02030245896215, 52.0868700364605], [1.00661019630012, 52.0935260817918], [1.00380828788624, 52.0986096317325], [0.970779176649851, 52.0956703397808], [0.975362246683037, 52.1014251546713], [0.973120570747882, 52.1069230412413], [0.959415302120266, 52.1048180186717], [0.951797001721376, 52.112707055806], [0.968215577858043, 52.1130994294992], [0.983336142723491, 52.106025391307], [0.982128672680112, 52.1079362476341], [0.986444067056713, 52.1079760910723], [0.980448420467789, 52.1106768583133], [1.00041428283653, 52.1145919206624], [0.998136422102125, 52.1209571344543], [1.00437395492325, 52.1228412247954], [1.00131231670374, 52.1310752415121], [1.00480503386947, 52.1360182295689], [1.02035352419495, 52.140206395537], [1.02067449130215, 52.145378255288], [1.02654566247709, 52.148637935491], [1.02035347678307, 52.1545341765728], [1.02194003780597, 52.1581228809447], [1.03705519986656, 52.1608324497307], [1.04172903679218, 52.1553412117504]]]}, "properties": {"FID": 28506, "LSOA21CD": "E01030041", "LSOA21NM": "Mid Suffolk 011A", "LSOA21NMW": " ", "BNG_E": 607114, "BNG_N": 250886, "LAT": 52.1175, "LONG": 1.023728, "GlobalID": "0579cc55-2fb4-4b32-ba58-22d169cdcc28", "LSOA name (2021)": "Mid Suffolk 011A", "Local Authority District code (2024)": "E07000203", "Local Authority District name (2024)": "Mid Suffolk", "Index of Multiple Deprivation (IMD) Rank": 20443, "Index of Multiple Deprivation (IMD) Decile": 7}}, {"type": "Feature", "id": 28507, "geometry": {"type": "Polygon", "coordinates": [[[1.1034617686722, 52.1006565897791], [1.10142430919387, 52.0935409871062], [1.1137570866615, 52.0900651328243], [1.10913546855367, 52.0880665433433], [1.1118068530577, 52.0764931686511], [1.10919688801618, 52.0710043564842], [1.09459160536084, 52.0660540375791], [1.06538753241226, 52.0653919818881], [1.05818871740621, 52.0665346868493], [1.04664299107954, 52.0780943799995], [1.04146282259219, 52.07457787263], [1.04143507666561, 52.0686182348162], [1.02602061725451, 52.0708867972632], [1.02820514073312, 52.0767471714426], [1.02030245896215, 52.0868700364605], [1.02843026728443, 52.0825476039453], [1.03733902177594, 52.0849025543544], [1.04174046660708, 52.0832268610378], [1.0559095839134, 52.092291186849], [1.05494738043526, 52.0953100899169], [1.05948205958519, 52.0954189574389], [1.06900409757662, 52.1114344829439], [1.07496838351628, 52.1057323449622], [1.1034617686722, 52.1006565897791]], [[1.10005966649679, 52.0838256422922], [1.09541749536121, 52.08193849982], [1.09252624731302, 52.0784570692319], [1.07426093625732, 52.074131248061], [1.0746910331352, 52.0706204063063], [1.09412941585537, 52.071732550537], [1.09978205508519, 52.0748202913595], [1.09625407631973, 52.0781203861975], [1.101716016844, 52.0778030570653], [1.10005966649679, 52.0838256422922]]]}, "properties": {"FID": 28507, "LSOA21CD": "E01030042", "LSOA21NM": "Mid Suffolk 012A", "LSOA21NMW": " ", "BNG_E": 610176, "BNG_N": 247658, "LAT": 52.08736, "LONG": 1.066392, "GlobalID": "d1a7bdea-8bb0-4549-a2e6-391cb096e3d6", "LSOA name (2021)": "Mid Suffolk 012A", "Local Authority District code (2024)": "E07000203", "Local Authority District name (2024)": "Mid Suffolk", "Index of Multiple Deprivation (IMD) Rank": 23419, "Index of Multiple Deprivation (IMD) Decile": 7}}, {"type": "Feature", "id": 28508, "geometry": {"type": "Polygon", "coordinates": [[[1.10128525393615, 52.1141277108176], [1.10554485447843, 52.110320322755], [1.10400995338512, 52.1043386578332], [1.1034617686722, 52.1006565897791], [1.07496838351628, 52.1057323449622], [1.06900409757662, 52.1114344829439], [1.08386770157788, 52.1182513154013], [1.08234699258231, 52.1207977251216], [1.0931978833148, 52.1234577014535], [1.09217117452454, 52.116083580546], [1.10128525393615, 52.1141277108176]]]}, "properties": {"FID": 28508, "LSOA21CD": "E01030043", "LSOA21NM": "Mid Suffolk 011B", "LSOA21NMW": " ", "BNG_E": 611427, "BNG_N": 250497, "LAT": 52.11237, "LONG": 1.086383, "GlobalID": "6ae0d85b-2893-4483-966d-8dac7bfeb34d", "LSOA name (2021)": "Mid Suffolk 011B", "Local Authority District code (2024)": "E07000203", "Local Authority District name (2024)": "Mid Suffolk", "Index of Multiple Deprivation (IMD) Rank": 25408, "Index of Multiple Deprivation (IMD) Decile": 8}}, {"type": "Feature", "id": 28509, "geometry": {"type": "Polygon", "coordinates": [[[1.10005966649679, 52.0838256422922], [1.101716016844, 52.0778030570653], [1.09625407631973, 52.0781203861975], [1.09978205508519, 52.0748202913595], [1.09412941585537, 52.071732550537], [1.0746910331352, 52.0706204063063], [1.07426093625732, 52.074131248061], [1.09252624731302, 52.0784570692319], [1.09541749536121, 52.08193849982], [1.10005966649679, 52.0838256422922]]]}, "properties": {"FID": 28509, "LSOA21CD": "E01030044", "LSOA21NM": "Mid Suffolk 012B", "LSOA21NMW": " ", "BNG_E": 611930, "BNG_N": 246634, "LAT": 52.0775, "LONG": 1.091317, "GlobalID": "dc3ef292-707a-4bfe-b8dc-079481968037", "LSOA name (2021)": "Mid Suffolk 012B", "Local Authority District code (2024)": "E07000203", "Local Authority District name (2024)": "Mid Suffolk", "Index of Multiple Deprivation (IMD) Rank": 17840, "Index of Multiple Deprivation (IMD) Decile": 6}}, {"type": "Feature", "id": 28510, "geometry": {"type": "Polygon", "coordinates": [[[1.16505584058526, 52.1123006496052], [1.16723116587798, 52.0998041478294], [1.15783904397977, 52.0887517023924], [1.14229239413047, 52.0944696771495], [1.13851216171873, 52.0886565808329], [1.11573392952409, 52.0892316592206], [1.1137570866615, 52.0900651328243], [1.10142430919387, 52.0935409871062], [1.1034617686722, 52.1006565897791], [1.10400995338512, 52.1043386578332], [1.1122963990988, 52.1060655845765], [1.11293800880842, 52.1104316224673], [1.13121935905691, 52.1141791528704], [1.1404564327294, 52.112475375533], [1.14411735337558, 52.1082035590724], [1.14834811802406, 52.1101619553553], [1.1540153031405, 52.1083292383], [1.16505584058526, 52.1123006496052]]]}, "properties": {"FID": 28510, "LSOA21CD": "E01030045", "LSOA21NM": "Mid Suffolk 012C", "LSOA21NMW": " ", "BNG_E": 614834, "BNG_N": 249326, "LAT": 52.10055, "LONG": 1.135323, "GlobalID": "11ec855d-ed3f-41d5-9921-46a832b75d49", "LSOA name (2021)": "Mid Suffolk 012C", "Local Authority District code (2024)": "E07000203", "Local Authority District name (2024)": "Mid Suffolk", "Index of Multiple Deprivation (IMD) Rank": 27509, "Index of Multiple Deprivation (IMD) Decile": 9}}, {"type": "Feature", "id": 28511, "geometry": {"type": "Polygon", "coordinates": [[[1.17670280581944, 52.1369298369037], [1.17535326216043, 52.1324664302756], [1.16946943439771, 52.1312493475385], [1.17020376511205, 52.1276232743289], [1.17795185308728, 52.1278859316491], [1.17769974647014, 52.1204934186261], [1.16505584058526, 52.1123006496052], [1.1540153031405, 52.1083292383], [1.14834811802406, 52.1101619553553], [1.14411735337558, 52.1082035590724], [1.1404564327294, 52.112475375533], [1.13121935905691, 52.1141791528704], [1.11293800880842, 52.1104316224673], [1.10742182726427, 52.115815658651], [1.10128525393615, 52.1141277108176], [1.09217117452454, 52.116083580546], [1.0931978833148, 52.1234577014535], [1.0954776229171, 52.1279894406663], [1.10356061559723, 52.1297239238815], [1.11654541432366, 52.1402827894803], [1.13342798934347, 52.1476770869924], [1.15678768256099, 52.1455776908363], [1.17670280581944, 52.1369298369037]]]}, "properties": {"FID": 28511, "LSOA21CD": "E01030046", "LSOA21NM": "Mid Suffolk 012D", "LSOA21NMW": " ", "BNG_E": 614893, "BNG_N": 252383, "LAT": 52.12797, "LONG": 1.138111, "GlobalID": "9344a67b-fb2b-4d9a-bf52-60436d3072f6", "LSOA name (2021)": "Mid Suffolk 012D", "Local Authority District code (2024)": "E07000203", "Local Authority District name (2024)": "Mid Suffolk", "Index of Multiple Deprivation (IMD) Rank": 23819, "Index of Multiple Deprivation (IMD) Decile": 8}}, {"type": "Feature", "id": 28512, "geometry": {"type": "Polygon", "coordinates": [[[1.11293800880842, 52.1104316224673], [1.1122963990988, 52.1060655845765], [1.10400995338512, 52.1043386578332], [1.10554485447843, 52.110320322755], [1.10128525393615, 52.1141277108176], [1.10742182726427, 52.115815658651], [1.11293800880842, 52.1104316224673]]]}, "properties": {"FID": 28512, "LSOA21CD": "E01030047", "LSOA21NM": "Mid Suffolk 012E", "LSOA21NMW": " ", "BNG_E": 612894, "BNG_N": 250296, "LAT": 52.11001, "LONG": 1.107648, "GlobalID": "92704566-fb85-436d-bba6-511f0ed7f244", "LSOA name (2021)": "Mid Suffolk 012E", "Local Authority District code (2024)": "E07000203", "Local Authority District name (2024)": "Mid Suffolk", "Index of Multiple Deprivation (IMD) Rank": 20159, "Index of Multiple Deprivation (IMD) Decile": 6}}, {"type": "Feature", "id": 28513, "geometry": {"type": "Polygon", "coordinates": [[[1.22128602961116, 52.2092965105867], [1.2032614867407, 52.2093006190975], [1.20108171930891, 52.2033193945052], [1.18963030445671, 52.1981772352935], [1.17732043972169, 52.2019766152301], [1.16971876713602, 52.1978358675803], [1.15879070648233, 52.1973937044863], [1.14740443021816, 52.2117288771339], [1.14165785604142, 52.2295036001954], [1.14623755007415, 52.2302685086331], [1.15207531111089, 52.2426787402022], [1.15682046703015, 52.242615056936], [1.15666612859967, 52.2497366888784], [1.17708302564339, 52.2526743632505], [1.18699913063742, 52.2526215305277], [1.1888499866381, 52.2558702756178], [1.19912879633779, 52.2477285641579], [1.19374747907377, 52.2425389317806], [1.19622578246258, 52.2383042398958], [1.20874945729453, 52.231376141471], [1.21569010022915, 52.2322933776114], [1.22030092399614, 52.2267129472756], [1.20791256803595, 52.213385835042], [1.21820553488835, 52.2126632431167], [1.22128602961116, 52.2092965105867]]]}, "properties": {"FID": 28513, "LSOA21CD": "E01030048", "LSOA21NM": "Mid Suffolk 007A", "LSOA21NMW": " ", "BNG_E": 617415, "BNG_N": 263476, "LAT": 52.22656, "LONG": 1.181998, "GlobalID": "8ec4ecc6-29bf-4727-be57-c98c51f513e4", "LSOA name (2021)": "Mid Suffolk 007A", "Local Authority District code (2024)": "E07000203", "Local Authority District name (2024)": "Mid Suffolk", "Index of Multiple Deprivation (IMD) Rank": 22498, "Index of Multiple Deprivation (IMD) Decile": 7}}, {"type": "Feature", "id": 28514, "geometry": {"type": "Polygon", "coordinates": [[[0.913240000959265, 52.2563651966543], [0.95551718934604, 52.2556262651946], [0.944762170782844, 52.2513471046105], [0.931098878142206, 52.239046965576], [0.908823165031623, 52.2462678721848], [0.908227723432483, 52.2388302387804], [0.893839262853673, 52.2410042151251], [0.911549138426092, 52.2243341691396], [0.889197540890933, 52.2325739896929], [0.88004380538871, 52.2328666548441], [0.852273685159524, 52.2299543235418], [0.845080131578856, 52.2326488544025], [0.846667169278756, 52.2373028526132], [0.841528602919298, 52.2382720873452], [0.844549200220834, 52.2465022852909], [0.851851675194332, 52.2456267909066], [0.85674804276667, 52.2505876014913], [0.856486550901114, 52.2550988662632], [0.848765270556258, 52.2565646482534], [0.850873800048154, 52.2618703265831], [0.84595746947186, 52.2617781711035], [0.840193375809957, 52.2663260711006], [0.842602574402201, 52.2680265179656], [0.849726929654641, 52.2648337463925], [0.855580003417461, 52.2696085284075], [0.860299970229442, 52.2716716381883], [0.861725418453863, 52.2688536180559], [0.887658902964095, 52.2663155316547], [0.913240000959265, 52.2563651966543]]]}, "properties": {"FID": 28514, "LSOA21CD": "E01030049", "LSOA21NM": "Mid Suffolk 004B", "LSOA21NMW": " ", "BNG_E": 597828, "BNG_N": 265013, "LAT": 52.24774, "LONG": 0.896524, "GlobalID": "49122cf8-8a1d-473b-9565-2381e2d1a293", "LSOA name (2021)": "Mid Suffolk 004B", "Local Authority District code (2024)": "E07000203", "Local Authority District name (2024)": "Mid Suffolk", "Index of Multiple Deprivation (IMD) Rank": 21426, "Index of Multiple Deprivation (IMD) Decile": 7}}, {"type": "Feature", "id": 28515, "geometry": {"type": "Polygon", "coordinates": [[[0.931098878142206, 52.239046965576], [0.925720931577861, 52.2342451988929], [0.913253796497162, 52.2353498466227], [0.912758001694129, 52.2316503172282], [0.908227723432483, 52.2388302387804], [0.908823165031623, 52.2462678721848], [0.931098878142206, 52.239046965576]]]}, "properties": {"FID": 28515, "LSOA21CD": "E01030050", "LSOA21NM": "Mid Suffolk 004C", "LSOA21NMW": " ", "BNG_E": 599432, "BNG_N": 264075, "LAT": 52.23874, "LONG": 0.919434, "GlobalID": "e9ddb29c-8b61-4cc8-bd83-3ecd029d7184", "LSOA name (2021)": "Mid Suffolk 004C", "Local Authority District code (2024)": "E07000203", "Local Authority District name (2024)": "Mid Suffolk", "Index of Multiple Deprivation (IMD) Rank": 29350, "Index of Multiple Deprivation (IMD) Decile": 9}}, {"type": "Feature", "id": 28516, "geometry": {"type": "Polygon", "coordinates": [[[0.908227723432483, 52.2388302387804], [0.912758001694129, 52.2316503172282], [0.913253796497162, 52.2353498466227], [0.925720931577861, 52.2342451988929], [0.917042469703405, 52.2237121602374], [0.911549138426092, 52.2243341691396], [0.893839262853673, 52.2410042151251], [0.908227723432483, 52.2388302387804]]]}, "properties": {"FID": 28516, "LSOA21CD": "E01030051", "LSOA21NM": "Mid Suffolk 006A", "LSOA21NMW": " ", "BNG_E": 598778, "BNG_N": 263198, "LAT": 52.2311, "LONG": 0.909354, "GlobalID": "c6adc5c4-373a-483a-80ea-cd6a4d7a9cdd", "LSOA name (2021)": "Mid Suffolk 006A", "Local Authority District code (2024)": "E07000203", "Local Authority District name (2024)": "Mid Suffolk", "Index of Multiple Deprivation (IMD) Rank": 16733, "Index of Multiple Deprivation (IMD) Decile": 5}}, {"type": "Feature", "id": 28517, "geometry": {"type": "Polygon", "coordinates": [[[1.18852337766969, 52.2943885088463], [1.17018377063241, 52.3046011789048], [1.15961122488905, 52.3059139269604], [1.1523029124986, 52.3038254086471], [1.14296922874801, 52.2949554966742], [1.13422966931255, 52.2932137798652], [1.13140438062126, 52.2952162848892], [1.13850071999816, 52.2986199550298], [1.13724559594048, 52.3068792957135], [1.10998724969166, 52.3086824287897], [1.11716811701679, 52.3121920260976], [1.11766004987121, 52.3166180116342], [1.12941519502604, 52.3184567232277], [1.12668902673276, 52.3302768029321], [1.11749217849971, 52.3309022562691], [1.12463942869566, 52.3378380293501], [1.16973173531879, 52.3375460950644], [1.16451020503767, 52.3279836966006], [1.1847475333721, 52.3252034617537], [1.19222288883415, 52.3267492180925], [1.19322096758585, 52.3177954743363], [1.19986133305341, 52.3098469805407], [1.1999566294646, 52.3024720398078], [1.19670811194785, 52.2986565423474], [1.19157823415484, 52.301092041706], [1.18852337766969, 52.2943885088463]]]}, "properties": {"FID": 28517, "LSOA21CD": "E01030052", "LSOA21NM": "Mid Suffolk 001A", "LSOA21NMW": " ", "BNG_E": 615263, "BNG_N": 273317, "LAT": 52.31575, "LONG": 1.156815, "GlobalID": "28a6441f-ec12-4f2f-b9d8-43994a162d6b", "LSOA name (2021)": "Mid Suffolk 001A", "Local Authority District code (2024)": "E07000203", "Local Authority District name (2024)": "Mid Suffolk", "Index of Multiple Deprivation (IMD) Rank": 16762, "Index of Multiple Deprivation (IMD) Decile": 5}}, {"type": "Feature", "id": 28518, "geometry": {"type": "Polygon", "coordinates": [[[1.40950890390203, 52.3632651258252], [1.35991171158514, 52.3398230005357], [1.35740562763133, 52.337277838001], [1.36216145200971, 52.3343656574481], [1.35747618629368, 52.3221564835379], [1.34107173485551, 52.3196613854809], [1.30356456740437, 52.3356813952818], [1.29599846489757, 52.3461128880417], [1.29240486218107, 52.3481037970858], [1.29893654914112, 52.3548792730546], [1.29078676141811, 52.3654610943861], [1.27232517758286, 52.3661216885851], [1.25933169348344, 52.3708866562674], [1.28127286464936, 52.3885619955938], [1.2913437789835, 52.3901552882488], [1.30039919536124, 52.3915351680841], [1.31162749425415, 52.3878508440149], [1.32259696159364, 52.3890697980873], [1.33572503165871, 52.4019175198528], [1.34710121500149, 52.4044109292139], [1.36096430469253, 52.4035229033773], [1.36424452042187, 52.398477260131], [1.37485718383216, 52.3946772598926], [1.37572976642311, 52.3896408379606], [1.40950890390203, 52.3632651258252]]]}, "properties": {"FID": 28518, "LSOA21CD": "E01030053", "LSOA21NM": "Mid Suffolk 003A", "LSOA21NMW": " ", "BNG_E": 627102, "BNG_N": 279019, "LAT": 52.36216, "LONG": 1.334051, "GlobalID": "50ee2d61-b694-4e44-93d0-4f93b03284c0", "LSOA name (2021)": "Mid Suffolk 003A", "Local Authority District code (2024)": "E07000203", "Local Authority District name (2024)": "Mid Suffolk", "Index of Multiple Deprivation (IMD) Rank": 15779, "Index of Multiple Deprivation (IMD) Decile": 5}}, {"type": "Feature", "id": 28519, "geometry": {"type": "Polygon", "coordinates": [[[1.08068169672601, 52.3726725213184], [1.07638449009475, 52.3657555408081], [1.08672485990616, 52.345638381347], [1.08242474087394, 52.3444337420244], [1.06516027422253, 52.3359513961692], [1.06090728051643, 52.325455813843], [1.05026936928531, 52.3233989997387], [1.05049633949472, 52.3147935733048], [1.05800635229376, 52.3170075837799], [1.06352819494556, 52.3145701856046], [1.06676385988827, 52.3058722296653], [1.0616240587486, 52.3028263955113], [1.04998054244342, 52.3046875677825], [1.0536184159564, 52.3063001223816], [1.04912578746074, 52.3072539033309], [1.04120333505487, 52.3066354303261], [1.03849238637557, 52.3031092450587], [1.04804138115795, 52.2986751464512], [1.0401244494145, 52.2995724017371], [1.03626325022671, 52.2911899955462], [0.996150553367803, 52.3026968512918], [0.998706013720474, 52.3047906964042], [1.01438755089486, 52.3102845532502], [1.01287709998836, 52.3152380540248], [1.02189955469252, 52.3219754369535], [1.01971914833088, 52.3244931292189], [1.03286470219886, 52.3276193068385], [1.03835794536351, 52.3392471420482], [1.03670236393198, 52.3451765209976], [1.02950760181739, 52.3443391540524], [1.03600468918679, 52.3498879221052], [1.03551049398624, 52.3575031846513], [1.02773353979357, 52.3667890003568], [1.02768553175367, 52.3785726613083], [1.02995698804938, 52.3787354331678], [1.05903985993011, 52.3772520022079], [1.06849181271713, 52.3784609872324], [1.08068169672601, 52.3726725213184]]]}, "properties": {"FID": 28519, "LSOA21CD": "E01030054", "LSOA21NM": "Mid Suffolk 002B", "LSOA21NMW": " ", "BNG_E": 607361, "BNG_N": 275815, "LAT": 52.34121, "LONG": 1.042602, "GlobalID": "22d0600f-35b8-4932-974e-b973cd667c24", "LSOA name (2021)": "Mid Suffolk 002B", "Local Authority District code (2024)": "E07000203", "Local Authority District name (2024)": "Mid Suffolk", "Index of Multiple Deprivation (IMD) Rank": 21558, "Index of Multiple Deprivation (IMD) Decile": 7}}, {"type": "Feature", "id": 28520, "geometry": {"type": "Polygon", "coordinates": [[[1.10179831965816, 52.3091735536307], [1.0969899039058, 52.2958894152504], [1.09209409000386, 52.2955034636784], [1.08447394226409, 52.2861491086326], [1.07089226074836, 52.287485781317], [1.06903808894652, 52.2901486501046], [1.05673173734496, 52.2888792504161], [1.05476888079435, 52.2950400904843], [1.04493369435917, 52.2904748919446], [1.03626325022671, 52.2911899955462], [1.0401244494145, 52.2995724017371], [1.04804138115795, 52.2986751464512], [1.03849238637557, 52.3031092450587], [1.04120333505487, 52.3066354303261], [1.04912578746074, 52.3072539033309], [1.0536184159564, 52.3063001223816], [1.04998054244342, 52.3046875677825], [1.0616240587486, 52.3028263955113], [1.06676385988827, 52.3058722296653], [1.06352819494556, 52.3145701856046], [1.05800635229376, 52.3170075837799], [1.05049633949472, 52.3147935733048], [1.05026936928531, 52.3233989997387], [1.06090728051643, 52.325455813843], [1.06516027422253, 52.3359513961692], [1.08242474087394, 52.3444337420244], [1.08151208230768, 52.3394408075868], [1.09087750409485, 52.3375035404549], [1.0935868577002, 52.3337128405983], [1.09145799685134, 52.3242639757279], [1.09870860074799, 52.3207602994115], [1.10179831965816, 52.3091735536307]]]}, "properties": {"FID": 28520, "LSOA21CD": "E01030055", "LSOA21NM": "Mid Suffolk 002C", "LSOA21NMW": " ", "BNG_E": 609355, "BNG_N": 272949, "LAT": 52.31473, "LONG": 1.070045, "GlobalID": "11ff262b-7d8c-4325-82fc-1e6019228603", "LSOA name (2021)": "Mid Suffolk 002C", "Local Authority District code (2024)": "E07000203", "Local Authority District name (2024)": "Mid Suffolk", "Index of Multiple Deprivation (IMD) Rank": 17952, "Index of Multiple Deprivation (IMD) Decile": 6}}, {"type": "Feature", "id": 28521, "geometry": {"type": "Polygon", "coordinates": [[[0.993536906060933, 52.2434574414791], [0.983094521030199, 52.2279738938475], [0.990138599184572, 52.2225767464656], [0.980693931295122, 52.220902750407], [0.980054168982902, 52.2154774356138], [0.985642220093316, 52.2110945211665], [0.988212879477263, 52.2122260099815], [0.992042099781632, 52.2021177949297], [0.991251981254949, 52.2017405805014], [0.985706473533518, 52.1998012316449], [0.982204621871076, 52.2022177873734], [0.975694854916221, 52.2003698291547], [0.965635027957071, 52.201644590779], [0.960808142546618, 52.2131773645565], [0.963840550487555, 52.215582114874], [0.956915099245372, 52.2194215041835], [0.946373746016333, 52.2154178191444], [0.942337877900001, 52.2098204040205], [0.939441927186699, 52.2134618976195], [0.926653698910504, 52.2131727637808], [0.928277692044662, 52.220146030517], [0.917042469703405, 52.2237121602374], [0.925720931577861, 52.2342451988929], [0.931098878142206, 52.239046965576], [0.944762170782844, 52.2513471046105], [0.95551718934604, 52.2556262651946], [0.961572641202235, 52.2564302258036], [0.970946300780637, 52.2496515281259], [0.993536906060933, 52.2434574414791]]]}, "properties": {"FID": 28521, "LSOA21CD": "E01030056", "LSOA21NM": "Mid Suffolk 006B", "LSOA21NMW": " ", "BNG_E": 601747, "BNG_N": 263043, "LAT": 52.22863, "LONG": 0.952675, "GlobalID": "ad06d29d-9105-4270-997e-ee6162e4aa9e", "LSOA name (2021)": "Mid Suffolk 006B", "Local Authority District code (2024)": "E07000203", "Local Authority District name (2024)": "Mid Suffolk", "Index of Multiple Deprivation (IMD) Rank": 16079, "Index of Multiple Deprivation (IMD) Decile": 5}}, {"type": "Feature", "id": 28522, "geometry": {"type": "Polygon", "coordinates": [[[1.24305222560185, 52.2003789982303], [1.25673030932818, 52.1983646298187], [1.2569567475336, 52.1949197674222], [1.2371345054554, 52.1696604880631], [1.22878033486452, 52.1704337113765], [1.21396520332809, 52.1665385766913], [1.21542487077764, 52.1615715793144], [1.19666846452438, 52.1550033374484], [1.19140283950406, 52.1399843699438], [1.17670280581944, 52.1369298369037], [1.15678768256099, 52.1455776908363], [1.13342798934347, 52.1476770869924], [1.11654541432366, 52.1402827894803], [1.10356061559723, 52.1297239238815], [1.0954776229171, 52.1279894406663], [1.08648623542419, 52.1288007459804], [1.07785870524026, 52.1363200470602], [1.0803718406595, 52.1397557926938], [1.07619570890498, 52.1466017243796], [1.09421260339346, 52.1573774525177], [1.09584060901843, 52.165017449023], [1.11095867351108, 52.1808665881858], [1.12603310474689, 52.1849111762997], [1.15407224778429, 52.1862821534698], [1.16044307552351, 52.1929390107806], [1.15879070648233, 52.1973937044863], [1.16971876713602, 52.1978358675803], [1.17732043972169, 52.2019766152301], [1.18963030445671, 52.1981772352935], [1.20108171930891, 52.2033193945052], [1.2032614867407, 52.2093006190975], [1.22128602961116, 52.2092965105867], [1.2363622834878, 52.19778700958], [1.24305222560185, 52.2003789982303]]]}, "properties": {"FID": 28522, "LSOA21CD": "E01030057", "LSOA21NM": "Mid Suffolk 007B", "LSOA21NMW": " ", "BNG_E": 616271, "BNG_N": 256966, "LAT": 52.16857, "LONG": 1.161124, "GlobalID": "58b88138-2a41-43c2-bb65-b94d61bbcb0f", "LSOA name (2021)": "Mid Suffolk 007B", "Local Authority District code (2024)": "E07000203", "Local Authority District name (2024)": "Mid Suffolk", "Index of Multiple Deprivation (IMD) Rank": 18869, "Index of Multiple Deprivation (IMD) Decile": 6}}, {"type": "Feature", "id": 28523, "geometry": {"type": "Polygon", "coordinates": [[[1.29599846489757, 52.3461128880417], [1.29147576911438, 52.3435192076225], [1.29868648294003, 52.3370780563983], [1.29220186646228, 52.3357281136965], [1.29326819228565, 52.3305672637015], [1.27556334729873, 52.3293816514248], [1.26018660053486, 52.3337775620443], [1.24394204837261, 52.3297125849516], [1.25139485744819, 52.320729750147], [1.25701458430343, 52.321597324399], [1.25871909532151, 52.3173402254826], [1.25168446448055, 52.3148876875434], [1.26230831441023, 52.3058964399813], [1.25835545838218, 52.2977271040128], [1.26383050749754, 52.2911292992298], [1.2505286926992, 52.2906514978014], [1.25057999956406, 52.2860957075437], [1.23469430515004, 52.2825379782756], [1.2314909636596, 52.2874616950304], [1.22264864270306, 52.2892360980611], [1.21985958066774, 52.2816231585461], [1.21047566203888, 52.2843477381331], [1.19984605163508, 52.2793532542385], [1.18954524055075, 52.2855347188444], [1.18852337766969, 52.2943885088463], [1.19157823415484, 52.301092041706], [1.19670811194785, 52.2986565423474], [1.1999566294646, 52.3024720398078], [1.19986133305341, 52.3098469805407], [1.19322096758585, 52.3177954743363], [1.19222288883415, 52.3267492180925], [1.1847475333721, 52.3252034617537], [1.16451020503767, 52.3279836966006], [1.16973173531879, 52.3375460950644], [1.18357420528699, 52.340592190048], [1.18201169492914, 52.3447751426529], [1.19017613335713, 52.3490247936822], [1.19006142249857, 52.3568367854206], [1.19685656301664, 52.3605973601285], [1.21407928723977, 52.3554117337456], [1.23034012135761, 52.3602510667999], [1.23297577429742, 52.3649367751454], [1.24686318991303, 52.3654576907917], [1.25933169348344, 52.3708866562674], [1.27232517758286, 52.3661216885851], [1.29078676141811, 52.3654610943861], [1.29893654914112, 52.3548792730546], [1.29240486218107, 52.3481037970858], [1.29599846489757, 52.3461128880417]]]}, "properties": {"FID": 28523, "LSOA21CD": "E01030058", "LSOA21NM": "Mid Suffolk 001B", "LSOA21NMW": " ", "BNG_E": 620275, "BNG_N": 274688, "LAT": 52.32607, "LONG": 1.23112, "GlobalID": "1c960b5e-e16e-4010-9aa8-6b39d2ed1155", "LSOA name (2021)": "Mid Suffolk 001B", "Local Authority District code (2024)": "E07000203", "Local Authority District name (2024)": "Mid Suffolk", "Index of Multiple Deprivation (IMD) Rank": 17574, "Index of Multiple Deprivation (IMD) Decile": 6}}, {"type": "Feature", "id": 28524, "geometry": {"type": "Polygon", "coordinates": [[[1.08447394226409, 52.2861491086326], [1.08615901435978, 52.2716419752413], [1.07949054943158, 52.2624085593956], [1.09153846910204, 52.2602284602593], [1.08497686955854, 52.2570016546895], [1.09038770437152, 52.253358687333], [1.10194417488805, 52.2552976225784], [1.10150621184008, 52.2221902041827], [1.06280423828245, 52.22114606756], [1.05680721664956, 52.2246787121222], [1.04130427445885, 52.2402866606444], [1.01515377795963, 52.2396272407025], [1.01708445252509, 52.2476056989277], [1.02370028291124, 52.2499556421953], [1.01862012786746, 52.2600767286406], [1.02456620988669, 52.2747980844232], [1.03638478510149, 52.2768992006713], [1.04586306036651, 52.2826477565483], [1.04493369435917, 52.2904748919446], [1.05476888079435, 52.2950400904843], [1.05673173734496, 52.2888792504161], [1.06903808894652, 52.2901486501046], [1.07089226074836, 52.287485781317], [1.08447394226409, 52.2861491086326]]]}, "properties": {"FID": 28524, "LSOA21CD": "E01030059", "LSOA21NM": "Mid Suffolk 005C", "LSOA21NMW": " ", "BNG_E": 608970, "BNG_N": 266475, "LAT": 52.25675, "LONG": 1.060396, "GlobalID": "7f8f08d7-bcf5-4669-8ca6-63663980facd", "LSOA name (2021)": "Mid Suffolk 005C", "Local Authority District code (2024)": "E07000203", "Local Authority District name (2024)": "Mid Suffolk", "Index of Multiple Deprivation (IMD) Rank": 17584, "Index of Multiple Deprivation (IMD) Decile": 6}}, {"type": "Feature", "id": 28525, "geometry": {"type": "Polygon", "coordinates": [[[1.04794291163221, 52.1634578227249], [1.05315404648089, 52.1567339452815], [1.04172903679218, 52.1553412117504], [1.03705519986656, 52.1608324497307], [1.02194003780597, 52.1581228809447], [0.99563073284706, 52.1538678962955], [0.990667458398874, 52.1571872279366], [1.01076898940254, 52.1697953995522], [1.02314548315432, 52.1730808963902], [1.03651068719217, 52.1666718651753], [1.04450364970738, 52.1676488501978], [1.04794291163221, 52.1634578227249]]]}, "properties": {"FID": 28525, "LSOA21CD": "E01030060", "LSOA21NM": "Mid Suffolk 010A", "LSOA21NMW": " ", "BNG_E": 606973, "BNG_N": 255961, "LAT": 52.16311, "LONG": 1.024759, "GlobalID": "a9cc5832-30be-4fdf-89ae-7b765aa3c8cb", "LSOA name (2021)": "Mid Suffolk 010A", "Local Authority District code (2024)": "E07000203", "Local Authority District name (2024)": "Mid Suffolk", "Index of Multiple Deprivation (IMD) Rank": 21333, "Index of Multiple Deprivation (IMD) Decile": 7}}, {"type": "Feature", "id": 28526, "geometry": {"type": "Polygon", "coordinates": [[[1.05692803992931, 52.1541418354773], [1.05342435339772, 52.1481297639323], [1.05283056976954, 52.1506963468631], [1.04515175158866, 52.148611447264], [1.04082441380146, 52.1521445895487], [1.03618660601777, 52.1502400082175], [1.04172903679218, 52.1553412117504], [1.05315404648089, 52.1567339452815], [1.05692803992931, 52.1541418354773]]]}, "properties": {"FID": 28526, "LSOA21CD": "E01030061", "LSOA21NM": "Mid Suffolk 011C", "LSOA21NMW": " ", "BNG_E": 608544, "BNG_N": 254857, "LAT": 52.15261, "LONG": 1.047016, "GlobalID": "1dc8b9e5-74fe-41c6-a9f5-db4fdd2ecb1b", "LSOA name (2021)": "Mid Suffolk 011C", "Local Authority District code (2024)": "E07000203", "Local Authority District name (2024)": "Mid Suffolk", "Index of Multiple Deprivation (IMD) Rank": 13870, "Index of Multiple Deprivation (IMD) Decile": 5}}, {"type": "Feature", "id": 28527, "geometry": {"type": "Polygon", "coordinates": [[[1.06305787081826, 52.1504189451175], [1.05732286236133, 52.1485064247613], [1.06064471865727, 52.1472059373119], [1.05847588097342, 52.1437791550821], [1.0465683131387, 52.1448716784728], [1.04515175158866, 52.148611447264], [1.05283056976954, 52.1506963468631], [1.05342435339772, 52.1481297639323], [1.05692803992931, 52.1541418354773], [1.06305787081826, 52.1504189451175]]]}, "properties": {"FID": 28527, "LSOA21CD": "E01030062", "LSOA21NM": "Mid Suffolk 011D", "LSOA21NMW": " ", "BNG_E": 609044, "BNG_N": 254248, "LAT": 52.14695, "LONG": 1.053939, "GlobalID": "7c2c297a-1b75-4015-8f43-0cd420c1ed24", "LSOA name (2021)": "Mid Suffolk 011D", "Local Authority District code (2024)": "E07000203", "Local Authority District name (2024)": "Mid Suffolk", "Index of Multiple Deprivation (IMD) Rank": 29165, "Index of Multiple Deprivation (IMD) Decile": 9}}, {"type": "Feature", "id": 28528, "geometry": {"type": "Polygon", "coordinates": [[[0.975694854916221, 52.2003698291547], [0.97604256360084, 52.1952730604456], [0.971590673232895, 52.1902322048505], [0.973844214147997, 52.18734438502], [0.972552368954766, 52.1828825681642], [0.964946535778467, 52.1846301931751], [0.972527019016269, 52.1792011432925], [0.966602381526822, 52.1807826479988], [0.966187135354631, 52.174697011615], [0.956908003430764, 52.173723162156], [0.957892557010559, 52.1685638215897], [0.952318549854012, 52.1662710984292], [0.956237924034597, 52.1612665415616], [0.945525545459734, 52.1608092656418], [0.950509482165687, 52.1632317825695], [0.948606886231719, 52.1653046790831], [0.942141529051567, 52.1631719121037], [0.939944733628854, 52.155403279687], [0.938049542488167, 52.1575405224701], [0.927277057610558, 52.1530358127496], [0.918728901677322, 52.1559750205605], [0.892369499268393, 52.15047141981], [0.893883149120263, 52.1576765431501], [0.895742973470774, 52.1821709205223], [0.905729869149618, 52.185170974559], [0.909396549078193, 52.1914106532137], [0.91708646954583, 52.1911478595718], [0.919157636851421, 52.1963600637914], [0.925108252095895, 52.1968863986028], [0.918750835331919, 52.2058234289254], [0.926653698910504, 52.2131727637808], [0.939441927186699, 52.2134618976195], [0.942337877900001, 52.2098204040205], [0.946373746016333, 52.2154178191444], [0.956915099245372, 52.2194215041835], [0.963840550487555, 52.215582114874], [0.960808142546618, 52.2131773645565], [0.965635027957071, 52.201644590779], [0.975694854916221, 52.2003698291547]]]}, "properties": {"FID": 28528, "LSOA21CD": "E01030063", "LSOA21NM": "Mid Suffolk 009A", "LSOA21NMW": " ", "BNG_E": 600743, "BNG_N": 258128, "LAT": 52.18487, "LONG": 0.935084, "GlobalID": "818e7da5-1c55-4fbf-9625-4af82c634c81", "LSOA name (2021)": "Mid Suffolk 009A", "Local Authority District code (2024)": "E07000203", "Local Authority District name (2024)": "Mid Suffolk", "Index of Multiple Deprivation (IMD) Rank": 22585, "Index of Multiple Deprivation (IMD) Decile": 7}}, {"type": "Feature", "id": 28529, "geometry": {"type": "Polygon", "coordinates": [[[1.08891660845865, 52.3724328465888], [1.09634697984653, 52.3718183185076], [1.11050515680734, 52.3716047184035], [1.12793564034984, 52.3671535425509], [1.13146411859709, 52.3676209744449], [1.16376787758215, 52.3619626734901], [1.18237665944828, 52.3587833108442], [1.19020445181772, 52.3618034222634], [1.19685656301664, 52.3605973601285], [1.19006142249857, 52.3568367854206], [1.19017613335713, 52.3490247936822], [1.18201169492914, 52.3447751426529], [1.18357420528699, 52.340592190048], [1.16973173531879, 52.3375460950644], [1.12463942869566, 52.3378380293501], [1.11749217849971, 52.3309022562691], [1.12668902673276, 52.3302768029321], [1.12941519502604, 52.3184567232277], [1.11766004987121, 52.3166180116342], [1.11716811701679, 52.3121920260976], [1.10998724969166, 52.3086824287897], [1.10179831965816, 52.3091735536307], [1.09870860074799, 52.3207602994115], [1.09145799685134, 52.3242639757279], [1.0935868577002, 52.3337128405983], [1.09087750409485, 52.3375035404549], [1.08151208230768, 52.3394408075868], [1.08242474087394, 52.3444337420244], [1.08672485990616, 52.345638381347], [1.07638449009475, 52.3657555408081], [1.08068169672601, 52.3726725213184], [1.08891660845865, 52.3724328465888]]]}, "properties": {"FID": 28529, "LSOA21CD": "E01030064", "LSOA21NM": "Mid Suffolk 001C", "LSOA21NMW": " ", "BNG_E": 613175, "BNG_N": 275934, "LAT": 52.34006, "LONG": 1.127888, "GlobalID": "55aee36e-9c10-4e61-93e3-a4ebb25d696b", "LSOA name (2021)": "Mid Suffolk 001C", "Local Authority District code (2024)": "E07000203", "Local Authority District name (2024)": "Mid Suffolk", "Index of Multiple Deprivation (IMD) Rank": 21943, "Index of Multiple Deprivation (IMD) Decile": 7}}, {"type": "Feature", "id": 28530, "geometry": {"type": "Polygon", "coordinates": [[[0.918750835331919, 52.2058234289254], [0.925108252095895, 52.1968863986028], [0.919157636851421, 52.1963600637914], [0.91708646954583, 52.1911478595718], [0.909396549078193, 52.1914106532137], [0.905729869149618, 52.185170974559], [0.895742973470774, 52.1821709205223], [0.893883149120263, 52.1576765431501], [0.881521958970236, 52.1547188165991], [0.8688231203607, 52.1655771196163], [0.861922448048984, 52.1638306774307], [0.859440730867732, 52.1659364681639], [0.853683005005011, 52.1619632317493], [0.825579142860185, 52.1626671084785], [0.814169635584244, 52.1707325527536], [0.822493993185009, 52.1745588871505], [0.824572407346323, 52.1797153160451], [0.836273974268795, 52.1821692930021], [0.832728746272, 52.1868410216777], [0.838119347652317, 52.195344419744], [0.84541174532073, 52.1975380811749], [0.848458506977839, 52.2038290563221], [0.852273685159524, 52.2299543235418], [0.88004380538871, 52.2328666548441], [0.874685588989103, 52.2289551174615], [0.885300154261183, 52.2141918460019], [0.884839138896757, 52.202827183817], [0.89803156977256, 52.2067628997759], [0.912266042822817, 52.2039481854186], [0.918750835331919, 52.2058234289254]]]}, "properties": {"FID": 28530, "LSOA21CD": "E01030065", "LSOA21NM": "Mid Suffolk 006C", "LSOA21NMW": " ", "BNG_E": 596259, "BNG_N": 259426, "LAT": 52.19814, "LONG": 0.870333, "GlobalID": "6fb5c59b-936a-41ed-b1a6-986e174728e7", "LSOA name (2021)": "Mid Suffolk 006C", "Local Authority District code (2024)": "E07000203", "Local Authority District name (2024)": "Mid Suffolk", "Index of Multiple Deprivation (IMD) Rank": 18261, "Index of Multiple Deprivation (IMD) Decile": 6}}, {"type": "Feature", "id": 28531, "geometry": {"type": "Polygon", "coordinates": [[[0.980319402063471, 52.3695194954449], [0.985276387601938, 52.3646880262391], [0.996153625709387, 52.3676148705502], [1.01343009376998, 52.3589832448058], [1.00804848846289, 52.354554536521], [1.01108983596587, 52.3418637151456], [1.0052556110214, 52.3413153794321], [1.00797508771886, 52.3458227097113], [1.00174997963035, 52.345619818945], [1.0043277826857, 52.3424002129915], [0.991703142682142, 52.336896679338], [0.99075193577919, 52.3309589919529], [0.983481918969262, 52.3266920287643], [0.984018619560958, 52.3178595979216], [0.994539486782631, 52.3117295126043], [0.994720537894231, 52.3051588460839], [0.987576025606773, 52.3031761191238], [0.98077925598246, 52.305975717475], [0.982395224187499, 52.3097309701988], [0.97662409915756, 52.3128705777651], [0.970705108945594, 52.3093503736491], [0.957774799709194, 52.3119712130261], [0.955511395417721, 52.316017297571], [0.965249406247744, 52.324888718877], [0.962090284349342, 52.3286131384398], [0.96693868519925, 52.3320131758484], [0.957339066083917, 52.3403722634852], [0.957984280283451, 52.3507822349453], [0.953171308338994, 52.3560612772799], [0.967253172645324, 52.3657349704704], [0.96747125325682, 52.3701128408636], [0.980319402063471, 52.3695194954449]]]}, "properties": {"FID": 28531, "LSOA21CD": "E01030066", "LSOA21NM": "Mid Suffolk 002D", "LSOA21NMW": " ", "BNG_E": 603254, "BNG_N": 275462, "LAT": 52.33958, "LONG": 0.982189, "GlobalID": "3833a571-2846-4ba8-901f-d52eebec29a8", "LSOA name (2021)": "Mid Suffolk 002D", "Local Authority District code (2024)": "E07000203", "Local Authority District name (2024)": "Mid Suffolk", "Index of Multiple Deprivation (IMD) Rank": 16532, "Index of Multiple Deprivation (IMD) Decile": 5}}, {"type": "Feature", "id": 28532, "geometry": {"type": "Polygon", "coordinates": [[[0.998706013720474, 52.3047906964042], [0.994720537894231, 52.3051588460839], [0.994539486782631, 52.3117295126043], [0.984018619560958, 52.3178595979216], [0.983481918969262, 52.3266920287643], [0.99075193577919, 52.3309589919529], [0.991703142682142, 52.336896679338], [1.0043277826857, 52.3424002129915], [1.00174997963035, 52.345619818945], [1.00797508771886, 52.3458227097113], [1.0052556110214, 52.3413153794321], [1.01108983596587, 52.3418637151456], [1.00804848846289, 52.354554536521], [1.01343009376998, 52.3589832448058], [0.996153625709387, 52.3676148705502], [0.985276387601938, 52.3646880262391], [0.980319402063471, 52.3695194954449], [1.02768553175367, 52.3785726613083], [1.02773353979357, 52.3667890003568], [1.03551049398624, 52.3575031846513], [1.03600468918679, 52.3498879221052], [1.02950760181739, 52.3443391540524], [1.03670236393198, 52.3451765209976], [1.03835794536351, 52.3392471420482], [1.03286470219886, 52.3276193068385], [1.01971914833088, 52.3244931292189], [1.02189955469252, 52.3219754369535], [1.01287709998836, 52.3152380540248], [1.01438755089486, 52.3102845532502], [0.998706013720474, 52.3047906964042]]]}, "properties": {"FID": 28532, "LSOA21CD": "E01030067", "LSOA21NM": "Mid Suffolk 002E", "LSOA21NMW": " ", "BNG_E": 605036, "BNG_N": 273906, "LAT": 52.32495, "LONG": 1.00736, "GlobalID": "73ab4c4a-e3b4-4c56-aa85-a5fafede5c27", "LSOA name (2021)": "Mid Suffolk 002E", "Local Authority District code (2024)": "E07000203", "Local Authority District name (2024)": "Mid Suffolk", "Index of Multiple Deprivation (IMD) Rank": 18812, "Index of Multiple Deprivation (IMD) Decile": 6}}, {"type": "Feature", "id": 28533, "geometry": {"type": "Polygon", "coordinates": [[[0.994720537894231, 52.3051588460839], [0.998706013720474, 52.3047906964042], [0.996150553367803, 52.3026968512918], [0.993682514778487, 52.2987999138821], [0.985458609230609, 52.29920595505], [0.980410381365237, 52.2942463277594], [0.970209160305183, 52.292230382083], [0.967763524622306, 52.2870917651202], [0.933508664935346, 52.2939195933238], [0.912989217481343, 52.2944077554603], [0.899560349510048, 52.2989675706924], [0.903160714653127, 52.3038456041333], [0.911678066830822, 52.3020605595118], [0.904576799821143, 52.3055880616612], [0.931124539923564, 52.3128688929506], [0.925940325699264, 52.3192790808884], [0.925693033455849, 52.3273353452537], [0.93269764060095, 52.335729986613], [0.95323058493613, 52.3368606967689], [0.957339066083917, 52.3403722634852], [0.96693868519925, 52.3320131758484], [0.962090284349342, 52.3286131384398], [0.965249406247744, 52.324888718877], [0.955511395417721, 52.316017297571], [0.957774799709194, 52.3119712130261], [0.970705108945594, 52.3093503736491], [0.97662409915756, 52.3128705777651], [0.982395224187499, 52.3097309701988], [0.98077925598246, 52.305975717475], [0.987576025606773, 52.3031761191238], [0.994720537894231, 52.3051588460839]]]}, "properties": {"FID": 28533, "LSOA21CD": "E01030068", "LSOA21NM": "Mid Suffolk 002F", "LSOA21NMW": " ", "BNG_E": 601173, "BNG_N": 272530, "LAT": 52.31402, "LONG": 0.949934, "GlobalID": "8590174e-327d-45c5-9519-81e9e077a8cc", "LSOA name (2021)": "Mid Suffolk 002F", "Local Authority District code (2024)": "E07000203", "Local Authority District name (2024)": "Mid Suffolk", "Index of Multiple Deprivation (IMD) Rank": 17623, "Index of Multiple Deprivation (IMD) Decile": 6}}, {"type": "Feature", "id": 28534, "geometry": {"type": "Polygon", "coordinates": [[[0.980547258259843, 52.185712736314], [0.981204399486261, 52.1854634934649], [0.979660179700581, 52.1801229807661], [0.986912276699694, 52.1772238479738], [0.987314952233822, 52.1711609143245], [0.996433331753602, 52.1740992248248], [0.997244112273517, 52.1744305876453], [1.00711474731575, 52.1739075609143], [1.01076898940254, 52.1697953995522], [0.990667458398874, 52.1571872279366], [0.99563073284706, 52.1538678962955], [1.02194003780597, 52.1581228809447], [1.02035347678307, 52.1545341765728], [1.02654566247709, 52.148637935491], [1.02067449130215, 52.145378255288], [1.02035352419495, 52.140206395537], [1.00480503386947, 52.1360182295689], [0.990246629017079, 52.1369563500033], [0.974167685609358, 52.1460941933818], [0.94894384364824, 52.1434435466775], [0.946550629142822, 52.14549645026], [0.938416067789857, 52.152466036463], [0.939944733628854, 52.155403279687], [0.942141529051567, 52.1631719121037], [0.948606886231719, 52.1653046790831], [0.950509482165687, 52.1632317825695], [0.945525545459734, 52.1608092656418], [0.956237924034597, 52.1612665415616], [0.952318549854012, 52.1662710984292], [0.957892557010559, 52.1685638215897], [0.956908003430764, 52.173723162156], [0.966187135354631, 52.174697011615], [0.966602381526822, 52.1807826479988], [0.972527019016269, 52.1792011432925], [0.964946535778467, 52.1846301931751], [0.972552368954766, 52.1828825681642], [0.973844214147997, 52.18734438502], [0.980547258259843, 52.185712736314]]]}, "properties": {"FID": 28534, "LSOA21CD": "E01030069", "LSOA21NM": "Mid Suffolk 009B", "LSOA21NMW": " ", "BNG_E": 604140, "BNG_N": 255548, "LAT": 52.16046, "LONG": 0.983151, "GlobalID": "f22810b9-606e-499e-a2dd-97197e3418b6", "LSOA name (2021)": "Mid Suffolk 009B", "Local Authority District code (2024)": "E07000203", "Local Authority District name (2024)": "Mid Suffolk", "Index of Multiple Deprivation (IMD) Rank": 21681, "Index of Multiple Deprivation (IMD) Decile": 7}}, {"type": "Feature", "id": 28535, "geometry": {"type": "Polygon", "coordinates": [[[1.00480503386947, 52.1360182295689], [1.00131231670374, 52.1310752415121], [1.00437395492325, 52.1228412247954], [0.998136422102125, 52.1209571344543], [1.00041428283653, 52.1145919206624], [0.980448420467789, 52.1106768583133], [0.986444067056713, 52.1079760910723], [0.982128672680112, 52.1079362476341], [0.983336142723491, 52.106025391307], [0.968215577858043, 52.1130994294992], [0.951797001721376, 52.112707055806], [0.95118750389313, 52.1147122920162], [0.953654875455959, 52.1202813490556], [0.944734574611533, 52.1276455146306], [0.948823118587175, 52.1378165971108], [0.946550629142822, 52.14549645026], [0.94894384364824, 52.1434435466775], [0.974167685609358, 52.1460941933818], [0.990246629017079, 52.1369563500033], [1.00480503386947, 52.1360182295689]]]}, "properties": {"FID": 28535, "LSOA21CD": "E01030070", "LSOA21NM": "Mid Suffolk 011E", "LSOA21NMW": " ", "BNG_E": 603650, "BNG_N": 251898, "LAT": 52.12787, "LONG": 0.973812, "GlobalID": "beb19a67-ac8a-4171-a6ad-8a15bddd3f3c", "LSOA name (2021)": "Mid Suffolk 011E", "Local Authority District code (2024)": "E07000203", "Local Authority District name (2024)": "Mid Suffolk", "Index of Multiple Deprivation (IMD) Rank": 24146, "Index of Multiple Deprivation (IMD) Decile": 8}}, {"type": "Feature", "id": 28536, "geometry": {"type": "Polygon", "coordinates": [[[1.00701279189699, 52.184137924046], [1.01610072574422, 52.1785716705738], [1.00718408348797, 52.1822091713163], [0.999079795575054, 52.1814541638597], [0.99148700579636, 52.1827438350454], [0.993380283397555, 52.1886000703003], [0.994237703325843, 52.1884182604494], [1.00049167566409, 52.1895273562225], [1.00701279189699, 52.184137924046]]]}, "properties": {"FID": 28536, "LSOA21CD": "E01030071", "LSOA21NM": "Mid Suffolk 010B", "LSOA21NMW": " ", "BNG_E": 605123, "BNG_N": 258234, "LAT": 52.18421, "LONG": 0.999124, "GlobalID": "e6f4c928-bbd7-4bf7-955c-8101598ad298", "LSOA name (2021)": "Mid Suffolk 010B", "Local Authority District code (2024)": "E07000203", "Local Authority District name (2024)": "Mid Suffolk", "Index of Multiple Deprivation (IMD) Rank": 15828, "Index of Multiple Deprivation (IMD) Decile": 5}}, {"type": "Feature", "id": 28537, "geometry": {"type": "Polygon", "coordinates": [[[0.982957278197335, 52.1943176547848], [0.984946338043808, 52.191848863446], [0.980547258259843, 52.185712736314], [0.973844214147997, 52.18734438502], [0.971590673232895, 52.1902322048505], [0.97604256360084, 52.1952730604456], [0.982957278197335, 52.1943176547848]]]}, "properties": {"FID": 28537, "LSOA21CD": "E01030072", "LSOA21NM": "Mid Suffolk 009C", "LSOA21NMW": " ", "BNG_E": 603668, "BNG_N": 258792, "LAT": 52.18976, "LONG": 0.978207, "GlobalID": "214ab318-3938-441b-af72-2085a425f75f", "LSOA name (2021)": "Mid Suffolk 009C", "Local Authority District code (2024)": "E07000203", "Local Authority District name (2024)": "Mid Suffolk", "Index of Multiple Deprivation (IMD) Rank": 21531, "Index of Multiple Deprivation (IMD) Decile": 7}}, {"type": "Feature", "id": 28538, "geometry": {"type": "Polygon", "coordinates": [[[0.993380283397555, 52.1886000703003], [0.99148700579636, 52.1827438350454], [0.981204399486261, 52.1854634934649], [0.980547258259843, 52.185712736314], [0.984946338043808, 52.191848863446], [0.989973687729943, 52.1914510669608], [0.986321891181505, 52.1882210610883], [0.993380283397555, 52.1886000703003]]]}, "properties": {"FID": 28538, "LSOA21CD": "E01030073", "LSOA21NM": "Mid Suffolk 008A", "LSOA21NMW": " ", "BNG_E": 604267, "BNG_N": 258574, "LAT": 52.18758, "LONG": 0.986826, "GlobalID": "a600e476-55a4-413b-840a-5ae248604ce4", "LSOA name (2021)": "Mid Suffolk 008A", "Local Authority District code (2024)": "E07000203", "Local Authority District name (2024)": "Mid Suffolk", "Index of Multiple Deprivation (IMD) Rank": 15124, "Index of Multiple Deprivation (IMD) Decile": 5}}, {"type": "Feature", "id": 28539, "geometry": {"type": "Polygon", "coordinates": [[[0.985706473533518, 52.1998012316449], [0.97944885728738, 52.1981888395863], [0.983506087130165, 52.1951779158052], [0.982957278197335, 52.1943176547848], [0.97604256360084, 52.1952730604456], [0.975694854916221, 52.2003698291547], [0.982204621871076, 52.2022177873734], [0.985706473533518, 52.1998012316449]]]}, "properties": {"FID": 28539, "LSOA21CD": "E01030075", "LSOA21NM": "Mid Suffolk 009D", "LSOA21NMW": " ", "BNG_E": 603791, "BNG_N": 259402, "LAT": 52.19519, "LONG": 0.98037, "GlobalID": "58923e45-e94f-4d4b-a275-e0907f2cb4ac", "LSOA name (2021)": "Mid Suffolk 009D", "Local Authority District code (2024)": "E07000203", "Local Authority District name (2024)": "Mid Suffolk", "Index of Multiple Deprivation (IMD) Rank": 32537, "Index of Multiple Deprivation (IMD) Decile": 10}}, {"type": "Feature", "id": 28540, "geometry": {"type": "Polygon", "coordinates": [[[1.00340955270764, 52.1964316700301], [0.99873016255964, 52.1952325709498], [0.998916068532028, 52.1911943132804], [0.994271387688022, 52.1919136483659], [0.98877149300149, 52.1977370416308], [0.983506087130165, 52.1951779158052], [0.97944885728738, 52.1981888395863], [0.985706473533518, 52.1998012316449], [0.991251981254949, 52.2017405805014], [0.993388315603689, 52.197608486339], [1.00340955270764, 52.1964316700301]]]}, "properties": {"FID": 28540, "LSOA21CD": "E01030076", "LSOA21NM": "Mid Suffolk 010D", "LSOA21NMW": " ", "BNG_E": 604838, "BNG_N": 259550, "LAT": 52.19613, "LONG": 0.995756, "GlobalID": "a318ee75-3ef7-41f2-ae7f-89fe6fd6af53", "LSOA name (2021)": "Mid Suffolk 010D", "Local Authority District code (2024)": "E07000203", "Local Authority District name (2024)": "Mid Suffolk", "Index of Multiple Deprivation (IMD) Rank": 17510, "Index of Multiple Deprivation (IMD) Decile": 6}}, {"type": "Feature", "id": 28541, "geometry": {"type": "Polygon", "coordinates": [[[0.994271387688022, 52.1919136483659], [0.994237703325843, 52.1884182604494], [0.993380283397555, 52.1886000703003], [0.986321891181505, 52.1882210610883], [0.989973687729943, 52.1914510669608], [0.984946338043808, 52.191848863446], [0.982957278197335, 52.1943176547848], [0.983506087130165, 52.1951779158052], [0.98877149300149, 52.1977370416308], [0.994271387688022, 52.1919136483659]]]}, "properties": {"FID": 28541, "LSOA21CD": "E01030077", "LSOA21NM": "Mid Suffolk 008B", "LSOA21NMW": " ", "BNG_E": 604373, "BNG_N": 259176, "LAT": 52.19295, "LONG": 0.988737, "GlobalID": "5fb69da7-3a4d-496d-afaf-c3225e970ab6", "LSOA name (2021)": "Mid Suffolk 008B", "Local Authority District code (2024)": "E07000203", "Local Authority District name (2024)": "Mid Suffolk", "Index of Multiple Deprivation (IMD) Rank": 7281, "Index of Multiple Deprivation (IMD) Decile": 3}}, {"type": "Feature", "id": 28542, "geometry": {"type": "Polygon", "coordinates": [[[1.01610072574422, 52.1785716705738], [1.01645533459941, 52.1785918311173], [1.02314548315432, 52.1730808963902], [1.01076898940254, 52.1697953995522], [1.00711474731575, 52.1739075609143], [0.997244112273517, 52.1744305876453], [1.00108162929149, 52.1753286049392], [0.999079795575054, 52.1814541638597], [1.00718408348797, 52.1822091713163], [1.01610072574422, 52.1785716705738]]]}, "properties": {"FID": 28542, "LSOA21CD": "E01030078", "LSOA21NM": "Mid Suffolk 010E", "LSOA21NMW": " ", "BNG_E": 605916, "BNG_N": 257349, "LAT": 52.17597, "LONG": 1.01017, "GlobalID": "406a45a2-f61f-4c37-a83d-91153d960f57", "LSOA name (2021)": "Mid Suffolk 010E", "Local Authority District code (2024)": "E07000203", "Local Authority District name (2024)": "Mid Suffolk", "Index of Multiple Deprivation (IMD) Rank": 27010, "Index of Multiple Deprivation (IMD) Decile": 9}}, {"type": "Feature", "id": 28543, "geometry": {"type": "Polygon", "coordinates": [[[0.996433331753602, 52.1740992248248], [0.987314952233822, 52.1711609143245], [0.986912276699694, 52.1772238479738], [0.995521280375747, 52.1796343393436], [0.996433331753602, 52.1740992248248]]]}, "properties": {"FID": 28543, "LSOA21CD": "E01030079", "LSOA21NM": "Mid Suffolk 008C", "LSOA21NMW": " ", "BNG_E": 604678, "BNG_N": 257212, "LAT": 52.1752, "LONG": 0.992008, "GlobalID": "9279337c-0dbc-41eb-bb17-20ea33ac72af", "LSOA name (2021)": "Mid Suffolk 008C", "Local Authority District code (2024)": "E07000203", "Local Authority District name (2024)": "Mid Suffolk", "Index of Multiple Deprivation (IMD) Rank": 2930, "Index of Multiple Deprivation (IMD) Decile": 1}}, {"type": "Feature", "id": 28544, "geometry": {"type": "Polygon", "coordinates": [[[0.99148700579636, 52.1827438350454], [0.999079795575054, 52.1814541638597], [1.00108162929149, 52.1753286049392], [0.997244112273517, 52.1744305876453], [0.996433331753602, 52.1740992248248], [0.995521280375747, 52.1796343393436], [0.986912276699694, 52.1772238479738], [0.979660179700581, 52.1801229807661], [0.981204399486261, 52.1854634934649], [0.99148700579636, 52.1827438350454]]]}, "properties": {"FID": 28544, "LSOA21CD": "E01030080", "LSOA21NM": "Mid Suffolk 008D", "LSOA21NMW": " ", "BNG_E": 604328, "BNG_N": 257715, "LAT": 52.17985, "LONG": 0.9872, "GlobalID": "331c2fa2-e791-4b0d-896c-e876d31c7908", "LSOA name (2021)": "Mid Suffolk 008D", "Local Authority District code (2024)": "E07000203", "Local Authority District name (2024)": "Mid Suffolk", "Index of Multiple Deprivation (IMD) Rank": 16914, "Index of Multiple Deprivation (IMD) Decile": 6}}, {"type": "Feature", "id": 28545, "geometry": {"type": "Polygon", "coordinates": [[[1.06280423828245, 52.22114606756], [1.06128576553263, 52.2110602768763], [1.05034833449041, 52.1976865398678], [1.04829513060413, 52.1780304520875], [1.05580671387163, 52.1708762421355], [1.04794291163221, 52.1634578227249], [1.04450364970738, 52.1676488501978], [1.03651068719217, 52.1666718651753], [1.02314548315432, 52.1730808963902], [1.01645533459941, 52.1785918311173], [1.02263176963646, 52.1856832258079], [1.00846650420834, 52.1955668826854], [1.00340955270764, 52.1964316700301], [0.993388315603689, 52.197608486339], [0.991251981254949, 52.2017405805014], [0.992042099781632, 52.2021177949297], [1.01143353723956, 52.2108733447503], [1.02988040947697, 52.2142854016334], [1.03674153245042, 52.2129165049472], [1.05680721664956, 52.2246787121222], [1.06280423828245, 52.22114606756]]]}, "properties": {"FID": 28545, "LSOA21CD": "E01030081", "LSOA21NM": "Mid Suffolk 005D", "LSOA21NMW": " ", "BNG_E": 606897, "BNG_N": 259315, "LAT": 52.19325, "LONG": 1.025694, "GlobalID": "4f0eeae6-07f8-47bf-a049-4c250270c2c1", "LSOA name (2021)": "Mid Suffolk 005D", "Local Authority District code (2024)": "E07000203", "Local Authority District name (2024)": "Mid Suffolk", "Index of Multiple Deprivation (IMD) Rank": 19267, "Index of Multiple Deprivation (IMD) Decile": 6}}, {"type": "Feature", "id": 28546, "geometry": {"type": "Polygon", "coordinates": [[[1.14740443021816, 52.2117288771339], [1.15879070648233, 52.1973937044863], [1.16044307552351, 52.1929390107806], [1.15407224778429, 52.1862821534698], [1.12603310474689, 52.1849111762997], [1.11095867351108, 52.1808665881858], [1.09584060901843, 52.165017449023], [1.09421260339346, 52.1573774525177], [1.07619570890498, 52.1466017243796], [1.06305787081826, 52.1504189451175], [1.05692803992931, 52.1541418354773], [1.05315404648089, 52.1567339452815], [1.04794291163221, 52.1634578227249], [1.05580671387163, 52.1708762421355], [1.04829513060413, 52.1780304520875], [1.05034833449041, 52.1976865398678], [1.06128576553263, 52.2110602768763], [1.06280423828245, 52.22114606756], [1.10150621184008, 52.2221902041827], [1.10756244660173, 52.2216011223235], [1.10157384155851, 52.2206390447505], [1.10374524596382, 52.2156867711801], [1.11153937340653, 52.214685037744], [1.10938795279847, 52.2061682801], [1.11952343313648, 52.2091726656057], [1.1213901378683, 52.206616928091], [1.12237285209944, 52.2089271961949], [1.12442017185821, 52.2060011247355], [1.13169362397546, 52.2073422151113], [1.12950968311658, 52.203369526478], [1.13696658894957, 52.2046525441228], [1.13858559657765, 52.2106558788841], [1.14740443021816, 52.2117288771339]]]}, "properties": {"FID": 28546, "LSOA21CD": "E01030083", "LSOA21NM": "Mid Suffolk 007C", "LSOA21NMW": " ", "BNG_E": 612282, "BNG_N": 259535, "LAT": 52.19318, "LONG": 1.104494, "GlobalID": "6613ee3b-47d4-493e-bb01-5c4032cdc982", "LSOA name (2021)": "Mid Suffolk 007C", "Local Authority District code (2024)": "E07000203", "Local Authority District name (2024)": "Mid Suffolk", "Index of Multiple Deprivation (IMD) Rank": 21415, "Index of Multiple Deprivation (IMD) Decile": 7}}, {"type": "Feature", "id": 28547, "geometry": {"type": "Polygon", "coordinates": [[[0.84595746947186, 52.2617781711035], [0.850873800048154, 52.2618703265831], [0.848765270556258, 52.2565646482534], [0.856486550901114, 52.2550988662632], [0.85674804276667, 52.2505876014913], [0.851851675194332, 52.2456267909066], [0.844549200220834, 52.2465022852909], [0.841528602919298, 52.2382720873452], [0.827129151853856, 52.2389674884623], [0.811348045802968, 52.2461066647124], [0.81766278097657, 52.2448778034826], [0.829575073573455, 52.2490736742584], [0.830872557662624, 52.2593087003081], [0.824232481387788, 52.2602142192213], [0.823040136247429, 52.2545950371475], [0.81780086187226, 52.2520119905209], [0.811481483697755, 52.2539536530656], [0.806816483353311, 52.2497481611738], [0.800023998588722, 52.2511324605815], [0.801603683010879, 52.2659094174], [0.809416917410341, 52.2670510208598], [0.8177110780125, 52.2643821710377], [0.825825797449458, 52.2665151480391], [0.842331897262378, 52.2600171849376], [0.84595746947186, 52.2617781711035]]]}, "properties": {"FID": 28547, "LSOA21CD": "E01030084", "LSOA21NM": "Mid Suffolk 004D", "LSOA21NMW": " ", "BNG_E": 594163, "BNG_N": 265308, "LAT": 52.25169, "LONG": 0.843077, "GlobalID": "9925ebb6-60f4-4102-b081-cd9df0def9cf", "LSOA name (2021)": "Mid Suffolk 004D", "Local Authority District code (2024)": "E07000203", "Local Authority District name (2024)": "Mid Suffolk", "Index of Multiple Deprivation (IMD) Rank": 24153, "Index of Multiple Deprivation (IMD) Decile": 8}}, {"type": "Feature", "id": 28548, "geometry": {"type": "Polygon", "coordinates": [[[0.811348045802968, 52.2461066647124], [0.806696322759638, 52.2464312345642], [0.806816483353311, 52.2497481611738], [0.811481483697755, 52.2539536530656], [0.81780086187226, 52.2520119905209], [0.823040136247429, 52.2545950371475], [0.824232481387788, 52.2602142192213], [0.830872557662624, 52.2593087003081], [0.829575073573455, 52.2490736742584], [0.81766278097657, 52.2448778034826], [0.811348045802968, 52.2461066647124]]]}, "properties": {"FID": 28548, "LSOA21CD": "E01030085", "LSOA21NM": "Mid Suffolk 004E", "LSOA21NMW": " ", "BNG_E": 592559, "BNG_N": 265026, "LAT": 52.24973, "LONG": 0.819449, "GlobalID": "25e6e453-e17c-4d1a-a47b-b73ad1cb8290", "LSOA name (2021)": "Mid Suffolk 004E", "Local Authority District code (2024)": "E07000203", "Local Authority District name (2024)": "Mid Suffolk", "Index of Multiple Deprivation (IMD) Rank": 25125, "Index of Multiple Deprivation (IMD) Decile": 8}}, {"type": "Feature", "id": 28549, "geometry": {"type": "Polygon", "coordinates": [[[0.841528602919298, 52.2382720873452], [0.846667169278756, 52.2373028526132], [0.845080131578856, 52.2326488544025], [0.852273685159524, 52.2299543235418], [0.848458506977839, 52.2038290563221], [0.84541174532073, 52.1975380811749], [0.838119347652317, 52.195344419744], [0.836346571758132, 52.198296000718], [0.819416152457853, 52.1989869882041], [0.814207974687659, 52.2070432976355], [0.82197431798997, 52.2232638986817], [0.819952059811895, 52.2333790498275], [0.827129151853856, 52.2389674884623], [0.841528602919298, 52.2382720873452]]]}, "properties": {"FID": 28549, "LSOA21CD": "E01030086", "LSOA21NM": "Mid Suffolk 006D", "LSOA21NMW": " ", "BNG_E": 593636, "BNG_N": 261527, "LAT": 52.21793, "LONG": 0.833203, "GlobalID": "9cf451fe-5f63-42d5-92a9-0ea6f3f468d4", "LSOA name (2021)": "Mid Suffolk 006D", "Local Authority District code (2024)": "E07000203", "Local Authority District name (2024)": "Mid Suffolk", "Index of Multiple Deprivation (IMD) Rank": 22913, "Index of Multiple Deprivation (IMD) Decile": 7}}, {"type": "Feature", "id": 28550, "geometry": {"type": "Polygon", "coordinates": [[[1.10998724969166, 52.3086824287897], [1.13724559594048, 52.3068792957135], [1.13850071999816, 52.2986199550298], [1.13140438062126, 52.2952162848892], [1.11518024913901, 52.284563396701], [1.12362716006276, 52.277468772449], [1.12321616781852, 52.2713135645046], [1.13442870264313, 52.2678251023105], [1.14035624186354, 52.2615778431586], [1.15207531111089, 52.2426787402022], [1.14623755007415, 52.2302685086331], [1.14165785604142, 52.2295036001954], [1.14740443021816, 52.2117288771339], [1.13858559657765, 52.2106558788841], [1.13696658894957, 52.2046525441228], [1.12950968311658, 52.203369526478], [1.13169362397546, 52.2073422151113], [1.12442017185821, 52.2060011247355], [1.12237285209944, 52.2089271961949], [1.1213901378683, 52.206616928091], [1.11952343313648, 52.2091726656057], [1.10938795279847, 52.2061682801], [1.11153937340653, 52.214685037744], [1.10374524596382, 52.2156867711801], [1.10157384155851, 52.2206390447505], [1.10756244660173, 52.2216011223235], [1.10150621184008, 52.2221902041827], [1.10194417488805, 52.2552976225784], [1.09038770437152, 52.253358687333], [1.08497686955854, 52.2570016546895], [1.09153846910204, 52.2602284602593], [1.07949054943158, 52.2624085593956], [1.08615901435978, 52.2716419752413], [1.08447394226409, 52.2861491086326], [1.09209409000386, 52.2955034636784], [1.0969899039058, 52.2958894152504], [1.10179831965816, 52.3091735536307], [1.10998724969166, 52.3086824287897]]]}, "properties": {"FID": 28550, "LSOA21CD": "E01030087", "LSOA21NM": "Mid Suffolk 007D", "LSOA21NMW": " ", "BNG_E": 612770, "BNG_N": 265195, "LAT": 52.24381, "LONG": 1.115178, "GlobalID": "3fad09a8-66f6-4b11-8f25-91506d64ed56", "LSOA name (2021)": "Mid Suffolk 007D", "Local Authority District code (2024)": "E07000203", "Local Authority District name (2024)": "Mid Suffolk", "Index of Multiple Deprivation (IMD) Rank": 17986, "Index of Multiple Deprivation (IMD) Decile": 6}}, {"type": "Feature", "id": 28551, "geometry": {"type": "Polygon", "coordinates": [[[1.18852337766969, 52.2943885088463], [1.18954524055075, 52.2855347188444], [1.18544409896753, 52.2856276756736], [1.18211262785041, 52.2800316802712], [1.17378553110892, 52.2836053465326], [1.16350194164767, 52.2804514432498], [1.1596546266209, 52.2846079562498], [1.16045529140317, 52.2781806158006], [1.15686637938874, 52.2765858208154], [1.14977751315794, 52.2804439401154], [1.15315178910586, 52.2747517587037], [1.16431272571357, 52.2723590792804], [1.16794820638484, 52.2600371392694], [1.17838124753028, 52.2605786285867], [1.17708302564339, 52.2526743632505], [1.15666612859967, 52.2497366888784], [1.15682046703015, 52.242615056936], [1.15207531111089, 52.2426787402022], [1.14035624186354, 52.2615778431586], [1.13442870264313, 52.2678251023105], [1.12321616781852, 52.2713135645046], [1.12362716006276, 52.277468772449], [1.11518024913901, 52.284563396701], [1.13140438062126, 52.2952162848892], [1.13422966931255, 52.2932137798652], [1.14296922874801, 52.2949554966742], [1.1523029124986, 52.3038254086471], [1.15961122488905, 52.3059139269604], [1.17018377063241, 52.3046011789048], [1.18852337766969, 52.2943885088463]]]}, "properties": {"FID": 28551, "LSOA21CD": "E01030088", "LSOA21NM": "Mid Suffolk 001D", "LSOA21NMW": " ", "BNG_E": 615153, "BNG_N": 267091, "LAT": 52.2599, "LONG": 1.151233, "GlobalID": "4381f898-2eea-44d0-866b-fa5da4fa4d50", "LSOA name (2021)": "Mid Suffolk 001D", "Local Authority District code (2024)": "E07000203", "Local Authority District name (2024)": "Mid Suffolk", "Index of Multiple Deprivation (IMD) Rank": 20626, "Index of Multiple Deprivation (IMD) Decile": 7}}, {"type": "Feature", "id": 28552, "geometry": {"type": "Polygon", "coordinates": [[[0.911549138426092, 52.2243341691396], [0.917042469703405, 52.2237121602374], [0.928277692044662, 52.220146030517], [0.926653698910504, 52.2131727637808], [0.918750835331919, 52.2058234289254], [0.912266042822817, 52.2039481854186], [0.89803156977256, 52.2067628997759], [0.884839138896757, 52.202827183817], [0.885300154261183, 52.2141918460019], [0.874685588989103, 52.2289551174615], [0.88004380538871, 52.2328666548441], [0.889197540890933, 52.2325739896929], [0.911549138426092, 52.2243341691396]]]}, "properties": {"FID": 28552, "LSOA21CD": "E01030089", "LSOA21NM": "Mid Suffolk 006E", "LSOA21NMW": " ", "BNG_E": 598498, "BNG_N": 261675, "LAT": 52.21753, "LONG": 0.904367, "GlobalID": "7db46661-53b9-462b-85c8-c4c48c84870b", "LSOA name (2021)": "Mid Suffolk 006E", "Local Authority District code (2024)": "E07000203", "Local Authority District name (2024)": "Mid Suffolk", "Index of Multiple Deprivation (IMD) Rank": 20094, "Index of Multiple Deprivation (IMD) Decile": 6}}, {"type": "Feature", "id": 28553, "geometry": {"type": "Polygon", "coordinates": [[[1.32759083452947, 52.2984790015088], [1.33040279109073, 52.2909660945407], [1.34126836268024, 52.2844484712634], [1.33686195295762, 52.276668206676], [1.33976730410703, 52.2659265234289], [1.32645338453195, 52.2646417842381], [1.31672367562997, 52.2586210589365], [1.3010178616626, 52.2590162435427], [1.29246429606128, 52.2548474118568], [1.29351581441198, 52.2476089729113], [1.28855194626784, 52.2419408288458], [1.27979606139263, 52.2383031899318], [1.24745159863704, 52.2288972342889], [1.24354500691111, 52.2176952552218], [1.24834715774353, 52.2158278134902], [1.24162125498105, 52.2121435571654], [1.24305222560185, 52.2003789982303], [1.2363622834878, 52.19778700958], [1.22128602961116, 52.2092965105867], [1.21820553488835, 52.2126632431167], [1.20791256803595, 52.213385835042], [1.22030092399614, 52.2267129472756], [1.21569010022915, 52.2322933776114], [1.20874945729453, 52.231376141471], [1.19622578246258, 52.2383042398958], [1.19374747907377, 52.2425389317806], [1.19912879633779, 52.2477285641579], [1.1888499866381, 52.2558702756178], [1.18699913063742, 52.2526215305277], [1.17708302564339, 52.2526743632505], [1.17838124753028, 52.2605786285867], [1.16794820638484, 52.2600371392694], [1.16431272571357, 52.2723590792804], [1.15315178910586, 52.2747517587037], [1.14977751315794, 52.2804439401154], [1.15686637938874, 52.2765858208154], [1.16045529140317, 52.2781806158006], [1.1596546266209, 52.2846079562498], [1.16350194164767, 52.2804514432498], [1.17378553110892, 52.2836053465326], [1.18211262785041, 52.2800316802712], [1.18544409896753, 52.2856276756736], [1.18954524055075, 52.2855347188444], [1.19984605163508, 52.2793532542385], [1.21047566203888, 52.2843477381331], [1.21985958066774, 52.2816231585461], [1.22264864270306, 52.2892360980611], [1.2314909636596, 52.2874616950304], [1.23469430515004, 52.2825379782756], [1.25057999956406, 52.2860957075437], [1.2505286926992, 52.2906514978014], [1.26383050749754, 52.2911292992298], [1.26882622471087, 52.2852834480836], [1.28555389105462, 52.286231808216], [1.29091790656599, 52.2821513265212], [1.30066006847143, 52.2816346526008], [1.29794247078192, 52.288094135716], [1.32006913769405, 52.2988737197562], [1.32759083452947, 52.2984790015088]]]}, "properties": {"FID": 28553, "LSOA21CD": "E01030090", "LSOA21NM": "Mid Suffolk 003C", "LSOA21NMW": " ", "BNG_E": 621476, "BNG_N": 265430, "LAT": 52.24249, "LONG": 1.242637, "GlobalID": "ac442858-46d0-4dbd-ab7b-7cfecf706c08", "LSOA name (2021)": "Mid Suffolk 003C", "Local Authority District code (2024)": "E07000203", "Local Authority District name (2024)": "Mid Suffolk", "Index of Multiple Deprivation (IMD) Rank": 17934, "Index of Multiple Deprivation (IMD) Decile": 6}}, {"type": "Feature", "id": 28554, "geometry": {"type": "Polygon", "coordinates": [[[0.708318232127779, 52.247464885211], [0.71198177354074, 52.2467458161529], [0.718566850340071, 52.2460920321828], [0.720370584221469, 52.2449859206142], [0.717875154932949, 52.2407328845779], [0.711636928816383, 52.2422252953479], [0.71239904815644, 52.2389680027267], [0.704355485804348, 52.2390097667044], [0.704604892252963, 52.2392172100496], [0.709223012145417, 52.2402857603614], [0.706805329407223, 52.2475974883295], [0.708318232127779, 52.247464885211]]]}, "properties": {"FID": 28554, "LSOA21CD": "E01030091", "LSOA21NM": "West Suffolk 011A", "LSOA21NMW": " ", "BNG_E": 585303, "BNG_N": 264011, "LAT": 52.2431, "LONG": 0.712728, "GlobalID": "8407e143-eca8-4118-8107-995127e1a459", "LSOA name (2021)": "West Suffolk 011A", "Local Authority District code (2024)": "E07000245", "Local Authority District name (2024)": "West Suffolk", "Index of Multiple Deprivation (IMD) Rank": 19113, "Index of Multiple Deprivation (IMD) Decile": 6}}, {"type": "Feature", "id": 28555, "geometry": {"type": "Polygon", "coordinates": [[[0.704604892252963, 52.2392172100496], [0.697343264350031, 52.240484067312], [0.696967470245198, 52.2436938090076], [0.703177790367943, 52.2442621329565], [0.70414330396414, 52.2475652696873], [0.706805329407223, 52.2475974883295], [0.709223012145417, 52.2402857603614], [0.704604892252963, 52.2392172100496]]]}, "properties": {"FID": 28555, "LSOA21CD": "E01030092", "LSOA21NM": "West Suffolk 014A", "LSOA21NMW": " ", "BNG_E": 584650, "BNG_N": 264096, "LAT": 52.24408, "LONG": 0.703222, "GlobalID": "9bfd15c8-02f7-46bc-8f79-467f5e858361", "LSOA name (2021)": "West Suffolk 014A", "Local Authority District code (2024)": "E07000245", "Local Authority District name (2024)": "West Suffolk", "Index of Multiple Deprivation (IMD) Rank": 14948, "Index of Multiple Deprivation (IMD) Decile": 5}}, {"type": "Feature", "id": 28556, "geometry": {"type": "Polygon", "coordinates": [[[0.72900049133304, 52.2366601907665], [0.719121975702911, 52.2359903975004], [0.71239904815644, 52.2389680027267], [0.711636928816383, 52.2422252953479], [0.717875154932949, 52.2407328845779], [0.720370584221469, 52.2449859206142], [0.72900049133304, 52.2366601907665]]]}, "properties": {"FID": 28556, "LSOA21CD": "E01030093", "LSOA21NM": "West Suffolk 011B", "LSOA21NMW": " ", "BNG_E": 585850, "BNG_N": 263677, "LAT": 52.23992, "LONG": 0.720547, "GlobalID": "79f91cbc-fa7b-42df-bed0-dfab158df89e", "LSOA name (2021)": "West Suffolk 011B", "Local Authority District code (2024)": "E07000245", "Local Authority District name (2024)": "West Suffolk", "Index of Multiple Deprivation (IMD) Rank": 23923, "Index of Multiple Deprivation (IMD) Decile": 8}}, {"type": "Feature", "id": 28557, "geometry": {"type": "Polygon", "coordinates": [[[0.856924806246671, 52.3970742557471], [0.853171292720348, 52.3850072630578], [0.84009803006863, 52.3699633303415], [0.83889081253409, 52.3599120870377], [0.847904391805023, 52.3586717701266], [0.846223357579566, 52.350539435115], [0.837275637417246, 52.3414588317968], [0.837820892719795, 52.3355162113068], [0.820000144324464, 52.3286321302895], [0.814178359697388, 52.3292111297289], [0.814671623579722, 52.3258544918237], [0.804285381632309, 52.3221125972468], [0.789213984341799, 52.329915617256], [0.792355353309025, 52.3332663440382], [0.780509231087769, 52.3386865269578], [0.792731189249016, 52.3408034589915], [0.794454173488448, 52.3439121886979], [0.782720453351617, 52.3415034853655], [0.742131527702394, 52.3475689939992], [0.738401754993436, 52.3485056905185], [0.719967645824245, 52.3490552455439], [0.694685334046571, 52.3559579454845], [0.674840086122086, 52.3569262878931], [0.675718007492435, 52.3612183966508], [0.691191019191826, 52.3699242696347], [0.712437670068244, 52.3946230223495], [0.73525960805573, 52.3953407933481], [0.741816387086428, 52.3926940630565], [0.740965942572631, 52.3881896405809], [0.749844366126512, 52.3829265059629], [0.765965895771315, 52.3903573812278], [0.773434738518112, 52.3863271777766], [0.785927662559748, 52.3864890158799], [0.796130538790365, 52.3912417553774], [0.808172093213654, 52.3895243355676], [0.838316131413552, 52.4007244740073], [0.855438765913692, 52.3994413077583], [0.856924806246671, 52.3970742557471]]]}, "properties": {"FID": 28557, "LSOA21CD": "E01030094", "LSOA21NM": "West Suffolk 006A", "LSOA21NMW": " ", "BNG_E": 588078, "BNG_N": 277458, "LAT": 52.36291, "LONG": 0.760826, "GlobalID": "1445dba3-8363-4e8a-9fac-86d9d6e220b3", "LSOA name (2021)": "West Suffolk 006A", "Local Authority District code (2024)": "E07000245", "Local Authority District name (2024)": "West Suffolk", "Index of Multiple Deprivation (IMD) Rank": 14912, "Index of Multiple Deprivation (IMD) Decile": 5}}, {"type": "Feature", "id": 28558, "geometry": {"type": "Polygon", "coordinates": [[[0.892949415362484, 52.3640872344722], [0.889353316451802, 52.3622132192311], [0.87806068152501, 52.3641395994035], [0.870039220397704, 52.3549342013852], [0.865862899950584, 52.359949472013], [0.857670953177763, 52.3588462930779], [0.859899353829417, 52.3517035291622], [0.862620473146843, 52.3405857413875], [0.858610994777173, 52.3384676614949], [0.867722056086972, 52.3180400781172], [0.858729980693355, 52.3104306424301], [0.839650765841824, 52.3121161578236], [0.826243334311438, 52.3182475034266], [0.839041938572249, 52.3226461262739], [0.834378174331005, 52.3227851567479], [0.830657490559026, 52.3275376552735], [0.839167159156225, 52.3282826817712], [0.837820892719795, 52.3355162113068], [0.837275637417246, 52.3414588317968], [0.846223357579566, 52.350539435115], [0.847904391805023, 52.3586717701266], [0.83889081253409, 52.3599120870377], [0.84009803006863, 52.3699633303415], [0.853171292720348, 52.3850072630578], [0.876059114895236, 52.3770341127557], [0.905263056790485, 52.3737861680015], [0.907302373642041, 52.3711412733964], [0.892949415362484, 52.3640872344722]]]}, "properties": {"FID": 28558, "LSOA21CD": "E01030095", "LSOA21NM": "West Suffolk 005A", "LSOA21NMW": " ", "BNG_E": 595379, "BNG_N": 278376, "LAT": 52.3686, "LONG": 0.868445, "GlobalID": "7dc40711-b2ee-4f99-8aa2-073e2e942ac4", "LSOA name (2021)": "West Suffolk 005A", "Local Authority District code (2024)": "E07000245", "Local Authority District name (2024)": "West Suffolk", "Index of Multiple Deprivation (IMD) Rank": 19944, "Index of Multiple Deprivation (IMD) Decile": 6}}, {"type": "Feature", "id": 28559, "geometry": {"type": "Polygon", "coordinates": [[[0.96747125325682, 52.3701128408636], [0.967253172645324, 52.3657349704704], [0.953171308338994, 52.3560612772799], [0.957984280283451, 52.3507822349453], [0.957339066083917, 52.3403722634852], [0.95323058493613, 52.3368606967689], [0.93269764060095, 52.335729986613], [0.925693033455849, 52.3273353452537], [0.925940325699264, 52.3192790808884], [0.90412214802204, 52.3255497119687], [0.898553580778014, 52.3354271154715], [0.859899353829417, 52.3517035291622], [0.857670953177763, 52.3588462930779], [0.865862899950584, 52.359949472013], [0.870039220397704, 52.3549342013852], [0.87806068152501, 52.3641395994035], [0.889353316451802, 52.3622132192311], [0.892949415362484, 52.3640872344722], [0.889636822641326, 52.3572954312744], [0.89446555117073, 52.3537351832994], [0.889421840799181, 52.3530201909499], [0.887568460028489, 52.345980895804], [0.895846080475623, 52.3460072567113], [0.905012562111205, 52.3544137484502], [0.922544593408974, 52.3501889873922], [0.92804515772975, 52.3513809628978], [0.940245595569175, 52.3679626095965], [0.93962784983213, 52.3741905716022], [0.945188779249379, 52.3778208722694], [0.96747125325682, 52.3701128408636]]]}, "properties": {"FID": 28559, "LSOA21CD": "E01030096", "LSOA21NM": "West Suffolk 005B", "LSOA21NMW": " ", "BNG_E": 599636, "BNG_N": 276326, "LAT": 52.34867, "LONG": 0.929669, "GlobalID": "958c24b3-1c03-4bcc-a4e2-aa1f5a6a0e08", "LSOA name (2021)": "West Suffolk 005B", "Local Authority District code (2024)": "E07000245", "Local Authority District name (2024)": "West Suffolk", "Index of Multiple Deprivation (IMD) Rank": 16468, "Index of Multiple Deprivation (IMD) Decile": 5}}, {"type": "Feature", "id": 28560, "geometry": {"type": "Polygon", "coordinates": [[[0.85696429762761, 52.3967407744121], [0.865583795686938, 52.3905424445825], [0.891125534158717, 52.3907989841649], [0.904927753203991, 52.3857831692425], [0.922887316256126, 52.3900388302285], [0.930231758065135, 52.3888381539721], [0.94091261177255, 52.3818504021997], [0.945188779249379, 52.3778208722694], [0.93962784983213, 52.3741905716022], [0.940245595569175, 52.3679626095965], [0.92804515772975, 52.3513809628978], [0.922544593408974, 52.3501889873922], [0.905012562111205, 52.3544137484502], [0.895846080475623, 52.3460072567113], [0.887568460028489, 52.345980895804], [0.889421840799181, 52.3530201909499], [0.89446555117073, 52.3537351832994], [0.889636822641326, 52.3572954312744], [0.892949415362484, 52.3640872344722], [0.907302373642041, 52.3711412733964], [0.905263056790485, 52.3737861680015], [0.876059114895236, 52.3770341127557], [0.853171292720348, 52.3850072630578], [0.856924806246671, 52.3970742557471], [0.85696429762761, 52.3967407744121]]]}, "properties": {"FID": 28560, "LSOA21CD": "E01030097", "LSOA21NM": "West Suffolk 005C", "LSOA21NMW": " ", "BNG_E": 599099, "BNG_N": 278694, "LAT": 52.37012, "LONG": 0.923199, "GlobalID": "4f679210-b757-4b51-b620-a7765835ed16", "LSOA name (2021)": "West Suffolk 005C", "Local Authority District code (2024)": "E07000245", "Local Authority District name (2024)": "West Suffolk", "Index of Multiple Deprivation (IMD) Rank": 14883, "Index of Multiple Deprivation (IMD) Decile": 5}}, {"type": "Feature", "id": 28561, "geometry": {"type": "Polygon", "coordinates": [[[0.595081310531338, 52.2646523017342], [0.664781342828945, 52.2574257549627], [0.685251874491928, 52.2573413620747], [0.682737510772929, 52.2539674973718], [0.682142193442595, 52.2531840108838], [0.678147297584273, 52.2447045972142], [0.660988336440651, 52.2395422019788], [0.651810798015632, 52.2414733413728], [0.651959712937657, 52.2366282179144], [0.64303948093047, 52.2286925849826], [0.607378159616895, 52.2200100326129], [0.586573156067529, 52.2233966911176], [0.580098027548168, 52.2160503813866], [0.57378922817322, 52.2192208934422], [0.565940954276653, 52.2175310143912], [0.555101968549004, 52.2240498559157], [0.55821438414307, 52.2284238894244], [0.554077431109618, 52.2315992702211], [0.559971798925237, 52.2343593138129], [0.556903519090238, 52.2439170715876], [0.566688741479343, 52.2476059635831], [0.560742889031823, 52.2546890911247], [0.562937044803671, 52.2658390174788], [0.595081310531338, 52.2646523017342]]]}, "properties": {"FID": 28561, "LSOA21CD": "E01030098", "LSOA21NM": "West Suffolk 010A", "LSOA21NMW": " ", "BNG_E": 577971, "BNG_N": 263428, "LAT": 52.24028, "LONG": 0.605153, "GlobalID": "eb6d0635-8ead-4ecd-9b1a-fa0001a8ab11", "LSOA name (2021)": "West Suffolk 010A", "Local Authority District code (2024)": "E07000245", "Local Authority District name (2024)": "West Suffolk", "Index of Multiple Deprivation (IMD) Rank": 22003, "Index of Multiple Deprivation (IMD) Decile": 7}}, {"type": "Feature", "id": 28562, "geometry": {"type": "Polygon", "coordinates": [[[0.68618235509216, 52.1593105693845], [0.682043443501199, 52.1559977198386], [0.674253625930874, 52.1567314407974], [0.675540097196735, 52.1592602864004], [0.663710636245778, 52.1563321998296], [0.663418592959052, 52.1607008443998], [0.645374022874778, 52.1601772772009], [0.646375337337136, 52.1569455838103], [0.641387196601998, 52.1562844816089], [0.637541370578979, 52.1502329097066], [0.640261442968506, 52.1458184812534], [0.633373935233777, 52.1424903768112], [0.6372075660054, 52.133392771797], [0.62691612785677, 52.131000597692], [0.633352530263452, 52.1277129878523], [0.628612892850917, 52.1246226819034], [0.635828171370696, 52.1229599192779], [0.63267652554517, 52.1152358525454], [0.637286774385985, 52.1146618591203], [0.653653876986437, 52.096587197509], [0.656900865008055, 52.0854416627125], [0.651877554485967, 52.0831501963897], [0.634573700458493, 52.0862829766399], [0.631776512055697, 52.0818640283823], [0.619348509063888, 52.0765701178284], [0.605488643963712, 52.0802279076956], [0.593898299356774, 52.087629435581], [0.596450084752697, 52.0952138110905], [0.602348839094608, 52.0979425502782], [0.589995781884626, 52.0958586595191], [0.590820409908019, 52.0894975446221], [0.585572420961181, 52.0896235088342], [0.58595778575042, 52.0854673005841], [0.572423768009428, 52.0910018660682], [0.573732156419773, 52.0954707223479], [0.566366106537394, 52.1045773222302], [0.572142814818998, 52.1046074241861], [0.572377542865391, 52.1085156327421], [0.569964871901301, 52.1172916974587], [0.56386495353581, 52.1187342965031], [0.566705400146988, 52.1279054637988], [0.555558591736389, 52.1339483900356], [0.560888329566385, 52.1357288543173], [0.560479129034974, 52.1525109459696], [0.572952001671639, 52.1589261537936], [0.582346698443051, 52.1491466287628], [0.597711634285108, 52.1463573256766], [0.593906646257177, 52.1528396764243], [0.60062836677441, 52.1555505339255], [0.601026163229458, 52.1587717914458], [0.596487361447941, 52.1595268082668], [0.601426283158024, 52.1639359748945], [0.612240533365594, 52.1673116512959], [0.613803069616898, 52.1640601167572], [0.619942012937476, 52.1615585238328], [0.621089100514477, 52.1635319714786], [0.632652907441131, 52.160058097757], [0.640065808127095, 52.1661467635002], [0.639557058314382, 52.1711117288298], [0.655695795292675, 52.1811607278896], [0.656469416282748, 52.1786009911947], [0.665641637592488, 52.1789580592858], [0.663393627568723, 52.181585889779], [0.671044740488939, 52.1824148348251], [0.678646611235304, 52.178360411168], [0.679639416754822, 52.1698551002318], [0.686124535912606, 52.1673768117033], [0.68618235509216, 52.1593105693845]]]}, "properties": {"FID": 28562, "LSOA21CD": "E01030099", "LSOA21NM": "West Suffolk 017A", "LSOA21NMW": " ", "BNG_E": 579419, "BNG_N": 250164, "LAT": 52.12069, "LONG": 0.619325, "GlobalID": "cf8bb6f4-6aeb-4568-956a-21a4f6228742", "LSOA name (2021)": "West Suffolk 017A", "Local Authority District code (2024)": "E07000245", "Local Authority District name (2024)": "West Suffolk", "Index of Multiple Deprivation (IMD) Rank": 20348, "Index of Multiple Deprivation (IMD) Decile": 7}}, {"type": "Feature", "id": 28563, "geometry": {"type": "Polygon", "coordinates": [[[0.734899707325967, 52.1865779914114], [0.730424220214669, 52.1786659776209], [0.715966515472843, 52.1776890987876], [0.703354119826715, 52.1810764879115], [0.694441915998591, 52.180209863754], [0.69732861723624, 52.1701230311584], [0.690871861154881, 52.1663416809722], [0.691948336605024, 52.1578175884525], [0.68618235509216, 52.1593105693845], [0.686124535912606, 52.1673768117033], [0.679639416754822, 52.1698551002318], [0.678646611235304, 52.178360411168], [0.671044740488939, 52.1824148348251], [0.663393627568723, 52.181585889779], [0.665641637592488, 52.1789580592858], [0.656469416282748, 52.1786009911947], [0.655695795292675, 52.1811607278896], [0.639557058314382, 52.1711117288298], [0.640065808127095, 52.1661467635002], [0.632652907441131, 52.160058097757], [0.621089100514477, 52.1635319714786], [0.612659892770061, 52.1716733815068], [0.624389434582248, 52.184228533286], [0.608985825593154, 52.190365176067], [0.597866833841222, 52.1908400877446], [0.598119564731683, 52.2071806194356], [0.602569909311166, 52.2078161773696], [0.60282830868119, 52.2124232563761], [0.606829906907535, 52.2119634970748], [0.607378159616895, 52.2200100326129], [0.64303948093047, 52.2286925849826], [0.636918503897068, 52.2100611652064], [0.643887313830332, 52.2062278401075], [0.674048677860918, 52.2040375163177], [0.681655985177607, 52.2055153116338], [0.684940469379117, 52.2132194807093], [0.703282954532882, 52.2161999159733], [0.713241482298558, 52.2132894599043], [0.717736509170549, 52.2172261136564], [0.71377583053061, 52.2107393531604], [0.721995988619825, 52.2084749766011], [0.720558679792632, 52.204384375762], [0.724113830398392, 52.2078442806201], [0.726186905239437, 52.2049591942469], [0.736634467698412, 52.2074370657968], [0.7273721647302, 52.2036693751628], [0.729725552212481, 52.199589798021], [0.72499892644108, 52.1970134670763], [0.737122063677955, 52.1913552375563], [0.734899707325967, 52.1865779914114]]]}, "properties": {"FID": 28563, "LSOA21CD": "E01030100", "LSOA21NM": "West Suffolk 010B", "LSOA21NMW": " ", "BNG_E": 582484, "BNG_N": 258340, "LAT": 52.19311, "LONG": 0.668432, "GlobalID": "3ead8fe3-c4e1-48bb-a666-89e9b8b57bec", "LSOA name (2021)": "West Suffolk 010B", "Local Authority District code (2024)": "E07000245", "Local Authority District name (2024)": "West Suffolk", "Index of Multiple Deprivation (IMD) Rank": 19212, "Index of Multiple Deprivation (IMD) Decile": 6}}, {"type": "Feature", "id": 28564, "geometry": {"type": "Polygon", "coordinates": [[[0.605488643963712, 52.0802279076956], [0.599969021896464, 52.0756077530885], [0.584959956207199, 52.0741393572904], [0.582118636864544, 52.0758430061375], [0.57177691613528, 52.0690857273984], [0.563092995149298, 52.0708281793879], [0.561701516467128, 52.073105963112], [0.547786784764961, 52.0720252733359], [0.551613966182249, 52.0774852615647], [0.54908692234842, 52.089772086345], [0.541020742869136, 52.0892261170865], [0.540753888193578, 52.0917255573752], [0.547569354584511, 52.0963851215966], [0.555051879413321, 52.1042692715737], [0.566366106537394, 52.1045773222302], [0.573732156419773, 52.0954707223479], [0.572423768009428, 52.0910018660682], [0.58595778575042, 52.0854673005841], [0.585572420961181, 52.0896235088342], [0.590820409908019, 52.0894975446221], [0.589995781884626, 52.0958586595191], [0.602348839094608, 52.0979425502782], [0.596450084752697, 52.0952138110905], [0.593898299356774, 52.087629435581], [0.605488643963712, 52.0802279076956]]]}, "properties": {"FID": 28564, "LSOA21CD": "E01030101", "LSOA21NM": "West Suffolk 017B", "LSOA21NMW": " ", "BNG_E": 576393, "BNG_N": 245532, "LAT": 52.08006, "LONG": 0.572779, "GlobalID": "5ee958a6-0acb-49de-b5cd-1c2db1fe538e", "LSOA name (2021)": "West Suffolk 017B", "Local Authority District code (2024)": "E07000245", "Local Authority District name (2024)": "West Suffolk", "Index of Multiple Deprivation (IMD) Rank": 20039, "Index of Multiple Deprivation (IMD) Decile": 6}}, {"type": "Feature", "id": 28565, "geometry": {"type": "Polygon", "coordinates": [[[0.801603683010879, 52.2659094174], [0.800023998588722, 52.2511324605815], [0.796834743355243, 52.2467313404664], [0.790573607088061, 52.2496849141058], [0.780349979674035, 52.2478560754973], [0.75872809662776, 52.2496612947859], [0.758897713988232, 52.2517890257285], [0.743812612970422, 52.2522944719919], [0.740255305655082, 52.2525117590825], [0.725152391130331, 52.2621720903216], [0.739594103705115, 52.2635517650521], [0.750431272105983, 52.2745658096435], [0.748382257091622, 52.2771234629823], [0.752000503974323, 52.2763936081385], [0.753948175030091, 52.2793125405663], [0.758620808112966, 52.287572913485], [0.779532836150989, 52.2945415655957], [0.786785798898011, 52.2841045892385], [0.78631548032153, 52.2736895292944], [0.802933717625165, 52.2706391530547], [0.797722946129302, 52.2685974071457], [0.801603683010879, 52.2659094174]]]}, "properties": {"FID": 28565, "LSOA21CD": "E01030104", "LSOA21NM": "West Suffolk 016A", "LSOA21NMW": " ", "BNG_E": 588708, "BNG_N": 267102, "LAT": 52.2697, "LONG": 0.764265, "GlobalID": "bec681f0-c130-43de-833c-84c75ebe7eaf", "LSOA name (2021)": "West Suffolk 016A", "Local Authority District code (2024)": "E07000245", "Local Authority District name (2024)": "West Suffolk", "Index of Multiple Deprivation (IMD) Rank": 28667, "Index of Multiple Deprivation (IMD) Decile": 9}}, {"type": "Feature", "id": 28566, "geometry": {"type": "Polygon", "coordinates": [[[0.447801964005988, 52.0767812025967], [0.441784813119718, 52.081866147446], [0.449281642173624, 52.0852033048755], [0.452661265766035, 52.0839430919454], [0.447801964005988, 52.0767812025967]]]}, "properties": {"FID": 28566, "LSOA21CD": "E01030105", "LSOA21NM": "West Suffolk 020A", "LSOA21NMW": " ", "BNG_E": 567768, "BNG_N": 245374, "LAT": 52.08131, "LONG": 0.446961, "GlobalID": "e9f674ff-5a41-41df-98c1-a2da01b06924", "LSOA name (2021)": "West Suffolk 020A", "Local Authority District code (2024)": "E07000245", "Local Authority District name (2024)": "West Suffolk", "Index of Multiple Deprivation (IMD) Rank": 16141, "Index of Multiple Deprivation (IMD) Decile": 5}}, {"type": "Feature", "id": 28567, "geometry": {"type": "Polygon", "coordinates": [[[0.45203149733794, 52.0855988647208], [0.459218267799048, 52.0838213408087], [0.455863211769536, 52.0810162533722], [0.458479096702289, 52.0761222770971], [0.461823388230479, 52.0723350655886], [0.453829323174958, 52.0711413371743], [0.453622270476819, 52.0681472971121], [0.443951885712483, 52.068518533003], [0.446098242374318, 52.0721172526985], [0.447801964005988, 52.0767812025967], [0.452661265766035, 52.0839430919454], [0.449281642173624, 52.0852033048755], [0.445508832954805, 52.0875213737183], [0.450912280739835, 52.0877037729021], [0.45203149733794, 52.0855988647208]]]}, "properties": {"FID": 28567, "LSOA21CD": "E01030106", "LSOA21NM": "West Suffolk 020B", "LSOA21NMW": " ", "BNG_E": 568215, "BNG_N": 244869, "LAT": 52.07664, "LONG": 0.453229, "GlobalID": "facd4827-5a2d-4d24-b6f5-825976a922ec", "LSOA name (2021)": "West Suffolk 020B", "Local Authority District code (2024)": "E07000245", "Local Authority District name (2024)": "West Suffolk", "Index of Multiple Deprivation (IMD) Rank": 13791, "Index of Multiple Deprivation (IMD) Decile": 5}}, {"type": "Feature", "id": 28568, "geometry": {"type": "Polygon", "coordinates": [[[0.466666318196703, 52.0784560620545], [0.458479096702289, 52.0761222770971], [0.455863211769536, 52.0810162533722], [0.459218267799048, 52.0838213408087], [0.466666318196703, 52.0784560620545]]]}, "properties": {"FID": 28568, "LSOA21CD": "E01030107", "LSOA21NM": "West Suffolk 020C", "LSOA21NMW": " ", "BNG_E": 568754, "BNG_N": 245232, "LAT": 52.07974, "LONG": 0.461266, "GlobalID": "b9860f03-4cfa-4122-bfff-51f4f30c2956", "LSOA name (2021)": "West Suffolk 020C", "Local Authority District code (2024)": "E07000245", "Local Authority District name (2024)": "West Suffolk", "Index of Multiple Deprivation (IMD) Rank": 29311, "Index of Multiple Deprivation (IMD) Decile": 9}}, {"type": "Feature", "id": 28569, "geometry": {"type": "Polygon", "coordinates": [[[0.450912280739835, 52.0877037729021], [0.445508832954805, 52.0875213737183], [0.449281642173624, 52.0852033048755], [0.441784813119718, 52.081866147446], [0.439126019724329, 52.0839499239872], [0.445368791811278, 52.0911670046894], [0.450965881372387, 52.090394707588], [0.450912280739835, 52.0877037729021]]]}, "properties": {"FID": 28569, "LSOA21CD": "E01030108", "LSOA21NM": "West Suffolk 020D", "LSOA21NMW": " ", "BNG_E": 567567, "BNG_N": 245994, "LAT": 52.08694, "LONG": 0.444335, "GlobalID": "600059c4-6779-46ec-ad02-be296eec7579", "LSOA name (2021)": "West Suffolk 020D", "Local Authority District code (2024)": "E07000245", "Local Authority District name (2024)": "West Suffolk", "Index of Multiple Deprivation (IMD) Rank": 9782, "Index of Multiple Deprivation (IMD) Decile": 3}}, {"type": "Feature", "id": 28570, "geometry": {"type": "Polygon", "coordinates": [[[0.433770762431834, 52.0823557240266], [0.431417679144421, 52.0820579464008], [0.417861541013631, 52.0802067931564], [0.420920680162505, 52.0847320631737], [0.423565087960925, 52.086379670514], [0.433770762431834, 52.0823557240266]]]}, "properties": {"FID": 28570, "LSOA21CD": "E01030109", "LSOA21NM": "West Suffolk 019A", "LSOA21NMW": " ", "BNG_E": 566224, "BNG_N": 245534, "LAT": 52.08322, "LONG": 0.424528, "GlobalID": "3af891e2-4c0b-489d-b4dc-3945a67da5b2", "LSOA name (2021)": "West Suffolk 019A", "Local Authority District code (2024)": "E07000245", "Local Authority District name (2024)": "West Suffolk", "Index of Multiple Deprivation (IMD) Rank": 7709, "Index of Multiple Deprivation (IMD) Decile": 3}}, {"type": "Feature", "id": 28571, "geometry": {"type": "MultiPolygon", "coordinates": [[[[0.427662554855234, 52.0899788225919], [0.428992618929948, 52.0894756209639], [0.435908608877438, 52.0849089277297], [0.434496536458914, 52.0824480027605], [0.433770762431834, 52.0823557240266], [0.423565087960925, 52.086379670514], [0.427662554855234, 52.0899788225919]]], [[[0.427662554855234, 52.0899788225919], [0.426020795107758, 52.0905802330143], [0.423085288278172, 52.0928730059231], [0.420653654201598, 52.0929767118901], [0.432249880035271, 52.0989558613664], [0.437923834168155, 52.0949937285482], [0.435383899974951, 52.0962462381125], [0.427662554855234, 52.0899788225919]]]]}, "properties": {"FID": 28571, "LSOA21CD": "E01030110", "LSOA21NM": "West Suffolk 019B", "LSOA21NMW": " ", "BNG_E": 566420, "BNG_N": 246798, "LAT": 52.09451, "LONG": 0.428002, "GlobalID": "34483e33-5c5e-4158-a2a2-9f1c45fcf3fd", "LSOA name (2021)": "West Suffolk 019B", "Local Authority District code (2024)": "E07000245", "Local Authority District name (2024)": "West Suffolk", "Index of Multiple Deprivation (IMD) Rank": 14289, "Index of Multiple Deprivation (IMD) Decile": 5}}, {"type": "Feature", "id": 28572, "geometry": {"type": "Polygon", "coordinates": [[[0.437923834168155, 52.0949937285482], [0.44075232823617, 52.0939623285075], [0.442293298635716, 52.091551449958], [0.437717934369556, 52.0928647490165], [0.434948374648178, 52.0871615571732], [0.428992618929948, 52.0894756209639], [0.427662554855234, 52.0899788225919], [0.435383899974951, 52.0962462381125], [0.437923834168155, 52.0949937285482]]]}, "properties": {"FID": 28572, "LSOA21CD": "E01030111", "LSOA21NM": "West Suffolk 019C", "LSOA21NMW": " ", "BNG_E": 566912, "BNG_N": 246498, "LAT": 52.09167, "LONG": 0.43503, "GlobalID": "cd18c0cc-de44-4acf-9e20-73c9fc254efe", "LSOA name (2021)": "West Suffolk 019C", "Local Authority District code (2024)": "E07000245", "Local Authority District name (2024)": "West Suffolk", "Index of Multiple Deprivation (IMD) Rank": 30341, "Index of Multiple Deprivation (IMD) Decile": 9}}, {"type": "Feature", "id": 28573, "geometry": {"type": "Polygon", "coordinates": [[[0.445368791811278, 52.0911670046894], [0.439126019724329, 52.0839499239872], [0.434496536458914, 52.0824480027605], [0.435908608877438, 52.0849089277297], [0.428992618929948, 52.0894756209639], [0.434948374648178, 52.0871615571732], [0.437717934369556, 52.0928647490165], [0.442293298635716, 52.091551449958], [0.44075232823617, 52.0939623285075], [0.448922048809968, 52.0934419486404], [0.445368791811278, 52.0911670046894]]]}, "properties": {"FID": 28573, "LSOA21CD": "E01030112", "LSOA21NM": "West Suffolk 019D", "LSOA21NMW": " ", "BNG_E": 567175, "BNG_N": 246160, "LAT": 52.08855, "LONG": 0.4387, "GlobalID": "74bb6803-a39c-47ac-b40d-a7e04e7bc858", "LSOA name (2021)": "West Suffolk 019D", "Local Authority District code (2024)": "E07000245", "Local Authority District name (2024)": "West Suffolk", "Index of Multiple Deprivation (IMD) Rank": 16192, "Index of Multiple Deprivation (IMD) Decile": 5}}, {"type": "Feature", "id": 28574, "geometry": {"type": "Polygon", "coordinates": [[[0.441784813119718, 52.081866147446], [0.447801964005988, 52.0767812025967], [0.446098242374318, 52.0721172526985], [0.441234033526623, 52.0718081642077], [0.437875720518025, 52.0721869798478], [0.428390668327739, 52.0791462698415], [0.431417679144421, 52.0820579464008], [0.433770762431834, 52.0823557240266], [0.434496536458914, 52.0824480027605], [0.439126019724329, 52.0839499239872], [0.441784813119718, 52.081866147446]]]}, "properties": {"FID": 28574, "LSOA21CD": "E01030113", "LSOA21NM": "West Suffolk 020E", "LSOA21NMW": " ", "BNG_E": 567227, "BNG_N": 245001, "LAT": 52.07813, "LONG": 0.438891, "GlobalID": "57edd987-5899-4007-acc0-6c1d83a086e9", "LSOA name (2021)": "West Suffolk 020E", "Local Authority District code (2024)": "E07000245", "Local Authority District name (2024)": "West Suffolk", "Index of Multiple Deprivation (IMD) Rank": 17244, "Index of Multiple Deprivation (IMD) Decile": 6}}, {"type": "Feature", "id": 28575, "geometry": {"type": "Polygon", "coordinates": [[[0.437875720518025, 52.0721869798478], [0.428885106776293, 52.0683204181229], [0.422479395106907, 52.073168761087], [0.425619225484944, 52.0769494093215], [0.422340765159768, 52.0778470452994], [0.428390668327739, 52.0791462698415], [0.437875720518025, 52.0721869798478]]]}, "properties": {"FID": 28575, "LSOA21CD": "E01030114", "LSOA21NM": "West Suffolk 020F", "LSOA21NMW": " ", "BNG_E": 566637, "BNG_N": 244435, "LAT": 52.07322, "LONG": 0.430013, "GlobalID": "9c063eed-4519-4b38-8f64-34b5a32808c8", "LSOA name (2021)": "West Suffolk 020F", "Local Authority District code (2024)": "E07000245", "Local Authority District name (2024)": "West Suffolk", "Index of Multiple Deprivation (IMD) Rank": 7139, "Index of Multiple Deprivation (IMD) Decile": 3}}, {"type": "Feature", "id": 28576, "geometry": {"type": "Polygon", "coordinates": [[[0.428390668327739, 52.0791462698415], [0.422340765159768, 52.0778470452994], [0.425619225484944, 52.0769494093215], [0.422479395106907, 52.073168761087], [0.428885106776293, 52.0683204181229], [0.418785495413169, 52.0649054807788], [0.404638608115575, 52.0655023832833], [0.407103067820535, 52.070766765087], [0.401921189357713, 52.0725127036022], [0.417861541013631, 52.0802067931564], [0.431417679144421, 52.0820579464008], [0.428390668327739, 52.0791462698415]]]}, "properties": {"FID": 28576, "LSOA21CD": "E01030115", "LSOA21NM": "West Suffolk 021A", "LSOA21NMW": " ", "BNG_E": 565729, "BNG_N": 244326, "LAT": 52.07251, "LONG": 0.416724, "GlobalID": "57698021-21f4-432b-b950-eead5af30597", "LSOA name (2021)": "West Suffolk 021A", "Local Authority District code (2024)": "E07000245", "Local Authority District name (2024)": "West Suffolk", "Index of Multiple Deprivation (IMD) Rank": 10631, "Index of Multiple Deprivation (IMD) Decile": 4}}, {"type": "Feature", "id": 28577, "geometry": {"type": "Polygon", "coordinates": [[[0.414157403221046, 52.0879522304469], [0.411717354239548, 52.0854066630666], [0.420920680162505, 52.0847320631737], [0.417861541013631, 52.0802067931564], [0.401921189357713, 52.0725127036022], [0.399492158043487, 52.0841610614675], [0.402695359428052, 52.0844586662339], [0.401878140516629, 52.0891431751959], [0.410306380224208, 52.0924163607776], [0.409642825127164, 52.0881585007813], [0.414157403221046, 52.0879522304469]]]}, "properties": {"FID": 28577, "LSOA21CD": "E01030116", "LSOA21NM": "West Suffolk 021B", "LSOA21NMW": " ", "BNG_E": 565249, "BNG_N": 245426, "LAT": 52.08254, "LONG": 0.41026, "GlobalID": "031a7fe3-11a5-49d5-897e-ae74653067fe", "LSOA name (2021)": "West Suffolk 021B", "Local Authority District code (2024)": "E07000245", "Local Authority District name (2024)": "West Suffolk", "Index of Multiple Deprivation (IMD) Rank": 29997, "Index of Multiple Deprivation (IMD) Decile": 9}}, {"type": "Feature", "id": 28578, "geometry": {"type": "Polygon", "coordinates": [[[0.426020795107758, 52.0905802330143], [0.422754340250465, 52.0925421692623], [0.42260735435663, 52.0921044186389], [0.421223742363883, 52.0879832562548], [0.414157403221046, 52.0879522304469], [0.409642825127164, 52.0881585007813], [0.410306380224208, 52.0924163607776], [0.420653654201598, 52.0929767118901], [0.423085288278172, 52.0928730059231], [0.426020795107758, 52.0905802330143]]]}, "properties": {"FID": 28578, "LSOA21CD": "E01030117", "LSOA21NM": "West Suffolk 021C", "LSOA21NMW": " ", "BNG_E": 565635, "BNG_N": 246301, "LAT": 52.09028, "LONG": 0.416312, "GlobalID": "5b1c4504-4582-4ff8-86fe-8a6fb3c83105", "LSOA name (2021)": "West Suffolk 021C", "Local Authority District code (2024)": "E07000245", "Local Authority District name (2024)": "West Suffolk", "Index of Multiple Deprivation (IMD) Rank": 24744, "Index of Multiple Deprivation (IMD) Decile": 8}}, {"type": "Feature", "id": 28579, "geometry": {"type": "Polygon", "coordinates": [[[0.423565087960925, 52.086379670514], [0.420920680162505, 52.0847320631737], [0.411717354239548, 52.0854066630666], [0.414157403221046, 52.0879522304469], [0.421223742363883, 52.0879832562548], [0.42260735435663, 52.0921044186389], [0.422754340250465, 52.0925421692623], [0.426020795107758, 52.0905802330143], [0.427662554855234, 52.0899788225919], [0.423565087960925, 52.086379670514]]]}, "properties": {"FID": 28579, "LSOA21CD": "E01030118", "LSOA21NM": "West Suffolk 021D", "LSOA21NMW": " ", "BNG_E": 565852, "BNG_N": 245936, "LAT": 52.08694, "LONG": 0.419299, "GlobalID": "04cf4d6e-32d4-48ea-a6cb-6dc67092ede8", "LSOA name (2021)": "West Suffolk 021D", "Local Authority District code (2024)": "E07000245", "Local Authority District name (2024)": "West Suffolk", "Index of Multiple Deprivation (IMD) Rank": 14375, "Index of Multiple Deprivation (IMD) Decile": 5}}, {"type": "Feature", "id": 28580, "geometry": {"type": "Polygon", "coordinates": [[[0.682216155532808, 52.2425294926986], [0.687473352230652, 52.2325248860913], [0.697622455070972, 52.2308486460704], [0.700607301279504, 52.2308148526516], [0.705127186589505, 52.2223932949874], [0.722250561531025, 52.2269243002085], [0.724675986442056, 52.2274076924289], [0.736416737283344, 52.2304566284858], [0.740347452716622, 52.227652247768], [0.742635395853843, 52.2182041650842], [0.749984225516429, 52.2123737452216], [0.775819655253661, 52.2108126557238], [0.77173479575147, 52.2001037094948], [0.776005604214033, 52.1969339724009], [0.772055314868541, 52.1956290488402], [0.774772448345559, 52.1925984476209], [0.771100147970864, 52.1882583235018], [0.764815190084037, 52.1877320528335], [0.764115267201478, 52.1913264085039], [0.757748148792871, 52.1889345976735], [0.762543039039084, 52.1866199653606], [0.758448695667136, 52.1832183366043], [0.7493712957677, 52.1824896562756], [0.74684716235384, 52.1874218038128], [0.740136334030484, 52.1889636858302], [0.737647398370193, 52.1850996861643], [0.734899707325967, 52.1865779914114], [0.737122063677955, 52.1913552375563], [0.72499892644108, 52.1970134670763], [0.729725552212481, 52.199589798021], [0.7273721647302, 52.2036693751628], [0.736634467698412, 52.2074370657968], [0.726186905239437, 52.2049591942469], [0.724113830398392, 52.2078442806201], [0.720558679792632, 52.204384375762], [0.721995988619825, 52.2084749766011], [0.71377583053061, 52.2107393531604], [0.717736509170549, 52.2172261136564], [0.713241482298558, 52.2132894599043], [0.703282954532882, 52.2161999159733], [0.684940469379117, 52.2132194807093], [0.681655985177607, 52.2055153116338], [0.674048677860918, 52.2040375163177], [0.643887313830332, 52.2062278401075], [0.636918503897068, 52.2100611652064], [0.64303948093047, 52.2286925849826], [0.651959712937657, 52.2366282179144], [0.651810798015632, 52.2414733413728], [0.660988336440651, 52.2395422019788], [0.678147297584273, 52.2447045972142], [0.682216155532808, 52.2425294926986]]]}, "properties": {"FID": 28580, "LSOA21CD": "E01030119", "LSOA21NM": "West Suffolk 010C", "LSOA21NMW": " ", "BNG_E": 582143, "BNG_N": 260722, "LAT": 52.21462, "LONG": 0.664729, "GlobalID": "523a0bd0-07c9-4b8c-ab65-7ee42c08f2de", "LSOA name (2021)": "West Suffolk 010C", "Local Authority District code (2024)": "E07000245", "Local Authority District name (2024)": "West Suffolk", "Index of Multiple Deprivation (IMD) Rank": 22529, "Index of Multiple Deprivation (IMD) Decile": 7}}, {"type": "Feature", "id": 28581, "geometry": {"type": "Polygon", "coordinates": [[[0.858729980693355, 52.3104306424301], [0.861216445440204, 52.3013667541083], [0.866795160925031, 52.2978643729045], [0.869003562030178, 52.2934584807488], [0.855261293616135, 52.2915464464185], [0.855556648260192, 52.2863490598754], [0.842899220879422, 52.2847806742998], [0.840273476198735, 52.2936563416908], [0.808047556495408, 52.3009446009316], [0.786914008592242, 52.2992553040239], [0.788954118076699, 52.3032346929569], [0.804285381632309, 52.3221125972468], [0.814671623579722, 52.3258544918237], [0.814178359697388, 52.3292111297289], [0.820000144324464, 52.3286321302895], [0.837820892719795, 52.3355162113068], [0.839167159156225, 52.3282826817712], [0.830657490559026, 52.3275376552735], [0.834378174331005, 52.3227851567479], [0.839041938572249, 52.3226461262739], [0.826243334311438, 52.3182475034266], [0.839650765841824, 52.3121161578236], [0.858729980693355, 52.3104306424301]]]}, "properties": {"FID": 28581, "LSOA21CD": "E01030121", "LSOA21NM": "West Suffolk 006B", "LSOA21NMW": " ", "BNG_E": 592862, "BNG_N": 271804, "LAT": 52.31048, "LONG": 0.827755, "GlobalID": "0979b389-4b37-41e8-ab84-c095b66ba489", "LSOA name (2021)": "West Suffolk 006B", "Local Authority District code (2024)": "E07000245", "Local Authority District name (2024)": "West Suffolk", "Index of Multiple Deprivation (IMD) Rank": 21773, "Index of Multiple Deprivation (IMD) Decile": 7}}, {"type": "Feature", "id": 28582, "geometry": {"type": "Polygon", "coordinates": [[[0.517934322608271, 52.1214738675429], [0.50879436617298, 52.1079822113188], [0.51239547152279, 52.1051267118043], [0.502457082890284, 52.096823697284], [0.502371055368175, 52.093092207989], [0.514718228349199, 52.0868112159261], [0.506800099460019, 52.0836251315486], [0.504117572598738, 52.0746148200266], [0.49248042974345, 52.0725764608948], [0.490246172550785, 52.0670797651306], [0.474721113643991, 52.0751936034777], [0.470794618227942, 52.0734628991207], [0.466666318196703, 52.0784560620545], [0.459218267799048, 52.0838213408087], [0.45203149733794, 52.0855988647208], [0.46279680097295, 52.0882791047971], [0.468265157517145, 52.093509827753], [0.480075609016165, 52.094774819354], [0.480280519221215, 52.102102213], [0.488681496805417, 52.105506122562], [0.481833167722442, 52.1095823397972], [0.480093456695816, 52.1235772259499], [0.508856535201063, 52.1318629843215], [0.517934322608271, 52.1214738675429]]]}, "properties": {"FID": 28582, "LSOA21CD": "E01030122", "LSOA21NM": "West Suffolk 018A", "LSOA21NMW": " ", "BNG_E": 570288, "BNG_N": 246229, "LAT": 52.08822, "LONG": 0.484127, "GlobalID": "bc4a2d3d-b7f7-45bf-a235-6fdcc215a5b9", "LSOA name (2021)": "West Suffolk 018A", "Local Authority District code (2024)": "E07000245", "Local Authority District name (2024)": "West Suffolk", "Index of Multiple Deprivation (IMD) Rank": 26323, "Index of Multiple Deprivation (IMD) Decile": 8}}, {"type": "Feature", "id": 28583, "geometry": {"type": "Polygon", "coordinates": [[[0.696967470245198, 52.2436938090076], [0.697343264350031, 52.240484067312], [0.691157469876011, 52.2400798602102], [0.688003172706407, 52.2436926356969], [0.694247267490964, 52.244663805857], [0.690098206142693, 52.2480060311846], [0.6972014362624, 52.248039215], [0.696967470245198, 52.2436938090076]]]}, "properties": {"FID": 28583, "LSOA21CD": "E01030123", "LSOA21NM": "West Suffolk 014B", "LSOA21NMW": " ", "BNG_E": 583942, "BNG_N": 263858, "LAT": 52.24218, "LONG": 0.692735, "GlobalID": "50b0c75a-6793-4a7c-8d09-838284712589", "LSOA name (2021)": "West Suffolk 014B", "Local Authority District code (2024)": "E07000245", "Local Authority District name (2024)": "West Suffolk", "Index of Multiple Deprivation (IMD) Rank": 8351, "Index of Multiple Deprivation (IMD) Decile": 3}}, {"type": "Feature", "id": 28584, "geometry": {"type": "Polygon", "coordinates": [[[0.6972014362624, 52.248039215], [0.690098206142693, 52.2480060311846], [0.694247267490964, 52.244663805857], [0.688003172706407, 52.2436926356969], [0.691157469876011, 52.2400798602102], [0.689911430769476, 52.2395675035617], [0.682379918302031, 52.242443883275], [0.686157450328765, 52.2491160375805], [0.682142193442595, 52.2531840108838], [0.682737510772929, 52.2539674973718], [0.698896619817572, 52.2538055152064], [0.6972014362624, 52.248039215]]]}, "properties": {"FID": 28584, "LSOA21CD": "E01030124", "LSOA21NM": "West Suffolk 014C", "LSOA21NMW": " ", "BNG_E": 583744, "BNG_N": 264765, "LAT": 52.25039, "LONG": 0.69033, "GlobalID": "ca6c2f4b-bafc-40b5-9264-1a6be1513149", "LSOA name (2021)": "West Suffolk 014C", "Local Authority District code (2024)": "E07000245", "Local Authority District name (2024)": "West Suffolk", "Index of Multiple Deprivation (IMD) Rank": 32307, "Index of Multiple Deprivation (IMD) Decile": 10}}, {"type": "Feature", "id": 28585, "geometry": {"type": "Polygon", "coordinates": [[[0.682379918302031, 52.242443883275], [0.682216155532808, 52.2425294926986], [0.678147297584273, 52.2447045972142], [0.682142193442595, 52.2531840108838], [0.686157450328765, 52.2491160375805], [0.682379918302031, 52.242443883275]]]}, "properties": {"FID": 28585, "LSOA21CD": "E01030125", "LSOA21NM": "West Suffolk 014D", "LSOA21NMW": " ", "BNG_E": 583200, "BNG_N": 264463, "LAT": 52.24786, "LONG": 0.682207, "GlobalID": "89d7db0f-7761-4805-90e3-8aada3e7e70c", "LSOA name (2021)": "West Suffolk 014D", "Local Authority District code (2024)": "E07000245", "Local Authority District name (2024)": "West Suffolk", "Index of Multiple Deprivation (IMD) Rank": 15728, "Index of Multiple Deprivation (IMD) Decile": 5}}, {"type": "Feature", "id": 28586, "geometry": {"type": "Polygon", "coordinates": [[[0.74231081898007, 52.2468964126607], [0.740780831518807, 52.2441913765345], [0.729652254317706, 52.2409164635847], [0.72729472616617, 52.2487188592718], [0.740025195567073, 52.2522481334192], [0.74231081898007, 52.2468964126607]]]}, "properties": {"FID": 28586, "LSOA21CD": "E01030127", "LSOA21NM": "West Suffolk 012A", "LSOA21NMW": " ", "BNG_E": 586808, "BNG_N": 264436, "LAT": 52.24641, "LONG": 0.734979, "GlobalID": "b01a0e1f-c7de-4e42-a8af-37a9e6336de2", "LSOA name (2021)": "West Suffolk 012A", "Local Authority District code (2024)": "E07000245", "Local Authority District name (2024)": "West Suffolk", "Index of Multiple Deprivation (IMD) Rank": 32002, "Index of Multiple Deprivation (IMD) Decile": 10}}, {"type": "Feature", "id": 28587, "geometry": {"type": "Polygon", "coordinates": [[[0.743812612970422, 52.2522944719919], [0.749479438165336, 52.2489390893253], [0.745680823584668, 52.2458819707179], [0.74231081898007, 52.2468964126607], [0.740025195567073, 52.2522481334192], [0.740255305655082, 52.2525117590825], [0.743812612970422, 52.2522944719919]]]}, "properties": {"FID": 28587, "LSOA21CD": "E01030128", "LSOA21NM": "West Suffolk 012B", "LSOA21NMW": " ", "BNG_E": 587468, "BNG_N": 264756, "LAT": 52.24906, "LONG": 0.744812, "GlobalID": "ae41fd50-a3d2-40f3-ac2f-1a9d7735a4f6", "LSOA name (2021)": "West Suffolk 012B", "Local Authority District code (2024)": "E07000245", "Local Authority District name (2024)": "West Suffolk", "Index of Multiple Deprivation (IMD) Rank": 32563, "Index of Multiple Deprivation (IMD) Decile": 10}}, {"type": "Feature", "id": 28588, "geometry": {"type": "Polygon", "coordinates": [[[0.747892310791181, 52.2372301119648], [0.74502393050694, 52.2373571177012], [0.732979000197003, 52.2392048543467], [0.729652254317706, 52.2409164635847], [0.740780831518807, 52.2441913765345], [0.747157607782672, 52.241960764188], [0.747892310791181, 52.2372301119648]]]}, "properties": {"FID": 28588, "LSOA21CD": "E01030129", "LSOA21NM": "West Suffolk 012C", "LSOA21NMW": " ", "BNG_E": 587127, "BNG_N": 263819, "LAT": 52.24076, "LONG": 0.739305, "GlobalID": "f75e71d5-c6df-4e24-8e82-5f5e07a78c88", "LSOA name (2021)": "West Suffolk 012C", "Local Authority District code (2024)": "E07000245", "Local Authority District name (2024)": "West Suffolk", "Index of Multiple Deprivation (IMD) Rank": 32905, "Index of Multiple Deprivation (IMD) Decile": 10}}, {"type": "Feature", "id": 28589, "geometry": {"type": "Polygon", "coordinates": [[[0.711959384472905, 52.2616202382267], [0.70881657774505, 52.2576882461836], [0.701111995860796, 52.2574253806479], [0.703278713556383, 52.2613920459394], [0.706598637310028, 52.2635113785435], [0.701080964891348, 52.2659361676568], [0.707694053451142, 52.2710845728089], [0.711959384472905, 52.2616202382267]]]}, "properties": {"FID": 28589, "LSOA21CD": "E01030130", "LSOA21NM": "West Suffolk 009A", "LSOA21NMW": " ", "BNG_E": 584793, "BNG_N": 266694, "LAT": 52.26737, "LONG": 0.706734, "GlobalID": "42d39369-5aa9-4c9f-b00e-d628cdaf5e95", "LSOA name (2021)": "West Suffolk 009A", "Local Authority District code (2024)": "E07000245", "Local Authority District name (2024)": "West Suffolk", "Index of Multiple Deprivation (IMD) Rank": 13747, "Index of Multiple Deprivation (IMD) Decile": 5}}, {"type": "Feature", "id": 28590, "geometry": {"type": "Polygon", "coordinates": [[[0.703278713556383, 52.2613920459394], [0.699706135464939, 52.2626702045635], [0.698770875775498, 52.2647404504782], [0.701080964891348, 52.2659361676568], [0.706598637310028, 52.2635113785435], [0.703278713556383, 52.2613920459394]]]}, "properties": {"FID": 28590, "LSOA21CD": "E01030131", "LSOA21NM": "West Suffolk 009B", "LSOA21NMW": " ", "BNG_E": 584473, "BNG_N": 266255, "LAT": 52.26353, "LONG": 0.70181, "GlobalID": "7849ab81-9cef-472d-abfa-a7442f078b63", "LSOA name (2021)": "West Suffolk 009B", "Local Authority District code (2024)": "E07000245", "Local Authority District name (2024)": "West Suffolk", "Index of Multiple Deprivation (IMD) Rank": 5494, "Index of Multiple Deprivation (IMD) Decile": 2}}, {"type": "Feature", "id": 28591, "geometry": {"type": "Polygon", "coordinates": [[[0.804285381632309, 52.3221125972468], [0.788954118076699, 52.3032346929569], [0.783363836055739, 52.3039851420924], [0.761701545511701, 52.3231896666748], [0.753607765223581, 52.3379589218091], [0.778917916793899, 52.3314635766681], [0.782092539394305, 52.3333962931936], [0.742131527702394, 52.3475689939992], [0.782720453351617, 52.3415034853655], [0.794454173488448, 52.3439121886979], [0.792731189249016, 52.3408034589915], [0.780509231087769, 52.3386865269578], [0.792355353309025, 52.3332663440382], [0.789213984341799, 52.329915617256], [0.804285381632309, 52.3221125972468]]]}, "properties": {"FID": 28591, "LSOA21CD": "E01030132", "LSOA21NM": "West Suffolk 006C", "LSOA21NMW": " ", "BNG_E": 589505, "BNG_N": 273301, "LAT": 52.32509, "LONG": 0.779415, "GlobalID": "c0490145-a330-4284-b22c-27f19544b35f", "LSOA name (2021)": "West Suffolk 006C", "Local Authority District code (2024)": "E07000245", "Local Authority District name (2024)": "West Suffolk", "Index of Multiple Deprivation (IMD) Rank": 23036, "Index of Multiple Deprivation (IMD) Decile": 7}}, {"type": "Feature", "id": 28592, "geometry": {"type": "Polygon", "coordinates": [[[0.742131527702394, 52.3475689939992], [0.782092539394305, 52.3333962931936], [0.778917916793899, 52.3314635766681], [0.753607765223581, 52.3379589218091], [0.761701545511701, 52.3231896666748], [0.783363836055739, 52.3039851420924], [0.788954118076699, 52.3032346929569], [0.786914008592242, 52.2992553040239], [0.808047556495408, 52.3009446009316], [0.840273476198735, 52.2936563416908], [0.842899220879422, 52.2847806742998], [0.853683547744946, 52.2770703973254], [0.855580003417461, 52.2696085284075], [0.849726929654641, 52.2648337463925], [0.842602574402201, 52.2680265179656], [0.840193375809957, 52.2663260711006], [0.84595746947186, 52.2617781711035], [0.842331897262378, 52.2600171849376], [0.825825797449458, 52.2665151480391], [0.8177110780125, 52.2643821710377], [0.809416917410341, 52.2670510208598], [0.801603683010879, 52.2659094174], [0.797722946129302, 52.2685974071457], [0.802933717625165, 52.2706391530547], [0.78631548032153, 52.2736895292944], [0.786785798898011, 52.2841045892385], [0.779532836150989, 52.2945415655957], [0.758620808112966, 52.287572913485], [0.753948175030091, 52.2793125405663], [0.716659833301507, 52.2787056841271], [0.717078888440207, 52.2848051202333], [0.712383009160992, 52.2840871494134], [0.70792327068699, 52.2912043501511], [0.702437548193165, 52.2922001149538], [0.715528554911738, 52.2916125330465], [0.724871127439009, 52.296367326044], [0.723053116906578, 52.3084492209711], [0.738401754993436, 52.3485056905185], [0.742131527702394, 52.3475689939992]]]}, "properties": {"FID": 28592, "LSOA21CD": "E01030133", "LSOA21NM": "West Suffolk 006D", "LSOA21NMW": " ", "BNG_E": 587779, "BNG_N": 271009, "LAT": 52.3051, "LONG": 0.752841, "GlobalID": "43af6cb2-2d88-428f-a3ab-0340ec6fa9ba", "LSOA name (2021)": "West Suffolk 006D", "Local Authority District code (2024)": "E07000245", "Local Authority District name (2024)": "West Suffolk", "Index of Multiple Deprivation (IMD) Rank": 15426, "Index of Multiple Deprivation (IMD) Decile": 5}}, {"type": "Feature", "id": 28593, "geometry": {"type": "Polygon", "coordinates": [[[0.68104210404486, 52.2884477030794], [0.684510889479925, 52.2849084451138], [0.673328287572427, 52.2745411409432], [0.664781342828945, 52.2574257549627], [0.595081310531338, 52.2646523017342], [0.594667668582711, 52.2787943311328], [0.600517990604444, 52.2853465879763], [0.62698592596496, 52.2853298428874], [0.626926638924564, 52.2873472291383], [0.644006036697641, 52.2904776102935], [0.648204509024539, 52.3059869921868], [0.664976193342155, 52.3005036557064], [0.68104210404486, 52.2884477030794]]]}, "properties": {"FID": 28593, "LSOA21CD": "E01030134", "LSOA21NM": "West Suffolk 010D", "LSOA21NMW": " ", "BNG_E": 580164, "BNG_N": 268162, "LAT": 52.28208, "LONG": 0.639758, "GlobalID": "39e764f7-d353-4e99-9f25-2a14a8234c81", "LSOA name (2021)": "West Suffolk 010D", "Local Authority District code (2024)": "E07000245", "Local Authority District name (2024)": "West Suffolk", "Index of Multiple Deprivation (IMD) Rank": 18477, "Index of Multiple Deprivation (IMD) Decile": 6}}, {"type": "Feature", "id": 28594, "geometry": {"type": "Polygon", "coordinates": [[[0.738401754993436, 52.3485056905185], [0.723053116906578, 52.3084492209711], [0.724871127439009, 52.296367326044], [0.715528554911738, 52.2916125330465], [0.702437548193165, 52.2922001149538], [0.691728362896897, 52.2934497165586], [0.68104210404486, 52.2884477030794], [0.664976193342155, 52.3005036557064], [0.648204509024539, 52.3059869921868], [0.644006036697641, 52.2904776102935], [0.626926638924564, 52.2873472291383], [0.62698592596496, 52.2853298428874], [0.600517990604444, 52.2853465879763], [0.594450307004168, 52.2980257247922], [0.589549438579492, 52.2960433747013], [0.587999555089525, 52.299758169823], [0.601447107817855, 52.3131408286448], [0.601829438033576, 52.3179384852439], [0.611738714636152, 52.3142100467168], [0.61447201354949, 52.3094103584213], [0.622344685899731, 52.3078688737823], [0.66946335250659, 52.3584450869225], [0.675718007492435, 52.3612183966508], [0.674840086122086, 52.3569262878931], [0.694685334046571, 52.3559579454845], [0.719967645824245, 52.3490552455439], [0.738401754993436, 52.3485056905185]]]}, "properties": {"FID": 28594, "LSOA21CD": "E01030135", "LSOA21NM": "West Suffolk 010E", "LSOA21NMW": " ", "BNG_E": 582995, "BNG_N": 272740, "LAT": 52.32226, "LONG": 0.683697, "GlobalID": "2e94c962-aa42-41a6-89c0-f19a21694066", "LSOA name (2021)": "West Suffolk 010E", "Local Authority District code (2024)": "E07000245", "Local Authority District name (2024)": "West Suffolk", "Index of Multiple Deprivation (IMD) Rank": 21598, "Index of Multiple Deprivation (IMD) Decile": 7}}, {"type": "Feature", "id": 28595, "geometry": {"type": "Polygon", "coordinates": [[[0.714325902881202, 52.2588246513099], [0.717698898073068, 52.2522691536121], [0.715966117910591, 52.2519057277462], [0.708558041774919, 52.2496790587758], [0.709273515760978, 52.2528412851041], [0.702035183104401, 52.2537934987159], [0.698935139453735, 52.2538653566912], [0.699062681136901, 52.2540759543192], [0.701111995860796, 52.2574253806479], [0.70881657774505, 52.2576882461836], [0.711959384472905, 52.2616202382267], [0.714325902881202, 52.2588246513099]]]}, "properties": {"FID": 28595, "LSOA21CD": "E01030137", "LSOA21NM": "West Suffolk 011C", "LSOA21NMW": " ", "BNG_E": 584978, "BNG_N": 265400, "LAT": 52.25568, "LONG": 0.708733, "GlobalID": "f5ba123f-d257-4c0c-be85-9c88d1da6628", "LSOA name (2021)": "West Suffolk 011C", "Local Authority District code (2024)": "E07000245", "Local Authority District name (2024)": "West Suffolk", "Index of Multiple Deprivation (IMD) Rank": 25603, "Index of Multiple Deprivation (IMD) Decile": 8}}, {"type": "Feature", "id": 28596, "geometry": {"type": "Polygon", "coordinates": [[[0.806816483353311, 52.2497481611738], [0.806696322759638, 52.2464312345642], [0.811348045802968, 52.2461066647124], [0.827129151853856, 52.2389674884623], [0.819952059811895, 52.2333790498275], [0.82197431798997, 52.2232638986817], [0.814207974687659, 52.2070432976355], [0.819416152457853, 52.1989869882041], [0.836346571758132, 52.198296000718], [0.838119347652317, 52.195344419744], [0.832728746272, 52.1868410216777], [0.836273974268795, 52.1821692930021], [0.824572407346323, 52.1797153160451], [0.822493993185009, 52.1745588871505], [0.814169635584244, 52.1707325527536], [0.786919485916425, 52.177894284001], [0.768688149373541, 52.1749993527539], [0.765050651102736, 52.1739034212542], [0.76154173879542, 52.1579380831891], [0.741992179575493, 52.1593308338349], [0.73833559351072, 52.1699707820859], [0.732775998040623, 52.1647543917724], [0.728161957417513, 52.1680995648989], [0.722798948510232, 52.1651039201279], [0.715966515472843, 52.1776890987876], [0.730424220214669, 52.1786659776209], [0.734899707325967, 52.1865779914114], [0.737647398370193, 52.1850996861643], [0.740136334030484, 52.1889636858302], [0.74684716235384, 52.1874218038128], [0.7493712957677, 52.1824896562756], [0.758448695667136, 52.1832183366043], [0.762543039039084, 52.1866199653606], [0.757748148792871, 52.1889345976735], [0.764115267201478, 52.1913264085039], [0.764815190084037, 52.1877320528335], [0.771100147970864, 52.1882583235018], [0.774772448345559, 52.1925984476209], [0.772055314868541, 52.1956290488402], [0.776005604214033, 52.1969339724009], [0.77173479575147, 52.2001037094948], [0.775819655253661, 52.2108126557238], [0.749984225516429, 52.2123737452216], [0.742635395853843, 52.2182041650842], [0.740347452716622, 52.227652247768], [0.747328362768908, 52.2320838201268], [0.74502393050694, 52.2373571177012], [0.747892310791181, 52.2372301119648], [0.757572222033125, 52.2367142760476], [0.757937245997634, 52.2408047924465], [0.758564178823297, 52.2478260739819], [0.75872809662776, 52.2496612947859], [0.780349979674035, 52.2478560754973], [0.790573607088061, 52.2496849141058], [0.796834743355243, 52.2467313404664], [0.800023998588722, 52.2511324605815], [0.806816483353311, 52.2497481611738]]]}, "properties": {"FID": 28596, "LSOA21CD": "E01030138", "LSOA21NM": "West Suffolk 016B", "LSOA21NMW": " ", "BNG_E": 589927, "BNG_N": 260632, "LAT": 52.21118, "LONG": 0.778475, "GlobalID": "cd914fa9-5358-43a3-96a9-8f764bf7e438", "LSOA name (2021)": "West Suffolk 016B", "Local Authority District code (2024)": "E07000245", "Local Authority District name (2024)": "West Suffolk", "Index of Multiple Deprivation (IMD) Rank": 17600, "Index of Multiple Deprivation (IMD) Decile": 6}}, {"type": "Feature", "id": 28597, "geometry": {"type": "Polygon", "coordinates": [[[0.703278713556383, 52.2613920459394], [0.701111995860796, 52.2574253806479], [0.699062681136901, 52.2540759543192], [0.696342994521485, 52.2577286380307], [0.689251611595621, 52.2573508896365], [0.695140069302575, 52.2577873236544], [0.692558565262915, 52.2586655229792], [0.699209652521585, 52.2590294787454], [0.699706135464939, 52.2626702045635], [0.703278713556383, 52.2613920459394]]]}, "properties": {"FID": 28597, "LSOA21CD": "E01030139", "LSOA21NM": "West Suffolk 009C", "LSOA21NMW": " ", "BNG_E": 584187, "BNG_N": 265675, "LAT": 52.25842, "LONG": 0.697308, "GlobalID": "378887b8-289c-44e1-9f78-08ef4647ff68", "LSOA name (2021)": "West Suffolk 009C", "Local Authority District code (2024)": "E07000245", "Local Authority District name (2024)": "West Suffolk", "Index of Multiple Deprivation (IMD) Rank": 4541, "Index of Multiple Deprivation (IMD) Decile": 2}}, {"type": "Feature", "id": 28598, "geometry": {"type": "Polygon", "coordinates": [[[0.699062681136901, 52.2540759543192], [0.698935139453735, 52.2538653566912], [0.698896619817572, 52.2538055152064], [0.682737510772929, 52.2539674973718], [0.685251874491928, 52.2573413620747], [0.687706638683632, 52.2583085939633], [0.692558565262915, 52.2586655229792], [0.695140069302575, 52.2577873236544], [0.689251611595621, 52.2573508896365], [0.696342994521485, 52.2577286380307], [0.699062681136901, 52.2540759543192]]]}, "properties": {"FID": 28598, "LSOA21CD": "E01030140", "LSOA21NM": "West Suffolk 009D", "LSOA21NMW": " ", "BNG_E": 583773, "BNG_N": 265358, "LAT": 52.25571, "LONG": 0.691077, "GlobalID": "12ce67cd-26a9-4b64-9e59-8e292c20e6ed", "LSOA name (2021)": "West Suffolk 009D", "Local Authority District code (2024)": "E07000245", "Local Authority District name (2024)": "West Suffolk", "Index of Multiple Deprivation (IMD) Rank": 14729, "Index of Multiple Deprivation (IMD) Decile": 5}}, {"type": "Feature", "id": 28599, "geometry": {"type": "Polygon", "coordinates": [[[0.699706135464939, 52.2626702045635], [0.699209652521585, 52.2590294787454], [0.692558565262915, 52.2586655229792], [0.687706638683632, 52.2583085939633], [0.698770875775498, 52.2647404504782], [0.699706135464939, 52.2626702045635]]]}, "properties": {"FID": 28599, "LSOA21CD": "E01030141", "LSOA21NM": "West Suffolk 009E", "LSOA21NMW": " ", "BNG_E": 584051, "BNG_N": 266026, "LAT": 52.26161, "LONG": 0.695509, "GlobalID": "9719797c-23c7-49cc-abc9-9b8a2f9feb77", "LSOA name (2021)": "West Suffolk 009E", "Local Authority District code (2024)": "E07000245", "Local Authority District name (2024)": "West Suffolk", "Index of Multiple Deprivation (IMD) Rank": 12517, "Index of Multiple Deprivation (IMD) Decile": 4}}, {"type": "Feature", "id": 28600, "geometry": {"type": "Polygon", "coordinates": [[[0.719121975702911, 52.2359903975004], [0.717822760394847, 52.2286843631585], [0.722250561531025, 52.2269243002085], [0.705127186589505, 52.2223932949874], [0.700607301279504, 52.2308148526516], [0.700877585283528, 52.2334426856648], [0.709766690857681, 52.2344512287371], [0.704355485804348, 52.2390097667044], [0.71239904815644, 52.2389680027267], [0.719121975702911, 52.2359903975004]]]}, "properties": {"FID": 28600, "LSOA21CD": "E01030142", "LSOA21NM": "West Suffolk 013A", "LSOA21NMW": " ", "BNG_E": 585225, "BNG_N": 262644, "LAT": 52.23085, "LONG": 0.710839, "GlobalID": "18217967-82b7-46ae-9eb0-d69ebf00b914", "LSOA name (2021)": "West Suffolk 013A", "Local Authority District code (2024)": "E07000245", "Local Authority District name (2024)": "West Suffolk", "Index of Multiple Deprivation (IMD) Rank": 31350, "Index of Multiple Deprivation (IMD) Decile": 10}}, {"type": "Feature", "id": 28601, "geometry": {"type": "Polygon", "coordinates": [[[0.724675986442056, 52.2274076924289], [0.722250561531025, 52.2269243002085], [0.717822760394847, 52.2286843631585], [0.719121975702911, 52.2359903975004], [0.72900049133304, 52.2366601907665], [0.730684772662643, 52.2369001371891], [0.725752734355357, 52.2351338024769], [0.724675986442056, 52.2274076924289]]]}, "properties": {"FID": 28601, "LSOA21CD": "E01030143", "LSOA21NM": "West Suffolk 013B", "LSOA21NMW": " ", "BNG_E": 586133, "BNG_N": 262930, "LAT": 52.23311, "LONG": 0.724276, "GlobalID": "66c0a355-9a7a-44a3-8de4-5ede934e47a8", "LSOA name (2021)": "West Suffolk 013B", "Local Authority District code (2024)": "E07000245", "Local Authority District name (2024)": "West Suffolk", "Index of Multiple Deprivation (IMD) Rank": 17852, "Index of Multiple Deprivation (IMD) Decile": 6}}, {"type": "Feature", "id": 28602, "geometry": {"type": "Polygon", "coordinates": [[[0.74502393050694, 52.2373571177012], [0.747328362768908, 52.2320838201268], [0.740347452716622, 52.227652247768], [0.736416737283344, 52.2304566284858], [0.724675986442056, 52.2274076924289], [0.725752734355357, 52.2351338024769], [0.730684772662643, 52.2369001371891], [0.732979000197003, 52.2392048543467], [0.74502393050694, 52.2373571177012]]]}, "properties": {"FID": 28602, "LSOA21CD": "E01030144", "LSOA21NM": "West Suffolk 013C", "LSOA21NMW": " ", "BNG_E": 586921, "BNG_N": 262963, "LAT": 52.23314, "LONG": 0.735818, "GlobalID": "65ced88a-1500-472f-ba7e-b0348e063366", "LSOA name (2021)": "West Suffolk 013C", "Local Authority District code (2024)": "E07000245", "Local Authority District name (2024)": "West Suffolk", "Index of Multiple Deprivation (IMD) Rank": 25809, "Index of Multiple Deprivation (IMD) Decile": 8}}, {"type": "Feature", "id": 28603, "geometry": {"type": "Polygon", "coordinates": [[[0.898553580778014, 52.3354271154715], [0.884020572739462, 52.3244241343715], [0.892752418190984, 52.3188498975543], [0.896017373949472, 52.3082981315014], [0.885512247976414, 52.3125102644313], [0.884301114911535, 52.3183354498158], [0.875680862859814, 52.3163348271763], [0.87196236814682, 52.322232175515], [0.880064284912242, 52.3268305484146], [0.871911804424804, 52.330111123533], [0.870452983749951, 52.3367541356432], [0.858610994777173, 52.3384676614949], [0.862620473146843, 52.3405857413875], [0.859899353829417, 52.3517035291622], [0.898553580778014, 52.3354271154715]]]}, "properties": {"FID": 28603, "LSOA21CD": "E01030145", "LSOA21NM": "West Suffolk 005D", "LSOA21NMW": " ", "BNG_E": 596205, "BNG_N": 274796, "LAT": 52.33616, "LONG": 0.878472, "GlobalID": "b5e85a6a-c3bd-4286-83d1-6bb39721858c", "LSOA name (2021)": "West Suffolk 005D", "Local Authority District code (2024)": "E07000245", "Local Authority District name (2024)": "West Suffolk", "Index of Multiple Deprivation (IMD) Rank": 21314, "Index of Multiple Deprivation (IMD) Decile": 7}}, {"type": "Feature", "id": 28604, "geometry": {"type": "Polygon", "coordinates": [[[0.898553580778014, 52.3354271154715], [0.90412214802204, 52.3255497119687], [0.925940325699264, 52.3192790808884], [0.931124539923564, 52.3128688929506], [0.904576799821143, 52.3055880616612], [0.911678066830822, 52.3020605595118], [0.903160714653127, 52.3038456041333], [0.899560349510048, 52.2989675706924], [0.882935686062236, 52.3001370437093], [0.88735623277599, 52.2927190914583], [0.879599857198521, 52.293405927146], [0.874081760480811, 52.299489461553], [0.866795160925031, 52.2978643729045], [0.861216445440204, 52.3013667541083], [0.858729980693355, 52.3104306424301], [0.867722056086972, 52.3180400781172], [0.858610994777173, 52.3384676614949], [0.870452983749951, 52.3367541356432], [0.871911804424804, 52.330111123533], [0.880064284912242, 52.3268305484146], [0.87196236814682, 52.322232175515], [0.875680862859814, 52.3163348271763], [0.884301114911535, 52.3183354498158], [0.885512247976414, 52.3125102644313], [0.896017373949472, 52.3082981315014], [0.892752418190984, 52.3188498975543], [0.884020572739462, 52.3244241343715], [0.898553580778014, 52.3354271154715]]]}, "properties": {"FID": 28604, "LSOA21CD": "E01030146", "LSOA21NM": "West Suffolk 005E", "LSOA21NMW": " ", "BNG_E": 598606, "BNG_N": 272530, "LAT": 52.31496, "LONG": 0.912328, "GlobalID": "f4d369ab-f413-489b-bce9-7eb4f4762dc3", "LSOA name (2021)": "West Suffolk 005E", "Local Authority District code (2024)": "E07000245", "Local Authority District name (2024)": "West Suffolk", "Index of Multiple Deprivation (IMD) Rank": 16554, "Index of Multiple Deprivation (IMD) Decile": 5}}, {"type": "Feature", "id": 28605, "geometry": {"type": "Polygon", "coordinates": [[[0.704604892252963, 52.2392172100496], [0.704355485804348, 52.2390097667044], [0.709766690857681, 52.2344512287371], [0.700877585283528, 52.2334426856648], [0.696853903597565, 52.2396828318109], [0.689911430769476, 52.2395675035617], [0.691157469876011, 52.2400798602102], [0.697343264350031, 52.240484067312], [0.704604892252963, 52.2392172100496]]]}, "properties": {"FID": 28605, "LSOA21CD": "E01030147", "LSOA21NM": "West Suffolk 013D", "LSOA21NMW": " ", "BNG_E": 584671, "BNG_N": 263311, "LAT": 52.23703, "LONG": 0.703101, "GlobalID": "b2a93d37-dacf-42a8-b927-12d7e6f6c2c8", "LSOA name (2021)": "West Suffolk 013D", "Local Authority District code (2024)": "E07000245", "Local Authority District name (2024)": "West Suffolk", "Index of Multiple Deprivation (IMD) Rank": 29124, "Index of Multiple Deprivation (IMD) Decile": 9}}, {"type": "Feature", "id": 28606, "geometry": {"type": "Polygon", "coordinates": [[[0.682379918302031, 52.242443883275], [0.689911430769476, 52.2395675035617], [0.687372148421643, 52.2368577640723], [0.697622455070972, 52.2308486460704], [0.687473352230652, 52.2325248860913], [0.682216155532808, 52.2425294926986], [0.682379918302031, 52.242443883275]]]}, "properties": {"FID": 28606, "LSOA21CD": "E01030148", "LSOA21NM": "West Suffolk 014E", "LSOA21NMW": " ", "BNG_E": 583737, "BNG_N": 262925, "LAT": 52.23387, "LONG": 0.689229, "GlobalID": "0c34c937-5277-47b2-a1ff-d66c275e00c4", "LSOA name (2021)": "West Suffolk 014E", "Local Authority District code (2024)": "E07000245", "Local Authority District name (2024)": "West Suffolk", "Index of Multiple Deprivation (IMD) Rank": 30426, "Index of Multiple Deprivation (IMD) Decile": 10}}, {"type": "Feature", "id": 28607, "geometry": {"type": "Polygon", "coordinates": [[[0.700877585283528, 52.2334426856648], [0.700607301279504, 52.2308148526516], [0.697622455070972, 52.2308486460704], [0.687372148421643, 52.2368577640723], [0.689911430769476, 52.2395675035617], [0.696853903597565, 52.2396828318109], [0.700877585283528, 52.2334426856648]]]}, "properties": {"FID": 28607, "LSOA21CD": "E01030149", "LSOA21NM": "West Suffolk 014F", "LSOA21NMW": " ", "BNG_E": 584074, "BNG_N": 263198, "LAT": 52.23621, "LONG": 0.694307, "GlobalID": "29529d19-9eb2-4daf-acb3-b8fdf04d305f", "LSOA name (2021)": "West Suffolk 014F", "Local Authority District code (2024)": "E07000245", "Local Authority District name (2024)": "West Suffolk", "Index of Multiple Deprivation (IMD) Rank": 30728, "Index of Multiple Deprivation (IMD) Decile": 10}}, {"type": "Feature", "id": 28608, "geometry": {"type": "Polygon", "coordinates": [[[0.607378159616895, 52.2200100326129], [0.606829906907535, 52.2119634970748], [0.60282830868119, 52.2124232563761], [0.602569909311166, 52.2078161773696], [0.598119564731683, 52.2071806194356], [0.597866833841222, 52.1908400877446], [0.608985825593154, 52.190365176067], [0.624389434582248, 52.184228533286], [0.612659892770061, 52.1716733815068], [0.621089100514477, 52.1635319714786], [0.619942012937476, 52.1615585238328], [0.613803069616898, 52.1640601167572], [0.612240533365594, 52.1673116512959], [0.601426283158024, 52.1639359748945], [0.596487361447941, 52.1595268082668], [0.601026163229458, 52.1587717914458], [0.60062836677441, 52.1555505339255], [0.593906646257177, 52.1528396764243], [0.597711634285108, 52.1463573256766], [0.582346698443051, 52.1491466287628], [0.572952001671639, 52.1589261537936], [0.560479129034974, 52.1525109459696], [0.554252479872583, 52.155787035605], [0.540684312803329, 52.1558589097675], [0.530741169798525, 52.1497303053863], [0.523867753550103, 52.1549612014968], [0.535161519732284, 52.1752518220272], [0.526425529190726, 52.1769272200254], [0.52064894230402, 52.1821726463859], [0.514848418518791, 52.1762222720756], [0.493964274717742, 52.181495617703], [0.494975437605628, 52.1887329155202], [0.502554767187621, 52.1960265961053], [0.503130093026587, 52.2070361732687], [0.512662661799541, 52.2150643538472], [0.543089546389751, 52.2164633803721], [0.556473624286645, 52.2110118885244], [0.558207613581167, 52.2040886404176], [0.56363912270286, 52.2028104115153], [0.558878100267046, 52.2109013064671], [0.565940954276653, 52.2175310143912], [0.57378922817322, 52.2192208934422], [0.580098027548168, 52.2160503813866], [0.586573156067529, 52.2233966911176], [0.607378159616895, 52.2200100326129]]]}, "properties": {"FID": 28608, "LSOA21CD": "E01030150", "LSOA21NM": "West Suffolk 017C", "LSOA21NMW": " ", "BNG_E": 575071, "BNG_N": 257231, "LAT": 52.18555, "LONG": 0.559524, "GlobalID": "ef9458d9-ed0c-4568-bfb6-120fffdcd59c", "LSOA name (2021)": "West Suffolk 017C", "Local Authority District code (2024)": "E07000245", "Local Authority District name (2024)": "West Suffolk", "Index of Multiple Deprivation (IMD) Rank": 19967, "Index of Multiple Deprivation (IMD) Decile": 6}}, {"type": "Feature", "id": 28609, "geometry": {"type": "Polygon", "coordinates": [[[0.523867753550103, 52.1549612014968], [0.51588943709011, 52.1400452187295], [0.509303120063237, 52.1388363503563], [0.508856535201063, 52.1318629843215], [0.480093456695816, 52.1235772259499], [0.481833167722442, 52.1095823397972], [0.488681496805417, 52.105506122562], [0.480280519221215, 52.102102213], [0.480075609016165, 52.094774819354], [0.468265157517145, 52.093509827753], [0.46279680097295, 52.0882791047971], [0.45203149733794, 52.0855988647208], [0.450912280739835, 52.0877037729021], [0.450965881372387, 52.090394707588], [0.445368791811278, 52.0911670046894], [0.448922048809968, 52.0934419486404], [0.44075232823617, 52.0939623285075], [0.437923834168155, 52.0949937285482], [0.432249880035271, 52.0989558613664], [0.420653654201598, 52.0929767118901], [0.410306380224208, 52.0924163607776], [0.401878140516629, 52.0891431751959], [0.402695359428052, 52.0844586662339], [0.399492158043487, 52.0841610614675], [0.394221066006205, 52.0843319341132], [0.390849789174471, 52.0884834805392], [0.394996790032461, 52.0959679190898], [0.382586300028458, 52.1011474722501], [0.389442252486253, 52.1173126720639], [0.398340573515479, 52.1187918555267], [0.395133531324359, 52.1217204778373], [0.408576517437495, 52.12370473791], [0.404706044146115, 52.1292851862847], [0.410002821693464, 52.1343982869521], [0.418283342110827, 52.1343560288157], [0.420886582698706, 52.1556391960964], [0.41727660450371, 52.1593066641997], [0.435915466670307, 52.1594951493147], [0.438312457309533, 52.1652738129246], [0.444306339265039, 52.1646828328462], [0.444522578155202, 52.1710820432783], [0.45255504425631, 52.1732200118865], [0.462817659852861, 52.1710115419807], [0.470730217895416, 52.1632588833955], [0.477241782640551, 52.1675708461967], [0.491333015581248, 52.1651023101098], [0.48746480493768, 52.1697970085924], [0.493964274717742, 52.181495617703], [0.514848418518791, 52.1762222720756], [0.52064894230402, 52.1821726463859], [0.526425529190726, 52.1769272200254], [0.535161519732284, 52.1752518220272], [0.523867753550103, 52.1549612014968]]]}, "properties": {"FID": 28609, "LSOA21CD": "E01030151", "LSOA21NM": "West Suffolk 018B", "LSOA21NMW": " ", "BNG_E": 568342, "BNG_N": 250706, "LAT": 52.12903, "LONG": 0.457962, "GlobalID": "1552995c-6b35-4d6e-9941-55b4d165bc40", "LSOA name (2021)": "West Suffolk 018B", "Local Authority District code (2024)": "E07000245", "Local Authority District name (2024)": "West Suffolk", "Index of Multiple Deprivation (IMD) Rank": 21406, "Index of Multiple Deprivation (IMD) Decile": 7}}, {"type": "Feature", "id": 28610, "geometry": {"type": "Polygon", "coordinates": [[[1.60882078086391, 52.1659307162393], [1.5999026872373, 52.1604511844222], [1.5963064313305, 52.1625493107162], [1.59518292847965, 52.1602123236848], [1.58520165975264, 52.1608776191373], [1.59417469143907, 52.1564742429234], [1.59899573984388, 52.1589731044629], [1.59854368547494, 52.1568073089433], [1.60193819675072, 52.1573488097116], [1.59738646438576, 52.1552973763468], [1.599575243445, 52.1482285506023], [1.59308221608386, 52.1463247220388], [1.59629341070337, 52.1490551787016], [1.59349971200007, 52.1535527927288], [1.57729676787734, 52.1528240565373], [1.57992105781474, 52.1548555543257], [1.57164765160159, 52.1597911765885], [1.56213742387181, 52.1591463646511], [1.5731928123431, 52.1753459860695], [1.56657218121628, 52.1831064985935], [1.57154407281202, 52.1909140995261], [1.56574354997116, 52.1923145230359], [1.56714888830114, 52.1971016122345], [1.57135884795977, 52.1998747898545], [1.5835253452699, 52.1982849278874], [1.59112471817293, 52.1961930902485], [1.61690530335305, 52.1979418300293], [1.61329283938518, 52.2021164231258], [1.62282671090914, 52.2040415182179], [1.6229360229474, 52.2008095470644], [1.62231787310477, 52.1868948843431], [1.61941961576394, 52.1826836136075], [1.61032827341566, 52.1694676791311], [1.60925310771662, 52.166597252478], [1.60882078086391, 52.1659307162393]]]}, "properties": {"FID": 28610, "LSOA21CD": "E01030152", "LSOA21NM": "East Suffolk 019A", "LSOA21NMW": " ", "BNG_E": 645747, "BNG_N": 259494, "LAT": 52.17894, "LONG": 1.593118, "GlobalID": "0f325964-bac1-4102-9894-e367eac25f8f", "LSOA name (2021)": "East Suffolk 019A", "Local Authority District code (2024)": "E07000244", "Local Authority District name (2024)": "East Suffolk", "Index of Multiple Deprivation (IMD) Rank": 26315, "Index of Multiple Deprivation (IMD) Decile": 8}}, {"type": "Feature", "id": 28611, "geometry": {"type": "MultiPolygon", "coordinates": [[[[1.59549768922396, 52.1416847179339], [1.59331234047099, 52.1381935340152], [1.59476587003161, 52.1415715869025], [1.59549768922396, 52.1416847179339]]], [[[1.60821141857764, 52.164962205498], [1.59732518755873, 52.1352927443829], [1.59575716245509, 52.1354226423616], [1.5991487177255, 52.1436114967866], [1.59319002327965, 52.1455582644504], [1.58328198521688, 52.1422350224669], [1.57513611565036, 52.1443355521757], [1.57126798788566, 52.148156145998], [1.57729676787734, 52.1528240565373], [1.59349971200007, 52.1535527927288], [1.59629341070337, 52.1490551787016], [1.59308221608386, 52.1463247220388], [1.599575243445, 52.1482285506023], [1.59738646438576, 52.1552973763468], [1.60193819675072, 52.1573488097116], [1.59854368547494, 52.1568073089433], [1.59899573984388, 52.1589731044629], [1.59417469143907, 52.1564742429234], [1.58520165975264, 52.1608776191373], [1.59518292847965, 52.1602123236848], [1.5963064313305, 52.1625493107162], [1.5999026872373, 52.1604511844222], [1.60882078086391, 52.1659307162393], [1.60878112359822, 52.1658232215391], [1.60821141857764, 52.164962205498]]]]}, "properties": {"FID": 28611, "LSOA21CD": "E01030153", "LSOA21NM": "East Suffolk 019B", "LSOA21NMW": " ", "BNG_E": 645648, "BNG_N": 256070, "LAT": 52.14826, "LONG": 1.589198, "GlobalID": "7dacde8a-5d1e-4362-990b-3ed02ab6ca16", "LSOA name (2021)": "East Suffolk 019B", "Local Authority District code (2024)": "E07000244", "Local Authority District name (2024)": "East Suffolk", "Index of Multiple Deprivation (IMD) Rank": 17351, "Index of Multiple Deprivation (IMD) Decile": 6}}, {"type": "Feature", "id": 28612, "geometry": {"type": "Polygon", "coordinates": [[[1.30338468102757, 52.2230645898662], [1.2972212732004, 52.2206009203998], [1.30827492688984, 52.2150418913751], [1.31999971149035, 52.2148482816269], [1.32985097715343, 52.2044918803842], [1.32910998865966, 52.2021339561606], [1.35067210717467, 52.1949471617913], [1.35978053501084, 52.1764679630353], [1.34946266015663, 52.167199533212], [1.33869897837803, 52.1597420124916], [1.33109613308876, 52.1601208057522], [1.30577743816683, 52.1570495112406], [1.2898966630564, 52.1501409984686], [1.286958813629, 52.1531533127929], [1.27567933155523, 52.1499634112986], [1.26479943374224, 52.1544419550114], [1.26331716597394, 52.1602619252253], [1.25590968070379, 52.1602940311323], [1.25425062269964, 52.1652118928708], [1.24137009107694, 52.1689998609898], [1.2363047765671, 52.167152208617], [1.2371345054554, 52.1696604880631], [1.2569567475336, 52.1949197674222], [1.25673030932818, 52.1983646298187], [1.24305222560185, 52.2003789982303], [1.24162125498105, 52.2121435571654], [1.24834715774353, 52.2158278134902], [1.24354500691111, 52.2176952552218], [1.24745159863704, 52.2288972342889], [1.27979606139263, 52.2383031899318], [1.29110583144268, 52.2351885649847], [1.30338468102757, 52.2230645898662]]]}, "properties": {"FID": 28612, "LSOA21CD": "E01030154", "LSOA21NM": "East Suffolk 017A", "LSOA21NMW": " ", "BNG_E": 625615, "BNG_N": 259366, "LAT": 52.18638, "LONG": 1.299116, "GlobalID": "b67b676f-96f2-4e6b-9704-df20561d02dd", "LSOA name (2021)": "East Suffolk 017A", "Local Authority District code (2024)": "E07000244", "Local Authority District name (2024)": "East Suffolk", "Index of Multiple Deprivation (IMD) Rank": 16235, "Index of Multiple Deprivation (IMD) Decile": 5}}, {"type": "Feature", "id": 28613, "geometry": {"type": "Polygon", "coordinates": [[[1.31296503543805, 52.099515740125], [1.31017196340182, 52.0947739602875], [1.29932966001535, 52.097966132592], [1.30090002709519, 52.1018008104234], [1.30664830349431, 52.1043431252704], [1.31209230762915, 52.1057285603707], [1.31296503543805, 52.099515740125]]]}, "properties": {"FID": 28613, "LSOA21CD": "E01030155", "LSOA21NM": "East Suffolk 022A", "LSOA21NMW": " ", "BNG_E": 626532, "BNG_N": 249790, "LAT": 52.10005, "LONG": 1.306129, "GlobalID": "ef419f49-8a41-4792-87fe-9af9d7cab655", "LSOA name (2021)": "East Suffolk 022A", "Local Authority District code (2024)": "E07000244", "Local Authority District name (2024)": "East Suffolk", "Index of Multiple Deprivation (IMD) Rank": 23021, "Index of Multiple Deprivation (IMD) Decile": 7}}, {"type": "Feature", "id": 28614, "geometry": {"type": "Polygon", "coordinates": [[[1.37362167960404, 51.9695566523043], [1.36985700035547, 51.9691680740542], [1.37556047339737, 51.9752663381814], [1.37100377761125, 51.972469535338], [1.36786407632947, 51.9754012184873], [1.35269670955276, 51.9768509945785], [1.36409396346897, 51.9844339400149], [1.36228427824144, 51.986867278062], [1.37259284783562, 51.9907991164173], [1.36875486743313, 51.9926438877926], [1.37998915698163, 51.9970110488054], [1.37971830606671, 51.9959897608899], [1.3828747168923, 51.9966312203619], [1.3879948226377, 51.9902254367074], [1.3838129430497, 51.9895434177937], [1.39146705805036, 51.9893249475189], [1.38939059742231, 51.9813894651229], [1.38151882430208, 51.9746747364944], [1.37362167960404, 51.9695566523043]]]}, "properties": {"FID": 28614, "LSOA21CD": "E01030158", "LSOA21NM": "East Suffolk 028A", "LSOA21NMW": " ", "BNG_E": 631822, "BNG_N": 237013, "LAT": 51.98319, "LONG": 1.374567, "GlobalID": "30f7ffd0-c528-45c8-9d49-ce07bc946852", "LSOA name (2021)": "East Suffolk 028A", "Local Authority District code (2024)": "E07000244", "Local Authority District name (2024)": "East Suffolk", "Index of Multiple Deprivation (IMD) Rank": 24134, "Index of Multiple Deprivation (IMD) Decile": 8}}, {"type": "Feature", "id": 28615, "geometry": {"type": "Polygon", "coordinates": [[[1.35129389673094, 51.9713205143876], [1.35270717002613, 51.9664016363447], [1.34926496884752, 51.966634733197], [1.34314562628626, 51.9667127603559], [1.33852403829727, 51.9696632188891], [1.35024374238528, 51.9714718932521], [1.35129389673094, 51.9713205143876]]]}, "properties": {"FID": 28615, "LSOA21CD": "E01030159", "LSOA21NM": "East Suffolk 028B", "LSOA21NMW": " ", "BNG_E": 629893, "BNG_N": 235380, "LAT": 51.96933, "LONG": 1.345434, "GlobalID": "c3d9f61c-6c7c-4266-903d-03d55d27d22b", "LSOA name (2021)": "East Suffolk 028B", "Local Authority District code (2024)": "E07000244", "Local Authority District name (2024)": "East Suffolk", "Index of Multiple Deprivation (IMD) Rank": 20733, "Index of Multiple Deprivation (IMD) Decile": 7}}, {"type": "Feature", "id": 28616, "geometry": {"type": "Polygon", "coordinates": [[[1.35269670955276, 51.9768509945785], [1.35024374238528, 51.9714718932521], [1.33852403829727, 51.9696632188891], [1.33996567346647, 51.9717725264133], [1.3326148265244, 51.9749580993992], [1.32784927979677, 51.9719973817867], [1.32726263410852, 51.9723234083911], [1.33282014573333, 51.9785448610619], [1.33602493134086, 51.9771415481714], [1.33750076277941, 51.9855864366102], [1.34942948889512, 51.9890328731674], [1.36875486743313, 51.9926438877926], [1.37259284783562, 51.9907991164173], [1.36228427824144, 51.986867278062], [1.36409396346897, 51.9844339400149], [1.35269670955276, 51.9768509945785]]]}, "properties": {"FID": 28616, "LSOA21CD": "E01030160", "LSOA21NM": "East Suffolk 029A", "LSOA21NMW": " ", "BNG_E": 630146, "BNG_N": 236626, "LAT": 51.98041, "LONG": 1.349945, "GlobalID": "c5108da0-8f0c-4e0f-af18-a10ba8a94b98", "LSOA name (2021)": "East Suffolk 029A", "Local Authority District code (2024)": "E07000244", "Local Authority District name (2024)": "East Suffolk", "Index of Multiple Deprivation (IMD) Rank": 9196, "Index of Multiple Deprivation (IMD) Decile": 3}}, {"type": "Feature", "id": 28617, "geometry": {"type": "Polygon", "coordinates": [[[1.33852403829727, 51.9696632188891], [1.34314562628626, 51.9667127603559], [1.33564007538976, 51.9676642545626], [1.3321659519476, 51.9695906157521], [1.32784927979677, 51.9719973817867], [1.3326148265244, 51.9749580993992], [1.33996567346647, 51.9717725264133], [1.33852403829727, 51.9696632188891]]]}, "properties": {"FID": 28617, "LSOA21CD": "E01030161", "LSOA21NM": "East Suffolk 029B", "LSOA21NMW": " ", "BNG_E": 629211, "BNG_N": 235502, "LAT": 51.97071, "LONG": 1.335605, "GlobalID": "9f145012-99ea-493d-bf4d-1f5ebc877300", "LSOA name (2021)": "East Suffolk 029B", "Local Authority District code (2024)": "E07000244", "Local Authority District name (2024)": "East Suffolk", "Index of Multiple Deprivation (IMD) Rank": 11863, "Index of Multiple Deprivation (IMD) Decile": 4}}, {"type": "Feature", "id": 28618, "geometry": {"type": "Polygon", "coordinates": [[[1.34727958092514, 51.9612004003957], [1.35221256708107, 51.9595151975342], [1.34850771227844, 51.9584640244686], [1.33576600281023, 51.9551044599575], [1.33994490981324, 51.9603819517273], [1.34412072294434, 51.9586498583911], [1.34368660073575, 51.9614940369432], [1.34727958092514, 51.9612004003957]]]}, "properties": {"FID": 28618, "LSOA21CD": "E01030162", "LSOA21NM": "East Suffolk 030A", "LSOA21NMW": " ", "BNG_E": 629727, "BNG_N": 234164, "LAT": 51.95849, "LONG": 1.342209, "GlobalID": "24e63757-52e9-4a56-8b89-b8426fb4b394", "LSOA name (2021)": "East Suffolk 030A", "Local Authority District code (2024)": "E07000244", "Local Authority District name (2024)": "East Suffolk", "Index of Multiple Deprivation (IMD) Rank": 10659, "Index of Multiple Deprivation (IMD) Decile": 4}}, {"type": "Feature", "id": 28619, "geometry": {"type": "Polygon", "coordinates": [[[1.31438348034472, 51.9482566503199], [1.32337316843101, 51.9493780729703], [1.33026644850626, 51.9496485358075], [1.33576600281023, 51.9551044599575], [1.34850771227844, 51.9584640244686], [1.34785212199468, 51.9578442937848], [1.344921726115, 51.9569230557976], [1.32021345294513, 51.9334942628833], [1.31983151698257, 51.9412454956339], [1.3194488429229, 51.9417380399918], [1.3193280517808, 51.943154598732], [1.3187566413379, 51.9436818716987], [1.31870942365517, 51.9455113653663], [1.31743757368271, 51.9448989947671], [1.31586600539723, 51.9463490001834], [1.31438348034472, 51.9482566503199]]]}, "properties": {"FID": 28619, "LSOA21CD": "E01030163", "LSOA21NM": "East Suffolk 030B", "LSOA21NMW": " ", "BNG_E": 628540, "BNG_N": 232717, "LAT": 51.94599, "LONG": 1.324003, "GlobalID": "492d4668-45ff-4ff0-9d67-c546207fda65", "LSOA name (2021)": "East Suffolk 030B", "Local Authority District code (2024)": "E07000244", "Local Authority District name (2024)": "East Suffolk", "Index of Multiple Deprivation (IMD) Rank": 9353, "Index of Multiple Deprivation (IMD) Decile": 3}}, {"type": "Feature", "id": 28620, "geometry": {"type": "Polygon", "coordinates": [[[1.34314562628626, 51.9667127603559], [1.34926496884752, 51.966634733197], [1.34727958092514, 51.9612004003957], [1.34368660073575, 51.9614940369432], [1.34412072294434, 51.9586498583911], [1.33994490981324, 51.9603819517273], [1.33648563990982, 51.9671770677604], [1.33564007538976, 51.9676642545626], [1.34314562628626, 51.9667127603559]]]}, "properties": {"FID": 28620, "LSOA21CD": "E01030164", "LSOA21NM": "East Suffolk 028C", "LSOA21NMW": " ", "BNG_E": 629700, "BNG_N": 234642, "LAT": 51.96279, "LONG": 1.342137, "GlobalID": "e8a906fa-6e22-4a55-ab5f-873108d9e979", "LSOA name (2021)": "East Suffolk 028C", "Local Authority District code (2024)": "E07000244", "Local Authority District name (2024)": "East Suffolk", "Index of Multiple Deprivation (IMD) Rank": 27476, "Index of Multiple Deprivation (IMD) Decile": 9}}, {"type": "Feature", "id": 28621, "geometry": {"type": "Polygon", "coordinates": [[[1.35270717002613, 51.9664016363447], [1.35393828044405, 51.9656137721724], [1.35685185506379, 51.9606728525274], [1.35675994066686, 51.9606439699587], [1.35221256708107, 51.9595151975342], [1.34727958092514, 51.9612004003957], [1.34926496884752, 51.966634733197], [1.35270717002613, 51.9664016363447]]]}, "properties": {"FID": 28621, "LSOA21CD": "E01030165", "LSOA21NM": "East Suffolk 030C", "LSOA21NMW": " ", "BNG_E": 630367, "BNG_N": 234737, "LAT": 51.96337, "LONG": 1.351891, "GlobalID": "47dd92c1-dee1-4663-9856-41f2f51dabde", "LSOA name (2021)": "East Suffolk 030C", "Local Authority District code (2024)": "E07000244", "Local Authority District name (2024)": "East Suffolk", "Index of Multiple Deprivation (IMD) Rank": 14733, "Index of Multiple Deprivation (IMD) Decile": 5}}, {"type": "Feature", "id": 28622, "geometry": {"type": "Polygon", "coordinates": [[[1.36985700035547, 51.9691680740542], [1.37362167960404, 51.9695566523043], [1.36455674616574, 51.9636795777638], [1.35574976728142, 51.9674557345578], [1.35393828044405, 51.9656137721724], [1.35270717002613, 51.9664016363447], [1.35129389673094, 51.9713205143876], [1.35789981546197, 51.9716216350836], [1.36160646982101, 51.9681990455536], [1.36985700035547, 51.9691680740542]]]}, "properties": {"FID": 28622, "LSOA21CD": "E01030166", "LSOA21NM": "East Suffolk 028D", "LSOA21NMW": " ", "BNG_E": 631113, "BNG_N": 235247, "LAT": 51.96763, "LONG": 1.363073, "GlobalID": "4c0a71f0-c86e-4610-8717-1aab280526fc", "LSOA name (2021)": "East Suffolk 028D", "Local Authority District code (2024)": "E07000244", "Local Authority District name (2024)": "East Suffolk", "Index of Multiple Deprivation (IMD) Rank": 31741, "Index of Multiple Deprivation (IMD) Decile": 10}}, {"type": "Feature", "id": 28623, "geometry": {"type": "Polygon", "coordinates": [[[1.36455674616574, 51.9636795777638], [1.36280407325483, 51.9625430168424], [1.35685185506379, 51.9606728525274], [1.35393828044405, 51.9656137721724], [1.35574976728142, 51.9674557345578], [1.36455674616574, 51.9636795777638]]]}, "properties": {"FID": 28623, "LSOA21CD": "E01030167", "LSOA21NM": "East Suffolk 030D", "LSOA21NMW": " ", "BNG_E": 630898, "BNG_N": 234839, "LAT": 51.96406, "LONG": 1.359675, "GlobalID": "5bfa7be7-e039-4a4d-82f4-a56ab160844b", "LSOA name (2021)": "East Suffolk 030D", "Local Authority District code (2024)": "E07000244", "Local Authority District name (2024)": "East Suffolk", "Index of Multiple Deprivation (IMD) Rank": 24599, "Index of Multiple Deprivation (IMD) Decile": 8}}, {"type": "Feature", "id": 28624, "geometry": {"type": "Polygon", "coordinates": [[[1.33564007538976, 51.9676642545626], [1.33648563990982, 51.9671770677604], [1.33537622084772, 51.9625827214003], [1.33316300110324, 51.9650526470346], [1.33037940749213, 51.9628880560991], [1.32579351244444, 51.9642734504937], [1.32547412518448, 51.9674194204835], [1.3321659519476, 51.9695906157521], [1.33564007538976, 51.9676642545626]]]}, "properties": {"FID": 28624, "LSOA21CD": "E01030168", "LSOA21NM": "East Suffolk 029C", "LSOA21NMW": " ", "BNG_E": 628911, "BNG_N": 234980, "LAT": 51.96615, "LONG": 1.330898, "GlobalID": "044e6380-ea74-4f03-bde0-acf02b038329", "LSOA name (2021)": "East Suffolk 029C", "Local Authority District code (2024)": "E07000244", "Local Authority District name (2024)": "East Suffolk", "Index of Multiple Deprivation (IMD) Rank": 3591, "Index of Multiple Deprivation (IMD) Decile": 2}}, {"type": "Feature", "id": 28625, "geometry": {"type": "Polygon", "coordinates": [[[1.32784927979677, 51.9719973817867], [1.3321659519476, 51.9695906157521], [1.32547412518448, 51.9674194204835], [1.32579351244444, 51.9642734504937], [1.3228946602319, 51.9665201682088], [1.32726263410852, 51.9723234083911], [1.32784927979677, 51.9719973817867]]]}, "properties": {"FID": 28625, "LSOA21CD": "E01030169", "LSOA21NM": "East Suffolk 029D", "LSOA21NMW": " ", "BNG_E": 628670, "BNG_N": 235362, "LAT": 51.96968, "LONG": 1.32765, "GlobalID": "c8acbcf3-e4ad-48ba-9364-c9dd074382bd", "LSOA name (2021)": "East Suffolk 029D", "Local Authority District code (2024)": "E07000244", "Local Authority District name (2024)": "East Suffolk", "Index of Multiple Deprivation (IMD) Rank": 11841, "Index of Multiple Deprivation (IMD) Decile": 4}}, {"type": "Feature", "id": 28626, "geometry": {"type": "Polygon", "coordinates": [[[1.33994490981324, 51.9603819517273], [1.33576600281023, 51.9551044599575], [1.33026644850626, 51.9496485358075], [1.32337316843101, 51.9493780729703], [1.32798273847988, 51.9591858994868], [1.32957884738687, 51.9546448223178], [1.33336646309754, 51.9562004645165], [1.33037940749213, 51.9628880560991], [1.33316300110324, 51.9650526470346], [1.33537622084772, 51.9625827214003], [1.33648563990982, 51.9671770677604], [1.33994490981324, 51.9603819517273]]]}, "properties": {"FID": 28626, "LSOA21CD": "E01030170", "LSOA21NM": "East Suffolk 029E", "LSOA21NMW": " ", "BNG_E": 629025, "BNG_N": 233549, "LAT": 51.95326, "LONG": 1.331601, "GlobalID": "4719ea81-8cb2-465a-8b19-5d9885e6d129", "LSOA name (2021)": "East Suffolk 029E", "Local Authority District code (2024)": "E07000244", "Local Authority District name (2024)": "East Suffolk", "Index of Multiple Deprivation (IMD) Rank": 5895, "Index of Multiple Deprivation (IMD) Decile": 2}}, {"type": "Feature", "id": 28627, "geometry": {"type": "Polygon", "coordinates": [[[1.32579351244444, 51.9642734504937], [1.33037940749213, 51.9628880560991], [1.33336646309754, 51.9562004645165], [1.32957884738687, 51.9546448223178], [1.32798273847988, 51.9591858994868], [1.32337316843101, 51.9493780729703], [1.31438348034472, 51.9482566503199], [1.31430369783888, 51.9483593070127], [1.31589643265938, 51.9511942502746], [1.31564321779581, 51.9513562231935], [1.31567357181875, 51.9514103165379], [1.29793322665477, 51.959278432165], [1.29603969001646, 51.9601301938439], [1.30837060267778, 51.9631851952135], [1.31143800569979, 51.9614679998251], [1.3228946602319, 51.9665201682088], [1.32579351244444, 51.9642734504937]]]}, "properties": {"FID": 28627, "LSOA21CD": "E01030171", "LSOA21NM": "East Suffolk 027A", "LSOA21NMW": " ", "BNG_E": 627832, "BNG_N": 233963, "LAT": 51.95746, "LONG": 1.314546, "GlobalID": "d7db87c4-4f16-4928-8aac-83687654fecc", "LSOA name (2021)": "East Suffolk 027A", "Local Authority District code (2024)": "E07000244", "Local Authority District name (2024)": "East Suffolk", "Index of Multiple Deprivation (IMD) Rank": 20231, "Index of Multiple Deprivation (IMD) Decile": 6}}, {"type": "Feature", "id": 28628, "geometry": {"type": "Polygon", "coordinates": [[[1.38050476449736, 52.2288176760854], [1.37088502594488, 52.2113804818832], [1.36392062674888, 52.2097391196296], [1.35067210717467, 52.1949471617913], [1.32910998865966, 52.2021339561606], [1.34025821793667, 52.2050548728679], [1.34309560185952, 52.2026959492309], [1.34888996247715, 52.2037825898132], [1.35075085139223, 52.207499157644], [1.34303065376562, 52.2128892320048], [1.34857966850116, 52.2193606041398], [1.35836674768493, 52.2177722396076], [1.35979788174255, 52.2261232469723], [1.35567638909896, 52.2291782094738], [1.34268799293459, 52.2272373452368], [1.33806092651712, 52.2308137502761], [1.32763725912049, 52.2297110344522], [1.33654659051949, 52.2261995895244], [1.33255979824225, 52.2225258832312], [1.34062711591212, 52.225005894747], [1.3396328671258, 52.2223426698101], [1.34505386194885, 52.221551939544], [1.3404742946336, 52.2110188916882], [1.32985097715343, 52.2044918803842], [1.31999971149035, 52.2148482816269], [1.30827492688984, 52.2150418913751], [1.2972212732004, 52.2206009203998], [1.30338468102757, 52.2230645898662], [1.3247730266985, 52.2417186988834], [1.32192975133933, 52.2476234691394], [1.32984872311483, 52.2457129755026], [1.33735053100127, 52.2475615162848], [1.34288980648258, 52.2438206686941], [1.36173092552272, 52.2491109326842], [1.36430914133123, 52.242591787706], [1.36043891043736, 52.2369071215507], [1.38050476449736, 52.2288176760854]]]}, "properties": {"FID": 28628, "LSOA21CD": "E01030172", "LSOA21NM": "East Suffolk 017B", "LSOA21NMW": " ", "BNG_E": 626750, "BNG_N": 263510, "LAT": 52.22311, "LONG": 1.318462, "GlobalID": "73038919-e21e-44dd-ac5e-62c0f2702dcf", "LSOA name (2021)": "East Suffolk 017B", "Local Authority District code (2024)": "E07000244", "Local Authority District name (2024)": "East Suffolk", "Index of Multiple Deprivation (IMD) Rank": 24424, "Index of Multiple Deprivation (IMD) Decile": 8}}, {"type": "Feature", "id": 28629, "geometry": {"type": "Polygon", "coordinates": [[[1.32910998865966, 52.2021339561606], [1.32985097715343, 52.2044918803842], [1.3404742946336, 52.2110188916882], [1.34505386194885, 52.221551939544], [1.3396328671258, 52.2223426698101], [1.34062711591212, 52.225005894747], [1.33255979824225, 52.2225258832312], [1.33654659051949, 52.2261995895244], [1.32763725912049, 52.2297110344522], [1.33806092651712, 52.2308137502761], [1.34268799293459, 52.2272373452368], [1.35567638909896, 52.2291782094738], [1.35979788174255, 52.2261232469723], [1.35836674768493, 52.2177722396076], [1.34857966850116, 52.2193606041398], [1.34303065376562, 52.2128892320048], [1.35075085139223, 52.207499157644], [1.34888996247715, 52.2037825898132], [1.34309560185952, 52.2026959492309], [1.34025821793667, 52.2050548728679], [1.32910998865966, 52.2021339561606]]]}, "properties": {"FID": 28629, "LSOA21CD": "E01030173", "LSOA21NM": "East Suffolk 017C", "LSOA21NMW": " ", "BNG_E": 628450, "BNG_N": 262298, "LAT": 52.21153, "LONG": 1.342489, "GlobalID": "1945d749-2bc8-43a6-833b-b949989ed589", "LSOA name (2021)": "East Suffolk 017C", "Local Authority District code (2024)": "E07000244", "Local Authority District name (2024)": "East Suffolk", "Index of Multiple Deprivation (IMD) Rank": 17026, "Index of Multiple Deprivation (IMD) Decile": 6}}, {"type": "Feature", "id": 28630, "geometry": {"type": "Polygon", "coordinates": [[[1.40164565388497, 52.2856991251745], [1.41171762859984, 52.2840678681206], [1.41477025039838, 52.2794843688964], [1.41086328833869, 52.2758947576937], [1.42226116875876, 52.2675287844241], [1.41996367538534, 52.2638941882456], [1.42345849803264, 52.261024221128], [1.40541940555793, 52.2586734133218], [1.39911793061271, 52.2509253036296], [1.39005178223052, 52.2477755950375], [1.3809265034286, 52.2390945652338], [1.38050476449736, 52.2288176760854], [1.36043891043736, 52.2369071215507], [1.36430914133123, 52.242591787706], [1.36173092552272, 52.2491109326842], [1.34288980648258, 52.2438206686941], [1.33735053100127, 52.2475615162848], [1.32984872311483, 52.2457129755026], [1.32192975133933, 52.2476234691394], [1.3247730266985, 52.2417186988834], [1.30338468102757, 52.2230645898662], [1.29110583144268, 52.2351885649847], [1.27979606139263, 52.2383031899318], [1.28855194626784, 52.2419408288458], [1.29351581441198, 52.2476089729113], [1.29246429606128, 52.2548474118568], [1.3010178616626, 52.2590162435427], [1.31672367562997, 52.2586210589365], [1.32645338453195, 52.2646417842381], [1.33976730410703, 52.2659265234289], [1.33686195295762, 52.276668206676], [1.34126836268024, 52.2844484712634], [1.33040279109073, 52.2909660945407], [1.32759083452947, 52.2984790015088], [1.34729581988095, 52.2934051409453], [1.34443149261395, 52.2820892608586], [1.35565733987099, 52.2740774521198], [1.35548102691281, 52.2787747396945], [1.37631106739191, 52.2754552143487], [1.38150166238745, 52.2798159429252], [1.40164565388497, 52.2856991251745]]]}, "properties": {"FID": 28630, "LSOA21CD": "E01030174", "LSOA21NM": "East Suffolk 017D", "LSOA21NMW": " ", "BNG_E": 629663, "BNG_N": 267692, "LAT": 52.25944, "LONG": 1.363873, "GlobalID": "965d2947-f637-44ff-8407-539cf96159a8", "LSOA name (2021)": "East Suffolk 017D", "Local Authority District code (2024)": "E07000244", "Local Authority District name (2024)": "East Suffolk", "Index of Multiple Deprivation (IMD) Rank": 15192, "Index of Multiple Deprivation (IMD) Decile": 5}}, {"type": "Feature", "id": 28631, "geometry": {"type": "Polygon", "coordinates": [[[1.28498255027132, 52.0955279045919], [1.2872235254458, 52.0884107893803], [1.28540429522827, 52.0839231995377], [1.28164291578549, 52.081437879303], [1.27124508028423, 52.0838768051276], [1.27316788248064, 52.0790586470149], [1.26071160607633, 52.0710504227749], [1.24948493808278, 52.0698830962668], [1.24443029097077, 52.0702685923439], [1.2412106429611, 52.0738592540647], [1.24716674922995, 52.086336939384], [1.23769384870171, 52.095698855984], [1.2317964473516, 52.0953768700309], [1.23194265158171, 52.0921866765703], [1.22403101605771, 52.089541420042], [1.21497128250248, 52.0895389553994], [1.21172642633004, 52.0981113190222], [1.21980006776255, 52.119269834094], [1.20913594808329, 52.1360584085833], [1.22479883808545, 52.1373372943424], [1.22485641843431, 52.1324715812765], [1.23198281737833, 52.1266935680625], [1.24250587412047, 52.1246426101956], [1.25211228151668, 52.1124420213697], [1.25865188239882, 52.1101214223371], [1.26416946738327, 52.1117754184428], [1.26401043827622, 52.1063654205655], [1.25891377290788, 52.1039521346199], [1.27011570727263, 52.0963671058656], [1.28498255027132, 52.0955279045919]]]}, "properties": {"FID": 28631, "LSOA21CD": "E01030175", "LSOA21NM": "East Suffolk 021A", "LSOA21NMW": " ", "BNG_E": 622500, "BNG_N": 249899, "LAT": 52.10267, "LONG": 1.247433, "GlobalID": "5ae0cbd1-65ef-4340-a15f-d90f976ebf0b", "LSOA name (2021)": "East Suffolk 021A", "Local Authority District code (2024)": "E07000244", "Local Authority District name (2024)": "East Suffolk", "Index of Multiple Deprivation (IMD) Rank": 23416, "Index of Multiple Deprivation (IMD) Decile": 7}}, {"type": "Feature", "id": 28632, "geometry": {"type": "Polygon", "coordinates": [[[1.45723908780727, 52.2475739032763], [1.46005668264198, 52.2327002644505], [1.46437602562979, 52.2308178661046], [1.45932708140346, 52.2254312124756], [1.46005485093422, 52.2214796319618], [1.45599366441517, 52.2216806697161], [1.45404397884143, 52.2164363283393], [1.44611177953271, 52.2172890029759], [1.4432936130768, 52.2149501014561], [1.44794466849782, 52.2063092632679], [1.44101349392852, 52.2006593703682], [1.43020292942405, 52.201637888855], [1.42369736569283, 52.1967818522083], [1.41927232885116, 52.1973519636095], [1.41731789893576, 52.1935580915875], [1.43374649693001, 52.1832389730169], [1.44845715784441, 52.1817681259877], [1.4522190666938, 52.1731538460686], [1.41569695061073, 52.1643573576857], [1.3984905057848, 52.1671298991905], [1.39666009133674, 52.1613105132023], [1.37464002590779, 52.1534242486382], [1.36948703269917, 52.1565621175064], [1.37188818256754, 52.1613368248837], [1.36718521723502, 52.1629324295963], [1.35549229392222, 52.1591584984744], [1.35744777045136, 52.1641707603739], [1.34946266015663, 52.167199533212], [1.35978053501084, 52.1764679630353], [1.35067210717467, 52.1949471617913], [1.36392062674888, 52.2097391196296], [1.37088502594488, 52.2113804818832], [1.38050476449736, 52.2288176760854], [1.3809265034286, 52.2390945652338], [1.39005178223052, 52.2477755950375], [1.39911793061271, 52.2509253036296], [1.40541940555793, 52.2586734133218], [1.42345849803264, 52.261024221128], [1.43199992910709, 52.2560733835844], [1.4433844530583, 52.2560424609253], [1.44151280323208, 52.2540752466057], [1.45723908780727, 52.2475739032763]]]}, "properties": {"FID": 28632, "LSOA21CD": "E01030176", "LSOA21NM": "East Suffolk 017E", "LSOA21NMW": " ", "BNG_E": 632833, "BNG_N": 262650, "LAT": 52.21286, "LONG": 1.406764, "GlobalID": "a9313c83-64e8-456f-b6ea-3b77ab40c59a", "LSOA name (2021)": "East Suffolk 017E", "Local Authority District code (2024)": "E07000244", "Local Authority District name (2024)": "East Suffolk", "Index of Multiple Deprivation (IMD) Rank": 14660, "Index of Multiple Deprivation (IMD) Decile": 5}}, {"type": "Feature", "id": 28633, "geometry": {"type": "Polygon", "coordinates": [[[1.25044054781523, 52.0662988066261], [1.24937908435194, 52.0603087109512], [1.24070206216044, 52.0591389012649], [1.2435958543967, 52.0573145443995], [1.2505247639743, 52.0576695819831], [1.24293533933282, 52.0508235600425], [1.235145407041, 52.050115767436], [1.23482154925718, 52.0594085899784], [1.2388723359741, 52.0603362429867], [1.25009360708284, 52.066973813197], [1.25044054781523, 52.0662988066261]]]}, "properties": {"FID": 28633, "LSOA21CD": "E01030179", "LSOA21NM": "East Suffolk 024A", "LSOA21NMW": " ", "BNG_E": 622382, "BNG_N": 244461, "LAT": 52.0539, "LONG": 1.242172, "GlobalID": "1662d22e-0e18-4a45-9164-25682c1a0d0f", "LSOA name (2021)": "East Suffolk 024A", "Local Authority District code (2024)": "E07000244", "Local Authority District name (2024)": "East Suffolk", "Index of Multiple Deprivation (IMD) Rank": 29050, "Index of Multiple Deprivation (IMD) Decile": 9}}, {"type": "Feature", "id": 28634, "geometry": {"type": "Polygon", "coordinates": [[[1.24948493808278, 52.0698830962668], [1.25009360708284, 52.066973813197], [1.2388723359741, 52.0603362429867], [1.23714576817419, 52.0667518455974], [1.23871989009664, 52.0703524599751], [1.24443029097077, 52.0702685923439], [1.24948493808278, 52.0698830962668]]]}, "properties": {"FID": 28634, "LSOA21CD": "E01030180", "LSOA21NM": "East Suffolk 024B", "LSOA21NMW": " ", "BNG_E": 622413, "BNG_N": 245830, "LAT": 52.06618, "LONG": 1.243514, "GlobalID": "2ce60da2-cb58-4f5c-851f-80cbd8def052", "LSOA name (2021)": "East Suffolk 024B", "Local Authority District code (2024)": "E07000244", "Local Authority District name (2024)": "East Suffolk", "Index of Multiple Deprivation (IMD) Rank": 30534, "Index of Multiple Deprivation (IMD) Decile": 10}}, {"type": "Feature", "id": 28635, "geometry": {"type": "Polygon", "coordinates": [[[1.25699925253364, 52.0631254789424], [1.25362020565625, 52.0615528226414], [1.25971071904375, 52.0592027369855], [1.25257443401975, 52.0595541594693], [1.24937908435194, 52.0603087109512], [1.25044054781523, 52.0662988066261], [1.25581599989435, 52.0675530752763], [1.25699925253364, 52.0631254789424]]]}, "properties": {"FID": 28635, "LSOA21CD": "E01030181", "LSOA21NM": "East Suffolk 025A", "LSOA21NMW": " ", "BNG_E": 623166, "BNG_N": 245612, "LAT": 52.06392, "LONG": 1.254338, "GlobalID": "0ea89f04-8ace-488e-b78e-4c59a33c939a", "LSOA name (2021)": "East Suffolk 025A", "Local Authority District code (2024)": "E07000244", "Local Authority District name (2024)": "East Suffolk", "Index of Multiple Deprivation (IMD) Rank": 30477, "Index of Multiple Deprivation (IMD) Decile": 10}}, {"type": "Feature", "id": 28636, "geometry": {"type": "Polygon", "coordinates": [[[1.22225450160871, 52.0533337111274], [1.21960195312928, 52.0576364930156], [1.22068525976844, 52.0646098754176], [1.22741881687503, 52.0652792225189], [1.23123076841686, 52.0575909414175], [1.22752313246771, 52.0530566234027], [1.22225450160871, 52.0533337111274]]]}, "properties": {"FID": 28636, "LSOA21CD": "E01030183", "LSOA21NM": "East Suffolk 024C", "LSOA21NMW": " ", "BNG_E": 621179, "BNG_N": 244993, "LAT": 52.05916, "LONG": 1.225, "GlobalID": "86ff18e9-1021-47b5-8ba2-a6a04f7c3085", "LSOA name (2021)": "East Suffolk 024C", "Local Authority District code (2024)": "E07000244", "Local Authority District name (2024)": "East Suffolk", "Index of Multiple Deprivation (IMD) Rank": 28534, "Index of Multiple Deprivation (IMD) Decile": 9}}, {"type": "Feature", "id": 28637, "geometry": {"type": "Polygon", "coordinates": [[[1.2388723359741, 52.0603362429867], [1.23482154925718, 52.0594085899784], [1.235145407041, 52.050115767436], [1.22469376247141, 52.0493716743926], [1.22225450160871, 52.0533337111274], [1.22752313246771, 52.0530566234027], [1.23123076841686, 52.0575909414175], [1.22741881687503, 52.0652792225189], [1.23714576817419, 52.0667518455974], [1.2388723359741, 52.0603362429867]]]}, "properties": {"FID": 28637, "LSOA21CD": "E01030184", "LSOA21NM": "East Suffolk 024D", "LSOA21NMW": " ", "BNG_E": 621564, "BNG_N": 244425, "LAT": 52.0539, "LONG": 1.230238, "GlobalID": "17a1fe54-aee9-47e4-abd9-728a46b27fa4", "LSOA name (2021)": "East Suffolk 024D", "Local Authority District code (2024)": "E07000244", "Local Authority District name (2024)": "East Suffolk", "Index of Multiple Deprivation (IMD) Rank": 17893, "Index of Multiple Deprivation (IMD) Decile": 6}}, {"type": "Feature", "id": 28638, "geometry": {"type": "Polygon", "coordinates": [[[1.31017196340182, 52.0947739602875], [1.31005217879843, 52.0937838676555], [1.30416392954024, 52.0936766620998], [1.29609984329925, 52.0867271772457], [1.2872235254458, 52.0884107893803], [1.28498255027132, 52.0955279045919], [1.29197454319875, 52.0951152158428], [1.29524842763724, 52.1005227398253], [1.30090002709519, 52.1018008104234], [1.29932966001535, 52.097966132592], [1.31017196340182, 52.0947739602875]]]}, "properties": {"FID": 28638, "LSOA21CD": "E01030185", "LSOA21NM": "East Suffolk 022B", "LSOA21NMW": " ", "BNG_E": 625963, "BNG_N": 249128, "LAT": 52.09434, "LONG": 1.297397, "GlobalID": "1e123cd2-b5a0-4b28-bed6-c16d18bda80a", "LSOA name (2021)": "East Suffolk 022B", "Local Authority District code (2024)": "E07000244", "Local Authority District name (2024)": "East Suffolk", "Index of Multiple Deprivation (IMD) Rank": 10872, "Index of Multiple Deprivation (IMD) Decile": 4}}, {"type": "Feature", "id": 28639, "geometry": {"type": "Polygon", "coordinates": [[[1.54964955848685, 52.2117482060638], [1.55145271073291, 52.2099002459058], [1.55193110400105, 52.204412436982], [1.55980894473916, 52.2018478727412], [1.56372709204852, 52.2009476041739], [1.5686620963955, 52.2056970065978], [1.57409523256289, 52.2052188684559], [1.57430069726687, 52.2013457577205], [1.5782640863575, 52.2035573486724], [1.5835253452699, 52.1982849278874], [1.57135884795977, 52.1998747898545], [1.56714888830114, 52.1971016122345], [1.56574354997116, 52.1923145230359], [1.57154407281202, 52.1909140995261], [1.56657218121628, 52.1831064985935], [1.55905698058878, 52.1833660292271], [1.55711774672138, 52.1902797489472], [1.5317088707551, 52.1899948499202], [1.53347778621232, 52.1945032065914], [1.51927476812872, 52.2005472572994], [1.52222047326132, 52.2071152241553], [1.52081503550483, 52.2213625712269], [1.53859875177218, 52.2119596862307], [1.54964955848685, 52.2117482060638]]]}, "properties": {"FID": 28639, "LSOA21CD": "E01030186", "LSOA21NM": "East Suffolk 018A", "LSOA21NMW": " ", "BNG_E": 642050, "BNG_N": 261922, "LAT": 52.20236, "LONG": 1.540888, "GlobalID": "063acb89-b8b9-40b5-943a-c37445e903a7", "LSOA name (2021)": "East Suffolk 018A", "Local Authority District code (2024)": "E07000244", "Local Authority District name (2024)": "East Suffolk", "Index of Multiple Deprivation (IMD) Rank": 14274, "Index of Multiple Deprivation (IMD) Decile": 5}}, {"type": "Feature", "id": 28640, "geometry": {"type": "Polygon", "coordinates": [[[1.62282671090914, 52.2040415182179], [1.61329283938518, 52.2021164231258], [1.61690530335305, 52.1979418300293], [1.59112471817293, 52.1961930902485], [1.5835253452699, 52.1982849278874], [1.5782640863575, 52.2035573486724], [1.58101230889319, 52.2064961558855], [1.5940792431905, 52.2118829959483], [1.58983375068791, 52.2173373455188], [1.57835160965324, 52.2184148845573], [1.57350759904882, 52.2121628948813], [1.56964451908725, 52.215337909454], [1.56633112926701, 52.2105536789357], [1.55145271073291, 52.2099002459058], [1.54964955848685, 52.2117482060638], [1.57212336933502, 52.2250170873453], [1.58218453526854, 52.2250610510049], [1.58498901372285, 52.2299059268967], [1.58906187720785, 52.2290061653799], [1.59158623196403, 52.2376243831163], [1.59474561116547, 52.2376181546101], [1.59104036609709, 52.2401877987454], [1.61402250084147, 52.2422641662696], [1.62090965091271, 52.239787131534], [1.62929056471623, 52.2458947937266], [1.62282671090914, 52.2040415182179]]]}, "properties": {"FID": 28640, "LSOA21CD": "E01030187", "LSOA21NM": "East Suffolk 019C", "LSOA21NMW": " ", "BNG_E": 645750, "BNG_N": 264231, "LAT": 52.22144, "LONG": 1.596594, "GlobalID": "190bfb89-9daf-4135-802c-792be9eb2b37", "LSOA name (2021)": "East Suffolk 019C", "Local Authority District code (2024)": "E07000244", "Local Authority District name (2024)": "East Suffolk", "Index of Multiple Deprivation (IMD) Rank": 12282, "Index of Multiple Deprivation (IMD) Decile": 4}}, {"type": "Feature", "id": 28641, "geometry": {"type": "Polygon", "coordinates": [[[1.58101230889319, 52.2064961558855], [1.5782640863575, 52.2035573486724], [1.57430069726687, 52.2013457577205], [1.57409523256289, 52.2052188684559], [1.5686620963955, 52.2056970065978], [1.56823171272272, 52.2077578924697], [1.57272208892988, 52.2064410678082], [1.58467372580129, 52.2102269043862], [1.57948198482358, 52.2084322066555], [1.58101230889319, 52.2064961558855]]]}, "properties": {"FID": 28641, "LSOA21CD": "E01030188", "LSOA21NM": "East Suffolk 019D", "LSOA21NMW": " ", "BNG_E": 644311, "BNG_N": 262425, "LAT": 52.20587, "LONG": 1.574269, "GlobalID": "37a127a7-0749-4c4e-860d-6e32e3ad8efd", "LSOA name (2021)": "East Suffolk 019D", "Local Authority District code (2024)": "E07000244", "Local Authority District name (2024)": "East Suffolk", "Index of Multiple Deprivation (IMD) Rank": 10238, "Index of Multiple Deprivation (IMD) Decile": 4}}, {"type": "Feature", "id": 28642, "geometry": {"type": "Polygon", "coordinates": [[[1.58101230889319, 52.2064961558855], [1.57948198482358, 52.2084322066555], [1.58467372580129, 52.2102269043862], [1.57272208892988, 52.2064410678082], [1.56823171272272, 52.2077578924697], [1.5686620963955, 52.2056970065978], [1.56372709204852, 52.2009476041739], [1.55980894473916, 52.2018478727412], [1.55193110400105, 52.204412436982], [1.55145271073291, 52.2099002459058], [1.56633112926701, 52.2105536789357], [1.56964451908725, 52.215337909454], [1.57350759904882, 52.2121628948813], [1.57835160965324, 52.2184148845573], [1.58983375068791, 52.2173373455188], [1.5940792431905, 52.2118829959483], [1.58101230889319, 52.2064961558855]]]}, "properties": {"FID": 28642, "LSOA21CD": "E01030189", "LSOA21NM": "East Suffolk 019E", "LSOA21NMW": " ", "BNG_E": 643954, "BNG_N": 262837, "LAT": 52.20973, "LONG": 1.569351, "GlobalID": "8367e68c-f8b6-4456-8c4c-e453e7f15977", "LSOA name (2021)": "East Suffolk 019E", "Local Authority District code (2024)": "E07000244", "Local Authority District name (2024)": "East Suffolk", "Index of Multiple Deprivation (IMD) Rank": 8189, "Index of Multiple Deprivation (IMD) Decile": 3}}, {"type": "Feature", "id": 28643, "geometry": {"type": "Polygon", "coordinates": [[[1.295456869615, 52.077300063606], [1.29553569993193, 52.0770230138714], [1.29838513816454, 52.0771010006338], [1.29850259635126, 52.0771009673905], [1.31742391761407, 52.0760950145231], [1.32393034874232, 52.0639694850867], [1.3239447912965, 52.0639425619048], [1.3128774766959, 52.0594443926125], [1.3000725272592, 52.0590869537477], [1.30144417091079, 52.0536730605405], [1.29131800370872, 52.052933685014], [1.28010642405634, 52.0601075362642], [1.27936037760996, 52.0648593436193], [1.26313193898359, 52.0681622526393], [1.26071160607633, 52.0710504227749], [1.27316788248064, 52.0790586470149], [1.27124508028423, 52.0838768051276], [1.28164291578549, 52.081437879303], [1.28540429522827, 52.0839231995377], [1.2937355939567, 52.0850693414816], [1.295456869615, 52.077300063606]]]}, "properties": {"FID": 28643, "LSOA21CD": "E01030190", "LSOA21NM": "East Suffolk 025B", "LSOA21NMW": " ", "BNG_E": 625769, "BNG_N": 246292, "LAT": 52.06897, "LONG": 1.292694, "GlobalID": "d5dd0c58-6a9a-45b2-bfff-2f34a141fe6a", "LSOA name (2021)": "East Suffolk 025B", "Local Authority District code (2024)": "E07000244", "Local Authority District name (2024)": "East Suffolk", "Index of Multiple Deprivation (IMD) Rank": 24250, "Index of Multiple Deprivation (IMD) Decile": 8}}, {"type": "Feature", "id": 28644, "geometry": {"type": "Polygon", "coordinates": [[[1.28010642405634, 52.0601075362642], [1.27276329869649, 52.0592428279802], [1.27267082335206, 52.0569954784431], [1.26302805398318, 52.0626778598433], [1.26313193898359, 52.0681622526393], [1.27936037760996, 52.0648593436193], [1.28010642405634, 52.0601075362642]]]}, "properties": {"FID": 28644, "LSOA21CD": "E01030191", "LSOA21NM": "East Suffolk 025C", "LSOA21NMW": " ", "BNG_E": 624368, "BNG_N": 245511, "LAT": 52.06252, "LONG": 1.271777, "GlobalID": "51a67a7d-f9c7-4871-a98b-4c20d1c32558", "LSOA name (2021)": "East Suffolk 025C", "Local Authority District code (2024)": "E07000244", "Local Authority District name (2024)": "East Suffolk", "Index of Multiple Deprivation (IMD) Rank": 25121, "Index of Multiple Deprivation (IMD) Decile": 8}}, {"type": "Feature", "id": 28645, "geometry": {"type": "Polygon", "coordinates": [[[1.28010642405634, 52.0601075362642], [1.29131800370872, 52.052933685014], [1.25855559877297, 52.0549811242984], [1.26357416693918, 52.0605125717573], [1.26302805398318, 52.0626778598433], [1.27267082335206, 52.0569954784431], [1.27276329869649, 52.0592428279802], [1.28010642405634, 52.0601075362642]]]}, "properties": {"FID": 28645, "LSOA21CD": "E01030192", "LSOA21NM": "East Suffolk 025D", "LSOA21NMW": " ", "BNG_E": 624628, "BNG_N": 244868, "LAT": 52.05665, "LONG": 1.27514, "GlobalID": "5eda30ab-4320-4e6f-828b-8daaf6dd62b4", "LSOA name (2021)": "East Suffolk 025D", "Local Authority District code (2024)": "E07000244", "Local Authority District name (2024)": "East Suffolk", "Index of Multiple Deprivation (IMD) Rank": 31251, "Index of Multiple Deprivation (IMD) Decile": 10}}, {"type": "Feature", "id": 28646, "geometry": {"type": "Polygon", "coordinates": [[[1.37953187553869, 52.1450794022937], [1.3798262685117, 52.1413059037111], [1.392622017809, 52.1360329128349], [1.38855889995319, 52.127413482191], [1.37744195907664, 52.1275785419868], [1.37267173598478, 52.1206717509505], [1.36658583100337, 52.1212952569615], [1.36172559930676, 52.1174159457245], [1.3587786475449, 52.1145517904629], [1.35395337695558, 52.1163073991104], [1.34619266784964, 52.1181761864508], [1.3436878885043, 52.113260689343], [1.3417662622644, 52.1151527719259], [1.33871902588318, 52.1111759851694], [1.32605838866908, 52.1098860736675], [1.32458523303113, 52.1072926225157], [1.32065633975067, 52.1090150614115], [1.31849341179758, 52.1055767628659], [1.31209230762915, 52.1057285603707], [1.30664830349431, 52.1043431252704], [1.31008462502282, 52.1089402895241], [1.3057555140392, 52.1115576187638], [1.320321986143, 52.114136148102], [1.32063539949892, 52.1201915004484], [1.32654827119621, 52.1231185184627], [1.32030864608148, 52.1254241835507], [1.32037207955755, 52.1290132488427], [1.33077368949362, 52.1278989952468], [1.32863648463401, 52.1339823569057], [1.32417162342798, 52.1350311899433], [1.32722914821156, 52.1399917363537], [1.33570739077438, 52.1408099017256], [1.3367345509428, 52.1473088408482], [1.34414769678666, 52.1455266325587], [1.37110577835057, 52.1488771486519], [1.37953187553869, 52.1450794022937]]]}, "properties": {"FID": 28646, "LSOA21CD": "E01030193", "LSOA21NM": "East Suffolk 020A", "LSOA21NMW": " ", "BNG_E": 629268, "BNG_N": 252846, "LAT": 52.12636, "LONG": 1.348059, "GlobalID": "fcf7649f-3c62-4b07-a8a9-e218f0a40fc2", "LSOA name (2021)": "East Suffolk 020A", "Local Authority District code (2024)": "E07000244", "Local Authority District name (2024)": "East Suffolk", "Index of Multiple Deprivation (IMD) Rank": 23747, "Index of Multiple Deprivation (IMD) Decile": 8}}, {"type": "Feature", "id": 28647, "geometry": {"type": "Polygon", "coordinates": [[[1.35395337695558, 52.1163073991104], [1.35029438959819, 52.1053429665376], [1.34638858322462, 52.103565714348], [1.33723699331583, 52.1037661879728], [1.33407083608263, 52.1015101015661], [1.33390893851782, 52.1013947303701], [1.3328379036157, 52.1013076720795], [1.33212199366042, 52.1001212713077], [1.32605289286522, 52.0957954344878], [1.32576314877213, 52.09559181249], [1.32071960222594, 52.0966061495891], [1.3294140085489, 52.1036769209058], [1.32458523303113, 52.1072926225157], [1.32605838866908, 52.1098860736675], [1.33871902588318, 52.1111759851694], [1.3417662622644, 52.1151527719259], [1.3436878885043, 52.113260689343], [1.34619266784964, 52.1181761864508], [1.35395337695558, 52.1163073991104]]]}, "properties": {"FID": 28647, "LSOA21CD": "E01030194", "LSOA21NM": "East Suffolk 020B", "LSOA21NMW": " ", "BNG_E": 628653, "BNG_N": 250649, "LAT": 52.10689, "LONG": 1.337617, "GlobalID": "418dad22-38ee-4f11-849c-ac2a89f6bc89", "LSOA name (2021)": "East Suffolk 020B", "Local Authority District code (2024)": "E07000244", "Local Authority District name (2024)": "East Suffolk", "Index of Multiple Deprivation (IMD) Rank": 18202, "Index of Multiple Deprivation (IMD) Decile": 6}}, {"type": "Feature", "id": 28648, "geometry": {"type": "Polygon", "coordinates": [[[1.32458523303113, 52.1072926225157], [1.3294140085489, 52.1036769209058], [1.32071960222594, 52.0966061495891], [1.31296503543805, 52.099515740125], [1.31209230762915, 52.1057285603707], [1.31849341179758, 52.1055767628659], [1.32065633975067, 52.1090150614115], [1.32458523303113, 52.1072926225157]]]}, "properties": {"FID": 28648, "LSOA21CD": "E01030195", "LSOA21NM": "East Suffolk 020C", "LSOA21NMW": " ", "BNG_E": 627521, "BNG_N": 250149, "LAT": 52.10287, "LONG": 1.320782, "GlobalID": "57c0fb6e-f32e-44e1-bd36-ade383c10e97", "LSOA name (2021)": "East Suffolk 020C", "Local Authority District code (2024)": "E07000244", "Local Authority District name (2024)": "East Suffolk", "Index of Multiple Deprivation (IMD) Rank": 32848, "Index of Multiple Deprivation (IMD) Decile": 10}}, {"type": "Feature", "id": 28649, "geometry": {"type": "Polygon", "coordinates": [[[1.21524696416391, 52.0328276365137], [1.20738877438773, 52.0352029582557], [1.20194375694651, 52.0374055181177], [1.20274185083652, 52.0391461115042], [1.20595579567782, 52.0412050170545], [1.21108531145248, 52.0411615038742], [1.21589405906614, 52.0368681907905], [1.22375824292604, 52.03575084275], [1.21524696416391, 52.0328276365137]]]}, "properties": {"FID": 28649, "LSOA21CD": "E01030196", "LSOA21NM": "East Suffolk 026A", "LSOA21NMW": " ", "BNG_E": 620198, "BNG_N": 242479, "LAT": 52.03698, "LONG": 1.209096, "GlobalID": "11e7e5c9-354f-4fe8-b087-bc6f738f09f1", "LSOA name (2021)": "East Suffolk 026A", "Local Authority District code (2024)": "E07000244", "Local Authority District name (2024)": "East Suffolk", "Index of Multiple Deprivation (IMD) Rank": 29967, "Index of Multiple Deprivation (IMD) Decile": 9}}, {"type": "Feature", "id": 28650, "geometry": {"type": "Polygon", "coordinates": [[[1.29131800370872, 52.052933685014], [1.30144417091079, 52.0536730605405], [1.30036411244322, 52.0449769779291], [1.29411414935117, 52.044807378349], [1.28916567950529, 52.0390625340777], [1.28027242034722, 52.036730041466], [1.26498918735954, 52.0375597058221], [1.25838595160214, 52.0341349315556], [1.25455559128932, 52.0260372142848], [1.26434812637193, 52.017437342701], [1.27169843873905, 52.020116746457], [1.27760406205513, 52.0143040797389], [1.2870622592214, 52.0157699901606], [1.29187694016697, 52.0056850336301], [1.28810068306071, 52.003687257972], [1.28225497982411, 52.0060741606687], [1.28254080471878, 51.9950868075899], [1.27980261491366, 51.993200884351], [1.26415632817304, 51.9958129135187], [1.25836937031241, 52.0029762607044], [1.25688958587456, 51.9965475376447], [1.23796317564607, 52.0030547238885], [1.22935362415475, 52.0064735323103], [1.21545024918048, 52.0065142798071], [1.21032432166295, 52.0114949583377], [1.20451236415498, 52.0132754150335], [1.19902145654979, 52.0149571312819], [1.19761976384056, 52.0153863695573], [1.19194179602631, 52.0151495795132], [1.18833162306344, 52.0149988786755], [1.18795346881228, 52.0152576361605], [1.17875093529575, 52.0215493374536], [1.1784121951194, 52.0217151762283], [1.17767542194341, 52.0224467210378], [1.17764837620975, 52.0224735748753], [1.18462569552289, 52.0243428100494], [1.18482263940289, 52.0243045352848], [1.1866106920087, 52.0219935171721], [1.20167901379965, 52.0243305732239], [1.20947720872683, 52.0207689284717], [1.21503258658991, 52.0256206579377], [1.21936913943651, 52.0228831259859], [1.22361031190202, 52.0294343703681], [1.21524696416391, 52.0328276365137], [1.22375824292604, 52.03575084275], [1.21589405906614, 52.0368681907905], [1.21108531145248, 52.0411615038742], [1.2167828674815, 52.0449408719392], [1.22786405697183, 52.0453349768759], [1.22399076823, 52.0494022271288], [1.22469376247141, 52.0493716743926], [1.235145407041, 52.050115767436], [1.24293533933282, 52.0508235600425], [1.25378777270227, 52.0508477661052], [1.25855559877297, 52.0549811242984], [1.29131800370872, 52.052933685014]]]}, "properties": {"FID": 28650, "LSOA21CD": "E01030197", "LSOA21NM": "East Suffolk 026B", "LSOA21NMW": " ", "BNG_E": 622329, "BNG_N": 241447, "LAT": 52.02687, "LONG": 1.239442, "GlobalID": "9c8f920f-635a-40d0-9a1f-581b40f9cb1a", "LSOA name (2021)": "East Suffolk 026B", "Local Authority District code (2024)": "E07000244", "Local Authority District name (2024)": "East Suffolk", "Index of Multiple Deprivation (IMD) Rank": 27806, "Index of Multiple Deprivation (IMD) Decile": 9}}, {"type": "Feature", "id": 28651, "geometry": {"type": "Polygon", "coordinates": [[[1.33458461835867, 52.0525813662472], [1.33414393083678, 52.0515176864809], [1.33477141660019, 52.051137677433], [1.33478813833597, 52.0510084331639], [1.33508024052138, 52.0487507261226], [1.34738956335914, 52.0422726495633], [1.34769861104003, 52.0403076299004], [1.34678867729311, 52.0390685871046], [1.34314785420141, 52.0370962789179], [1.33903671494396, 52.0331294225212], [1.34324046997548, 52.0273282954674], [1.33430898527813, 52.0241025739437], [1.31528427080268, 52.0286647161346], [1.30695132790438, 52.0181554756363], [1.2870622592214, 52.0157699901606], [1.27760406205513, 52.0143040797389], [1.27169843873905, 52.020116746457], [1.26434812637193, 52.017437342701], [1.25455559128932, 52.0260372142848], [1.25838595160214, 52.0341349315556], [1.26498918735954, 52.0375597058221], [1.28027242034722, 52.036730041466], [1.28916567950529, 52.0390625340777], [1.29411414935117, 52.044807378349], [1.30036411244322, 52.0449769779291], [1.30144417091079, 52.0536730605405], [1.3000725272592, 52.0590869537477], [1.3128774766959, 52.0594443926125], [1.3239447912965, 52.0639425619048], [1.32431873812146, 52.0632454690534], [1.32509383224089, 52.0636597849045], [1.32527404162812, 52.0637482205029], [1.33380358094709, 52.0586168716123], [1.33458461835867, 52.0525813662472]]]}, "properties": {"FID": 28651, "LSOA21CD": "E01030198", "LSOA21NM": "East Suffolk 025E", "LSOA21NMW": " ", "BNG_E": 626425, "BNG_N": 242354, "LAT": 52.03335, "LONG": 1.299641, "GlobalID": "e18aeba5-8596-4ed4-95da-44213e6bd6e7", "LSOA name (2021)": "East Suffolk 025E", "Local Authority District code (2024)": "E07000244", "Local Authority District name (2024)": "East Suffolk", "Index of Multiple Deprivation (IMD) Rank": 19839, "Index of Multiple Deprivation (IMD) Decile": 6}}, {"type": "Feature", "id": 28652, "geometry": {"type": "MultiPolygon", "coordinates": [[[[1.50117994461273, 52.0705963767415], [1.50114623291066, 52.0705602852693], [1.49791881108371, 52.0713911739655], [1.49932697737272, 52.0711249735542], [1.50054462341332, 52.0708947724796], [1.5013214765527, 52.0707478970449], [1.50117994461273, 52.0705963767415]]], [[[1.53628004806312, 52.0761391244968], [1.51463058450886, 52.06765697127], [1.50011205757934, 52.0655201337979], [1.50012633473052, 52.0655484559776], [1.50296997260471, 52.0694890695089], [1.5138178565098, 52.0690894658106], [1.52521697137083, 52.0802361168054], [1.53210527085128, 52.0793560140873], [1.53827551223699, 52.0789962867357], [1.53628004806312, 52.0761391244968]]], [[[1.58098152964909, 52.0915392294119], [1.56773191365245, 52.0914172364929], [1.56184737338771, 52.0861669306998], [1.5421215291904, 52.0791900463062], [1.53950578362068, 52.088042368527], [1.55483702908854, 52.0898517273987], [1.56880166187716, 52.0981176016302], [1.5687472917467, 52.1098092320018], [1.58687497284645, 52.1197638987421], [1.59575716245509, 52.1354226423616], [1.59732518755873, 52.1352927443829], [1.59621098111814, 52.131818651043], [1.58303625975457, 52.0919905628866], [1.57894539303224, 52.0861478548819], [1.56621604976138, 52.081757527987], [1.49973399830451, 52.0605290897973], [1.48628265344393, 52.0562266864586], [1.47134694646884, 52.0491293985529], [1.47108960523863, 52.0488756860949], [1.46736753931101, 52.0475864918006], [1.46779411265747, 52.04822159038], [1.49050343059511, 52.0599381200697], [1.49988051524084, 52.0624037388], [1.5174513418016, 52.067021044723], [1.53755554546657, 52.0748622366571], [1.56253156503549, 52.0858844820216], [1.56774778548116, 52.0910866441035], [1.58098152964909, 52.0915392294119]]], [[[1.51189918548428, 52.1581045205764], [1.51124558780818, 52.1551492628229], [1.51005180244867, 52.1602616611704], [1.51189918548428, 52.1581045205764]]], [[[1.5076635819819, 52.1615734034557], [1.50926817915271, 52.1576418637198], [1.50754413776625, 52.1600561717289], [1.50530562482423, 52.1631905206339], [1.5003678668366, 52.1637463511514], [1.49965038370866, 52.1638270976971], [1.50440870049048, 52.1636297967833], [1.50497879707095, 52.1635357406171], [1.50714836877532, 52.1628356209136], [1.5076635819819, 52.1615734034557]]], [[[1.4522190666938, 52.1731538460686], [1.46342755293297, 52.1676206638492], [1.47367876358305, 52.1707760239396], [1.48321920924364, 52.1645069078808], [1.49929471814809, 52.1638418378262], [1.4993958962606, 52.1637883903558], [1.50240902813107, 52.1621966166739], [1.49923664412435, 52.1594583601163], [1.50345424445241, 52.1609620571214], [1.50388741937419, 52.1537101608912], [1.50697441521512, 52.1528195523376], [1.50892747771175, 52.1522560282628], [1.50822810983308, 52.1571736495562], [1.51078532310138, 52.1510583744474], [1.51389400920963, 52.1510980038039], [1.51634580362116, 52.1505603735612], [1.51679954512567, 52.1511349658936], [1.51731472875957, 52.151141512205], [1.52340820943186, 52.1512187667198], [1.52506009846358, 52.1572039838227], [1.53987314058142, 52.1573878239214], [1.55326772393184, 52.1502161071422], [1.56755565622874, 52.1561040489731], [1.57293793203404, 52.1527909540409], [1.56929123432457, 52.1516629069386], [1.56853391821374, 52.1538563053234], [1.56822468691201, 52.1485326073308], [1.57341605818983, 52.1427398790671], [1.58295615385794, 52.1397452164689], [1.59476587003161, 52.1415715869025], [1.59331234047099, 52.1381935340152], [1.58173568789036, 52.1196890922639], [1.56627182572346, 52.1118667207762], [1.56552087315067, 52.1001599546604], [1.55265777294006, 52.0920663751172], [1.53748202137285, 52.090348264172], [1.53790207815764, 52.0810286227008], [1.52498719976478, 52.0820059877833], [1.51051560612363, 52.069562124413], [1.50059234673564, 52.0715036167674], [1.49234382089435, 52.0731166683521], [1.49063102748719, 52.0734515280879], [1.49068895956176, 52.0735885707333], [1.49580957213022, 52.085698358278], [1.49612474900291, 52.0864434877614], [1.49354770666138, 52.0837438316895], [1.4964023698605, 52.0922306177686], [1.49374575417328, 52.0984069247278], [1.48505831338359, 52.0991860919467], [1.50842281522611, 52.1026732671372], [1.50910394894699, 52.1240473163815], [1.50032087800456, 52.1309916877728], [1.48930851182325, 52.1288253705994], [1.47653011037247, 52.1346677475648], [1.46402351192639, 52.1346060475715], [1.46131424053173, 52.1381414208118], [1.43136880132067, 52.1343020621634], [1.43117310525794, 52.1347813617368], [1.43462420422466, 52.1471936540164], [1.41618963515916, 52.1544197495297], [1.41569695061073, 52.1643573576857], [1.4522190666938, 52.1731538460686]]]]}, "properties": {"FID": 28652, "LSOA21CD": "E01030199", "LSOA21NM": "East Suffolk 023A", "LSOA21NMW": " ", "BNG_E": 642728, "BNG_N": 252715, "LAT": 52.11944, "LONG": 1.544212, "GlobalID": "aca2bc61-3507-46e1-9e54-1be3f83c02d0", "LSOA name (2021)": "East Suffolk 023A", "Local Authority District code (2024)": "E07000244", "Local Authority District name (2024)": "East Suffolk", "Index of Multiple Deprivation (IMD) Rank": 13849, "Index of Multiple Deprivation (IMD) Decile": 5}}, {"type": "Feature", "id": 28653, "geometry": {"type": "Polygon", "coordinates": [[[1.2371345054554, 52.1696604880631], [1.2363047765671, 52.167152208617], [1.24137009107694, 52.1689998609898], [1.25425062269964, 52.1652118928708], [1.25590968070379, 52.1602940311323], [1.26331716597394, 52.1602619252253], [1.26479943374224, 52.1544419550114], [1.27567933155523, 52.1499634112986], [1.286958813629, 52.1531533127929], [1.2898966630564, 52.1501409984686], [1.30577743816683, 52.1570495112406], [1.33109613308876, 52.1601208057522], [1.33073604017591, 52.1532223522466], [1.3367345509428, 52.1473088408482], [1.33570739077438, 52.1408099017256], [1.32722914821156, 52.1399917363537], [1.32417162342798, 52.1350311899433], [1.32863648463401, 52.1339823569057], [1.33077368949362, 52.1278989952468], [1.32037207955755, 52.1290132488427], [1.32030864608148, 52.1254241835507], [1.32654827119621, 52.1231185184627], [1.32063539949892, 52.1201915004484], [1.320321986143, 52.114136148102], [1.3057555140392, 52.1115576187638], [1.31008462502282, 52.1089402895241], [1.30664830349431, 52.1043431252704], [1.30090002709519, 52.1018008104234], [1.29524842763724, 52.1005227398253], [1.29197454319875, 52.0951152158428], [1.28498255027132, 52.0955279045919], [1.27011570727263, 52.0963671058656], [1.25891377290788, 52.1039521346199], [1.26401043827622, 52.1063654205655], [1.26416946738327, 52.1117754184428], [1.25865188239882, 52.1101214223371], [1.25211228151668, 52.1124420213697], [1.24250587412047, 52.1246426101956], [1.23198281737833, 52.1266935680625], [1.22485641843431, 52.1324715812765], [1.22479883808545, 52.1373372943424], [1.20913594808329, 52.1360584085833], [1.2011552285659, 52.1406109809123], [1.19140283950406, 52.1399843699438], [1.19666846452438, 52.1550033374484], [1.21542487077764, 52.1615715793144], [1.21396520332809, 52.1665385766913], [1.22878033486452, 52.1704337113765], [1.2371345054554, 52.1696604880631]]]}, "properties": {"FID": 28653, "LSOA21CD": "E01030200", "LSOA21NM": "East Suffolk 021B", "LSOA21NMW": " ", "BNG_E": 624357, "BNG_N": 253267, "LAT": 52.13215, "LONG": 1.276719, "GlobalID": "95708e0e-79d7-43fe-8a02-5db2c8e05910", "LSOA name (2021)": "East Suffolk 021B", "Local Authority District code (2024)": "E07000244", "Local Authority District name (2024)": "East Suffolk", "Index of Multiple Deprivation (IMD) Rank": 20929, "Index of Multiple Deprivation (IMD) Decile": 7}}, {"type": "Feature", "id": 28654, "geometry": {"type": "Polygon", "coordinates": [[[1.48788974626267, 52.3478007179817], [1.48848374264898, 52.3450192230291], [1.48875508151964, 52.3413509046838], [1.48468942668483, 52.3326074616107], [1.48860273374138, 52.3285146442825], [1.49421782575106, 52.3288253930155], [1.49698428151834, 52.3243020063074], [1.49257785978281, 52.3222157894691], [1.49789808376075, 52.3177232753029], [1.49393314219971, 52.3105039657518], [1.48906202555792, 52.3091631113599], [1.48838198011326, 52.2998215107933], [1.49491843564358, 52.2939606439239], [1.4812410924387, 52.2579908207427], [1.47181798356265, 52.252586236937], [1.46446311838796, 52.2522098085443], [1.45723908780727, 52.2475739032763], [1.44151280323208, 52.2540752466057], [1.4433844530583, 52.2560424609253], [1.43199992910709, 52.2560733835844], [1.42345849803264, 52.261024221128], [1.41996367538534, 52.2638941882456], [1.42226116875876, 52.2675287844241], [1.41086328833869, 52.2758947576937], [1.41477025039838, 52.2794843688964], [1.41171762859984, 52.2840678681206], [1.40164565388497, 52.2856991251745], [1.38414032372158, 52.2941052761276], [1.38072498601455, 52.3035459956409], [1.38402202349177, 52.3106666399361], [1.37101794882729, 52.3137308158019], [1.35747618629368, 52.3221564835379], [1.36216145200971, 52.3343656574481], [1.35740562763133, 52.337277838001], [1.35991171158514, 52.3398230005357], [1.40950890390203, 52.3632651258252], [1.42221187845228, 52.3688438099208], [1.4368013674723, 52.3662485834683], [1.45022660652215, 52.3612371197103], [1.44676438397623, 52.3593903874229], [1.46813278051831, 52.3536691347439], [1.48123580673184, 52.3464837618768], [1.48788974626267, 52.3478007179817]]]}, "properties": {"FID": 28654, "LSOA21CD": "E01030201", "LSOA21NM": "East Suffolk 016A", "LSOA21NMW": " ", "BNG_E": 633657, "BNG_N": 274007, "LAT": 52.31443, "LONG": 1.426658, "GlobalID": "beeac7b5-6cb7-487a-9991-cbf73d020aeb", "LSOA name (2021)": "East Suffolk 016A", "Local Authority District code (2024)": "E07000244", "Local Authority District name (2024)": "East Suffolk", "Index of Multiple Deprivation (IMD) Rank": 12060, "Index of Multiple Deprivation (IMD) Decile": 4}}, {"type": "Feature", "id": 28655, "geometry": {"type": "MultiPolygon", "coordinates": [[[[1.295456869615, 52.077300063606], [1.29838513816454, 52.0771010006338], [1.29553569993193, 52.0770230138714], [1.295456869615, 52.077300063606]]], [[[1.295456869615, 52.077300063606], [1.2937355939567, 52.0850693414816], [1.28540429522827, 52.0839231995377], [1.2872235254458, 52.0884107893803], [1.29609984329925, 52.0867271772457], [1.30416392954024, 52.0936766620998], [1.31005217879843, 52.0937838676555], [1.31969886507344, 52.0893575614781], [1.3173465494727, 52.089036544123], [1.31477165589756, 52.0808928555222], [1.31415868122118, 52.0791999465157], [1.31402246806761, 52.0789963445307], [1.31407515449837, 52.0789692505947], [1.3140328673394, 52.0788524544108], [1.31375654075152, 52.077681422349], [1.3041163751281, 52.0781150360333], [1.30756368243068, 52.0794483907175], [1.295456869615, 52.077300063606]]]]}, "properties": {"FID": 28655, "LSOA21CD": "E01030203", "LSOA21NM": "East Suffolk 022C", "LSOA21NMW": " ", "BNG_E": 626298, "BNG_N": 248167, "LAT": 52.08558, "LONG": 1.301642, "GlobalID": "b5acfa24-329b-440e-8fc4-8de2dd515c30", "LSOA name (2021)": "East Suffolk 022C", "Local Authority District code (2024)": "E07000244", "Local Authority District name (2024)": "East Suffolk", "Index of Multiple Deprivation (IMD) Rank": 27545, "Index of Multiple Deprivation (IMD) Decile": 9}}, {"type": "Feature", "id": 28656, "geometry": {"type": "Polygon", "coordinates": [[[1.21937498900435, 52.0576521708016], [1.21651763750786, 52.0554207245965], [1.22034968150254, 52.0525966377777], [1.2165868849711, 52.0537357888881], [1.21801567992079, 52.0496141631851], [1.21402030427501, 52.0489094985152], [1.20571136919147, 52.052230084438], [1.20499326247661, 52.0594325346599], [1.20550948156481, 52.0647716444122], [1.20921198527008, 52.0684280173296], [1.21331741164271, 52.0638548123239], [1.21573463618402, 52.0666715081829], [1.21565902113679, 52.058532364485], [1.21937498900435, 52.0576521708016]]]}, "properties": {"FID": 28656, "LSOA21CD": "E01030204", "LSOA21NM": "East Suffolk 026C", "LSOA21NMW": " ", "BNG_E": 620363, "BNG_N": 244652, "LAT": 52.05642, "LONG": 1.212897, "GlobalID": "332f467e-fb6c-4056-b9b1-2db471689452", "LSOA name (2021)": "East Suffolk 026C", "Local Authority District code (2024)": "E07000244", "Local Authority District name (2024)": "East Suffolk", "Index of Multiple Deprivation (IMD) Rank": 33045, "Index of Multiple Deprivation (IMD) Decile": 10}}, {"type": "Feature", "id": 28657, "geometry": {"type": "Polygon", "coordinates": [[[1.21960195312928, 52.0576364930156], [1.22225450160871, 52.0533337111274], [1.22469376247141, 52.0493716743926], [1.22399076823, 52.0494022271288], [1.21402030427501, 52.0489094985152], [1.21801567992079, 52.0496141631851], [1.2165868849711, 52.0537357888881], [1.22034968150254, 52.0525966377777], [1.21651763750786, 52.0554207245965], [1.21937498900435, 52.0576521708016], [1.21960195312928, 52.0576364930156]]]}, "properties": {"FID": 28657, "LSOA21CD": "E01030205", "LSOA21NM": "East Suffolk 026D", "LSOA21NMW": " ", "BNG_E": 620824, "BNG_N": 244583, "LAT": 52.05562, "LONG": 1.219566, "GlobalID": "4d6ed06f-ea34-4507-acb2-b6c46bdf666d", "LSOA name (2021)": "East Suffolk 026D", "Local Authority District code (2024)": "E07000244", "Local Authority District name (2024)": "East Suffolk", "Index of Multiple Deprivation (IMD) Rank": 32936, "Index of Multiple Deprivation (IMD) Decile": 10}}, {"type": "Feature", "id": 28658, "geometry": {"type": "Polygon", "coordinates": [[[1.21402030427501, 52.0489094985152], [1.22399076823, 52.0494022271288], [1.22786405697183, 52.0453349768759], [1.2167828674815, 52.0449408719392], [1.21108531145248, 52.0411615038742], [1.20595579567782, 52.0412050170545], [1.2092127215245, 52.0484773201203], [1.20561338090044, 52.0490075057269], [1.20571136919147, 52.052230084438], [1.21402030427501, 52.0489094985152]]]}, "properties": {"FID": 28658, "LSOA21CD": "E01030206", "LSOA21NM": "East Suffolk 026E", "LSOA21NMW": " ", "BNG_E": 620747, "BNG_N": 243530, "LAT": 52.0462, "LONG": 1.217765, "GlobalID": "de3872bc-f3be-4ba8-9e14-80ecbd0aa3d9", "LSOA name (2021)": "East Suffolk 026E", "Local Authority District code (2024)": "E07000244", "Local Authority District name (2024)": "East Suffolk", "Index of Multiple Deprivation (IMD) Rank": 32026, "Index of Multiple Deprivation (IMD) Decile": 10}}, {"type": "Feature", "id": 28659, "geometry": {"type": "Polygon", "coordinates": [[[1.22068525976844, 52.0646098754176], [1.21960195312928, 52.0576364930156], [1.21937498900435, 52.0576521708016], [1.21565902113679, 52.058532364485], [1.21573463618402, 52.0666715081829], [1.21331741164271, 52.0638548123239], [1.20921198527008, 52.0684280173296], [1.20550948156481, 52.0647716444122], [1.20021480322456, 52.0685351472585], [1.19269199821385, 52.0737663026949], [1.18824084520143, 52.0787221396817], [1.19392487384346, 52.0778089435461], [1.20400236310619, 52.0827647405733], [1.21563809564354, 52.0822680872091], [1.22068525976844, 52.0646098754176]]]}, "properties": {"FID": 28659, "LSOA21CD": "E01030207", "LSOA21NM": "East Suffolk 024E", "LSOA21NMW": " ", "BNG_E": 619705, "BNG_N": 246657, "LAT": 52.07468, "LONG": 1.204605, "GlobalID": "a052b52b-d3fe-4557-8922-bd64b7578498", "LSOA name (2021)": "East Suffolk 024E", "Local Authority District code (2024)": "E07000244", "Local Authority District name (2024)": "East Suffolk", "Index of Multiple Deprivation (IMD) Rank": 25591, "Index of Multiple Deprivation (IMD) Decile": 8}}, {"type": "Feature", "id": 28660, "geometry": {"type": "Polygon", "coordinates": [[[1.59104036609709, 52.2401877987454], [1.59474561116547, 52.2376181546101], [1.59158623196403, 52.2376243831163], [1.58906187720785, 52.2290061653799], [1.58498901372285, 52.2299059268967], [1.58218453526854, 52.2250610510049], [1.57212336933502, 52.2250170873453], [1.54964955848685, 52.2117482060638], [1.53859875177218, 52.2119596862307], [1.52081503550483, 52.2213625712269], [1.48648985318583, 52.2219733123165], [1.48294213972735, 52.2202339081763], [1.45932708140346, 52.2254312124756], [1.46437602562979, 52.2308178661046], [1.46005668264198, 52.2327002644505], [1.45723908780727, 52.2475739032763], [1.46446311838796, 52.2522098085443], [1.47181798356265, 52.252586236937], [1.49440261627015, 52.2501723631538], [1.50033647004186, 52.2548233998941], [1.51251304349011, 52.2503155906594], [1.51272525333147, 52.2440504748793], [1.53183502153072, 52.2358360499575], [1.55774513736925, 52.2395961513302], [1.56181486116514, 52.2444573521396], [1.58096533358509, 52.2480037022039], [1.59104036609709, 52.2401877987454]]]}, "properties": {"FID": 28660, "LSOA21CD": "E01030208", "LSOA21NM": "East Suffolk 018B", "LSOA21NMW": " ", "BNG_E": 640807, "BNG_N": 265294, "LAT": 52.23316, "LONG": 1.525131, "GlobalID": "db6dfc3a-fc97-44f0-b65c-8ba4d42b355d", "LSOA name (2021)": "East Suffolk 018B", "Local Authority District code (2024)": "E07000244", "Local Authority District name (2024)": "East Suffolk", "Index of Multiple Deprivation (IMD) Rank": 12486, "Index of Multiple Deprivation (IMD) Decile": 4}}, {"type": "Feature", "id": 28661, "geometry": {"type": "Polygon", "coordinates": [[[1.52222047326132, 52.2071152241553], [1.51441329182051, 52.2101823262248], [1.49896346347439, 52.207910264413], [1.49434826456446, 52.2072159652275], [1.49327788364695, 52.2027784788997], [1.4794745623052, 52.2106769367317], [1.48218255333039, 52.2133673045283], [1.48501137013665, 52.2103428125383], [1.48889345034154, 52.2135559482047], [1.48248716267077, 52.2148315247477], [1.48648985318583, 52.2219733123165], [1.52081503550483, 52.2213625712269], [1.52222047326132, 52.2071152241553]]]}, "properties": {"FID": 28661, "LSOA21CD": "E01030209", "LSOA21NM": "East Suffolk 018C", "LSOA21NMW": " ", "BNG_E": 639563, "BNG_N": 262921, "LAT": 52.21241, "LONG": 1.505272, "GlobalID": "9dfde9d7-889c-4013-9580-3403d51ba33d", "LSOA name (2021)": "East Suffolk 018C", "Local Authority District code (2024)": "E07000244", "Local Authority District name (2024)": "East Suffolk", "Index of Multiple Deprivation (IMD) Rank": 14433, "Index of Multiple Deprivation (IMD) Decile": 5}}, {"type": "Feature", "id": 28662, "geometry": {"type": "Polygon", "coordinates": [[[1.48648985318583, 52.2219733123165], [1.48248716267077, 52.2148315247477], [1.48889345034154, 52.2135559482047], [1.48501137013665, 52.2103428125383], [1.48218255333039, 52.2133673045283], [1.4794745623052, 52.2106769367317], [1.46005485093422, 52.2214796319618], [1.45932708140346, 52.2254312124756], [1.48294213972735, 52.2202339081763], [1.48648985318583, 52.2219733123165]]]}, "properties": {"FID": 28662, "LSOA21CD": "E01030210", "LSOA21NM": "East Suffolk 018D", "LSOA21NMW": " ", "BNG_E": 637566, "BNG_N": 263453, "LAT": 52.21804, "LONG": 1.476472, "GlobalID": "9a71a627-2bab-4ede-8c18-8e4643bab22e", "LSOA name (2021)": "East Suffolk 018D", "Local Authority District code (2024)": "E07000244", "Local Authority District name (2024)": "East Suffolk", "Index of Multiple Deprivation (IMD) Rank": 11211, "Index of Multiple Deprivation (IMD) Decile": 4}}, {"type": "Feature", "id": 28663, "geometry": {"type": "MultiPolygon", "coordinates": [[[[1.32518176275485, 52.0892136172828], [1.32482962397021, 52.0891904554409], [1.32527506890365, 52.0893705525054], [1.32518176275485, 52.0892136172828]]], [[[1.32479053523659, 52.0900522369497], [1.31969886507344, 52.0893575614781], [1.31005217879843, 52.0937838676555], [1.31017196340182, 52.0947739602875], [1.31296503543805, 52.099515740125], [1.32071960222594, 52.0966061495891], [1.32576314877213, 52.09559181249], [1.32508856558027, 52.0904165733793], [1.32479053523659, 52.0900522369497]]]]}, "properties": {"FID": 28663, "LSOA21CD": "E01030211", "LSOA21NM": "East Suffolk 022D", "LSOA21NMW": " ", "BNG_E": 627348, "BNG_N": 249212, "LAT": 52.09453, "LONG": 1.317636, "GlobalID": "5ca68780-9cad-4d3e-bbc3-6f49d25ead95", "LSOA name (2021)": "East Suffolk 022D", "Local Authority District code (2024)": "E07000244", "Local Authority District name (2024)": "East Suffolk", "Index of Multiple Deprivation (IMD) Rank": 21937, "Index of Multiple Deprivation (IMD) Decile": 7}}, {"type": "Feature", "id": 28664, "geometry": {"type": "MultiPolygon", "coordinates": [[[[1.51679954512567, 52.1511349658936], [1.51634580362116, 52.1505603735612], [1.51389400920963, 52.1510980038039], [1.51402056436832, 52.1510996149371], [1.51679954512567, 52.1511349658936]]], [[[1.46005485093422, 52.2214796319618], [1.4794745623052, 52.2106769367317], [1.49327788364695, 52.2027784788997], [1.49434826456446, 52.2072159652275], [1.49896346347439, 52.207910264413], [1.51441329182051, 52.2101823262248], [1.52222047326132, 52.2071152241553], [1.51927476812872, 52.2005472572994], [1.53347778621232, 52.1945032065914], [1.5317088707551, 52.1899948499202], [1.55711774672138, 52.1902797489472], [1.55905698058878, 52.1833660292271], [1.56657218121628, 52.1831064985935], [1.5731928123431, 52.1753459860695], [1.56213742387181, 52.1591463646511], [1.55557945831957, 52.158701276459], [1.55348438410623, 52.1610941263655], [1.55742279275085, 52.1626105262214], [1.55172603072302, 52.1665763643628], [1.53106895908944, 52.1630695115816], [1.52898155465751, 52.1650793989859], [1.52779167563148, 52.1611357366666], [1.52357892919804, 52.1618500025966], [1.51125554986757, 52.1551065924795], [1.51124558780818, 52.1551492628229], [1.51189918548428, 52.1581045205764], [1.51005180244867, 52.1602616611704], [1.50914974906994, 52.1642169869068], [1.50787872124672, 52.1643058576906], [1.49474840566431, 52.1652231094401], [1.50440870049048, 52.1636297967833], [1.49965038370866, 52.1638270976971], [1.49923389315422, 52.1638739680576], [1.49929471814809, 52.1638418378262], [1.48321920924364, 52.1645069078808], [1.47367876358305, 52.1707760239396], [1.46342755293297, 52.1676206638492], [1.4522190666938, 52.1731538460686], [1.44845715784441, 52.1817681259877], [1.43374649693001, 52.1832389730169], [1.41731789893576, 52.1935580915875], [1.41927232885116, 52.1973519636095], [1.42369736569283, 52.1967818522083], [1.43020292942405, 52.201637888855], [1.44101349392852, 52.2006593703682], [1.44794466849782, 52.2063092632679], [1.4432936130768, 52.2149501014561], [1.44611177953271, 52.2172890029759], [1.45404397884143, 52.2164363283393], [1.45599366441517, 52.2216806697161], [1.46005485093422, 52.2214796319618]]]]}, "properties": {"FID": 28664, "LSOA21CD": "E01030212", "LSOA21NM": "East Suffolk 018E", "LSOA21NMW": " ", "BNG_E": 638702, "BNG_N": 260114, "LAT": 52.18759, "LONG": 1.490718, "GlobalID": "62f112e0-6273-4ceb-9956-4dacc86b4fad", "LSOA name (2021)": "East Suffolk 018E", "Local Authority District code (2024)": "E07000244", "Local Authority District name (2024)": "East Suffolk", "Index of Multiple Deprivation (IMD) Rank": 17924, "Index of Multiple Deprivation (IMD) Decile": 6}}, {"type": "Feature", "id": 28665, "geometry": {"type": "Polygon", "coordinates": [[[1.33750076277941, 51.9855864366102], [1.33602493134086, 51.9771415481714], [1.33282014573333, 51.9785448610619], [1.31850772668107, 51.9801679893048], [1.32325161918899, 51.981999710524], [1.32056853282162, 51.9879172841817], [1.33102076440673, 51.9841892008797], [1.33750076277941, 51.9855864366102]]]}, "properties": {"FID": 28665, "LSOA21CD": "E01030214", "LSOA21NM": "East Suffolk 027B", "LSOA21NMW": " ", "BNG_E": 628717, "BNG_N": 236805, "LAT": 51.98261, "LONG": 1.329294, "GlobalID": "b104db64-28e5-4ba1-8c2e-d2f3a0837452", "LSOA name (2021)": "East Suffolk 027B", "Local Authority District code (2024)": "E07000244", "Local Authority District name (2024)": "East Suffolk", "Index of Multiple Deprivation (IMD) Rank": 22650, "Index of Multiple Deprivation (IMD) Decile": 7}}, {"type": "Feature", "id": 28666, "geometry": {"type": "Polygon", "coordinates": [[[1.32056853282162, 51.9879172841817], [1.32325161918899, 51.981999710524], [1.31850772668107, 51.9801679893048], [1.30673996386481, 51.9702690512643], [1.29049337194917, 51.9785607360542], [1.29239227209947, 51.9821755386213], [1.30803952781042, 51.9777632634375], [1.31074833498263, 51.9814133938219], [1.30009925590859, 51.986632763803], [1.3040342033834, 51.9916249025534], [1.3126726335696, 51.98972588234], [1.31710625957195, 51.9927238191968], [1.32056853282162, 51.9879172841817]]]}, "properties": {"FID": 28666, "LSOA21CD": "E01030215", "LSOA21NM": "East Suffolk 027C", "LSOA21NMW": " ", "BNG_E": 627178, "BNG_N": 235797, "LAT": 51.97419, "LONG": 1.306256, "GlobalID": "b6fab7fb-73a8-4b1a-a19d-941ed660815b", "LSOA name (2021)": "East Suffolk 027C", "Local Authority District code (2024)": "E07000244", "Local Authority District name (2024)": "East Suffolk", "Index of Multiple Deprivation (IMD) Rank": 12314, "Index of Multiple Deprivation (IMD) Decile": 4}}, {"type": "Feature", "id": 28667, "geometry": {"type": "Polygon", "coordinates": [[[1.33282014573333, 51.9785448610619], [1.32726263410852, 51.9723234083911], [1.3228946602319, 51.9665201682088], [1.31143800569979, 51.9614679998251], [1.30837060267778, 51.9631851952135], [1.29603969001646, 51.9601301938439], [1.28257035577333, 51.9660618354656], [1.2821901024946, 51.9706251453298], [1.28489154177345, 51.9712260821603], [1.29049337194917, 51.9785607360542], [1.30673996386481, 51.9702690512643], [1.31850772668107, 51.9801679893048], [1.33282014573333, 51.9785448610619]]]}, "properties": {"FID": 28667, "LSOA21CD": "E01030216", "LSOA21NM": "East Suffolk 027D", "LSOA21NMW": " ", "BNG_E": 627084, "BNG_N": 235351, "LAT": 51.97023, "LONG": 1.304595, "GlobalID": "5719ae9a-b73a-45d5-aa3a-c0d95ec3ccfb", "LSOA name (2021)": "East Suffolk 027D", "Local Authority District code (2024)": "E07000244", "Local Authority District name (2024)": "East Suffolk", "Index of Multiple Deprivation (IMD) Rank": 28758, "Index of Multiple Deprivation (IMD) Decile": 9}}, {"type": "Feature", "id": 28668, "geometry": {"type": "Polygon", "coordinates": [[[1.34324046997548, 52.0273282954674], [1.34332159388256, 52.0272163306593], [1.33738549902578, 52.0243580775197], [1.34443320880683, 52.0264615970937], [1.35637604405293, 52.0221552306213], [1.35936732726714, 52.0180815340347], [1.35936059634047, 52.0147108217985], [1.35611476721885, 52.012538548927], [1.35887197596574, 52.0158559173608], [1.35577492177165, 52.0161163656978], [1.35426487980157, 52.0137039243176], [1.35760690966742, 52.0105407446571], [1.36400391584303, 52.0044846001922], [1.3803778825143, 51.9984767048388], [1.38012666988689, 51.9975295413059], [1.37998915698163, 51.9970110488054], [1.36875486743313, 51.9926438877926], [1.34942948889512, 51.9890328731674], [1.332150343205, 51.9952150800209], [1.32365242947888, 52.0034394465592], [1.29187694016697, 52.0056850336301], [1.2870622592214, 52.0157699901606], [1.30695132790438, 52.0181554756363], [1.31528427080268, 52.0286647161346], [1.33430898527813, 52.0241025739437], [1.34324046997548, 52.0273282954674]]]}, "properties": {"FID": 28668, "LSOA21CD": "E01030217", "LSOA21NM": "East Suffolk 027E", "LSOA21NMW": " ", "BNG_E": 628280, "BNG_N": 239732, "LAT": 52.00906, "LONG": 1.324889, "GlobalID": "4eccc8fc-8c1b-4d4f-adcb-80369152f717", "LSOA name (2021)": "East Suffolk 027E", "Local Authority District code (2024)": "E07000244", "Local Authority District name (2024)": "East Suffolk", "Index of Multiple Deprivation (IMD) Rank": 21226, "Index of Multiple Deprivation (IMD) Decile": 7}}, {"type": "Feature", "id": 28669, "geometry": {"type": "Polygon", "coordinates": [[[1.29187694016697, 52.0056850336301], [1.32365242947888, 52.0034394465592], [1.332150343205, 51.9952150800209], [1.34942948889512, 51.9890328731674], [1.33750076277941, 51.9855864366102], [1.33102076440673, 51.9841892008797], [1.32056853282162, 51.9879172841817], [1.31710625957195, 51.9927238191968], [1.3126726335696, 51.98972588234], [1.3040342033834, 51.9916249025534], [1.30009925590859, 51.986632763803], [1.31074833498263, 51.9814133938219], [1.30803952781042, 51.9777632634375], [1.29239227209947, 51.9821755386213], [1.29049337194917, 51.9785607360542], [1.28489154177345, 51.9712260821603], [1.2821901024946, 51.9706251453298], [1.28031563207736, 51.9931152002314], [1.27980261491366, 51.993200884351], [1.28254080471878, 51.9950868075899], [1.28225497982411, 52.0060741606687], [1.28810068306071, 52.003687257972], [1.29187694016697, 52.0056850336301]]]}, "properties": {"FID": 28669, "LSOA21CD": "E01030218", "LSOA21NM": "East Suffolk 027F", "LSOA21NMW": " ", "BNG_E": 627660, "BNG_N": 238305, "LAT": 51.9965, "LONG": 1.314924, "GlobalID": "6ed429d2-8f10-476b-bf3d-25c8ebd17a16", "LSOA name (2021)": "East Suffolk 027F", "Local Authority District code (2024)": "E07000244", "Local Authority District name (2024)": "East Suffolk", "Index of Multiple Deprivation (IMD) Rank": 20234, "Index of Multiple Deprivation (IMD) Decile": 6}}, {"type": "Feature", "id": 28670, "geometry": {"type": "Polygon", "coordinates": [[[1.6256699070708, 52.3341720302731], [1.62990946792968, 52.335309986183], [1.6311860125801, 52.331783867424], [1.65875317139496, 52.3239800599342], [1.66748260458796, 52.3117826987304], [1.66718952941651, 52.3116669582421], [1.6647545094086, 52.3099295670839], [1.66082728709488, 52.3077748889698], [1.62979885152802, 52.2984842794374], [1.5922859138026, 52.2980014329257], [1.59044098594799, 52.2839687258357], [1.58614920215852, 52.2827417947884], [1.54768210412969, 52.28752105794], [1.54824377365674, 52.2899130308406], [1.53977001351516, 52.2881978606549], [1.5310232744113, 52.2923508259279], [1.5194068838172, 52.2871535031608], [1.51185816266477, 52.2875844013888], [1.49491843564358, 52.2939606439239], [1.48838198011326, 52.2998215107933], [1.48906202555792, 52.3091631113599], [1.49393314219971, 52.3105039657518], [1.49789808376075, 52.3177232753029], [1.49257785978281, 52.3222157894691], [1.49698428151834, 52.3243020063074], [1.49421782575106, 52.3288253930155], [1.50665912011323, 52.3338605418708], [1.51613381850323, 52.3377274543501], [1.5442095362137, 52.3382285320701], [1.56067255996883, 52.3298558193945], [1.56869798993153, 52.3379843062783], [1.57844979698776, 52.3387073472038], [1.59008681075427, 52.338776850648], [1.59083671904948, 52.3356727474021], [1.61097523736146, 52.331513234109], [1.62124016698594, 52.3332923780774], [1.62135611874371, 52.3356985668649], [1.6256699070708, 52.3341720302731]]]}, "properties": {"FID": 28670, "LSOA21CD": "E01030219", "LSOA21NM": "East Suffolk 016B", "LSOA21NMW": " ", "BNG_E": 643805, "BNG_N": 274025, "LAT": 52.31018, "LONG": 1.575247, "GlobalID": "24c67075-7b9d-4eb8-bee3-faed8bf8ae3d", "LSOA name (2021)": "East Suffolk 016B", "Local Authority District code (2024)": "E07000244", "Local Authority District name (2024)": "East Suffolk", "Index of Multiple Deprivation (IMD) Rank": 14402, "Index of Multiple Deprivation (IMD) Decile": 5}}, {"type": "Feature", "id": 28671, "geometry": {"type": "Polygon", "coordinates": [[[1.37464002590779, 52.1534242486382], [1.38434413309913, 52.1499125933072], [1.37953187553869, 52.1450794022937], [1.37110577835057, 52.1488771486519], [1.34414769678666, 52.1455266325587], [1.3367345509428, 52.1473088408482], [1.33073604017591, 52.1532223522466], [1.33109613308876, 52.1601208057522], [1.33869897837803, 52.1597420124916], [1.34946266015663, 52.167199533212], [1.35744777045136, 52.1641707603739], [1.35549229392222, 52.1591584984744], [1.36718521723502, 52.1629324295963], [1.37188818256754, 52.1613368248837], [1.36948703269917, 52.1565621175064], [1.37464002590779, 52.1534242486382]]]}, "properties": {"FID": 28671, "LSOA21CD": "E01030220", "LSOA21NM": "East Suffolk 020D", "LSOA21NMW": " ", "BNG_E": 629285, "BNG_N": 256195, "LAT": 52.15641, "LONG": 1.350565, "GlobalID": "ada86005-2ede-41a7-aa0f-081409c75a23", "LSOA name (2021)": "East Suffolk 020D", "Local Authority District code (2024)": "E07000244", "Local Authority District name (2024)": "East Suffolk", "Index of Multiple Deprivation (IMD) Rank": 13088, "Index of Multiple Deprivation (IMD) Decile": 4}}, {"type": "Feature", "id": 28672, "geometry": {"type": "Polygon", "coordinates": [[[1.20913594808329, 52.1360584085833], [1.21980006776255, 52.119269834094], [1.21172642633004, 52.0981113190222], [1.21497128250248, 52.0895389553994], [1.22403101605771, 52.089541420042], [1.23194265158171, 52.0921866765703], [1.2317964473516, 52.0953768700309], [1.23769384870171, 52.095698855984], [1.24716674922995, 52.086336939384], [1.2412106429611, 52.0738592540647], [1.24443029097077, 52.0702685923439], [1.23871989009664, 52.0703524599751], [1.23714576817419, 52.0667518455974], [1.22741881687503, 52.0652792225189], [1.22068525976844, 52.0646098754176], [1.21563809564354, 52.0822680872091], [1.20400236310619, 52.0827647405733], [1.19392487384346, 52.0778089435461], [1.18824084520143, 52.0787221396817], [1.18989390078257, 52.0804495759826], [1.17098715478079, 52.0808189293055], [1.16559100434376, 52.0810138942216], [1.15783904397977, 52.0887517023924], [1.16723116587798, 52.0998041478294], [1.16505584058526, 52.1123006496052], [1.17769974647014, 52.1204934186261], [1.17795185308728, 52.1278859316491], [1.17020376511205, 52.1276232743289], [1.16946943439771, 52.1312493475385], [1.17535326216043, 52.1324664302756], [1.17670280581944, 52.1369298369037], [1.19140283950406, 52.1399843699438], [1.2011552285659, 52.1406109809123], [1.20913594808329, 52.1360584085833]]]}, "properties": {"FID": 28672, "LSOA21CD": "E01030221", "LSOA21NM": "East Suffolk 021C", "LSOA21NMW": " ", "BNG_E": 619510, "BNG_N": 250562, "LAT": 52.10981, "LONG": 1.204277, "GlobalID": "ab111eff-6509-4a30-83d1-96bceef33f08", "LSOA name (2021)": "East Suffolk 021C", "Local Authority District code (2024)": "E07000244", "Local Authority District name (2024)": "East Suffolk", "Index of Multiple Deprivation (IMD) Rank": 22179, "Index of Multiple Deprivation (IMD) Decile": 7}}, {"type": "Feature", "id": 28673, "geometry": {"type": "Polygon", "coordinates": [[[1.62929056471623, 52.2458947937266], [1.62090965091271, 52.239787131534], [1.61402250084147, 52.2422641662696], [1.59104036609709, 52.2401877987454], [1.58096533358509, 52.2480037022039], [1.56181486116514, 52.2444573521396], [1.55774513736925, 52.2395961513302], [1.53183502153072, 52.2358360499575], [1.51272525333147, 52.2440504748793], [1.51251304349011, 52.2503155906594], [1.50033647004186, 52.2548233998941], [1.49440261627015, 52.2501723631538], [1.47181798356265, 52.252586236937], [1.4812410924387, 52.2579908207427], [1.49491843564358, 52.2939606439239], [1.51185816266477, 52.2875844013888], [1.5194068838172, 52.2871535031608], [1.5310232744113, 52.2923508259279], [1.53977001351516, 52.2881978606549], [1.54824377365674, 52.2899130308406], [1.54768210412969, 52.28752105794], [1.58614920215852, 52.2827417947884], [1.59044098594799, 52.2839687258357], [1.5922859138026, 52.2980014329257], [1.62979885152802, 52.2984842794374], [1.66082728709488, 52.3077748889698], [1.64437649139285, 52.2951965550933], [1.63923259034409, 52.2870142418503], [1.63728922695439, 52.2846317963937], [1.63634388128135, 52.2824177758416], [1.63571713179229, 52.2814203663784], [1.63556918500916, 52.2806032458172], [1.63038742895536, 52.2684621099352], [1.62931866362687, 52.2460502443036], [1.62929056471623, 52.2458947937266]]]}, "properties": {"FID": 28673, "LSOA21CD": "E01030222", "LSOA21NM": "East Suffolk 016C", "LSOA21NMW": " ", "BNG_E": 642881, "BNG_N": 269872, "LAT": 52.27333, "LONG": 1.55873, "GlobalID": "372587c5-e332-40fa-833a-c63c4dd7f29c", "LSOA name (2021)": "East Suffolk 016C", "Local Authority District code (2024)": "E07000244", "Local Authority District name (2024)": "East Suffolk", "Index of Multiple Deprivation (IMD) Rank": 13705, "Index of Multiple Deprivation (IMD) Decile": 5}}, {"type": "Feature", "id": 28674, "geometry": {"type": "Polygon", "coordinates": [[[1.58508111480219, 52.4535919779458], [1.58232072112847, 52.45071868036], [1.57359594386594, 52.4526642285354], [1.56883621279751, 52.4493051614569], [1.5683295415183, 52.4497104437498], [1.56775488671787, 52.4545994848844], [1.56909587457347, 52.4598603802681], [1.57007368207457, 52.457887929585], [1.57802096276234, 52.4606266001964], [1.5739625869212, 52.4558559059771], [1.57633326658918, 52.4527212750079], [1.58508111480219, 52.4535919779458]]]}, "properties": {"FID": 28674, "LSOA21CD": "E01030223", "LSOA21NM": "East Suffolk 010A", "LSOA21NMW": " ", "BNG_E": 643037, "BNG_N": 289993, "LAT": 52.4538, "LONG": 1.57557, "GlobalID": "18a8930f-69d7-4842-acf6-df60cd21ce1a", "LSOA name (2021)": "East Suffolk 010A", "Local Authority District code (2024)": "E07000244", "Local Authority District name (2024)": "East Suffolk", "Index of Multiple Deprivation (IMD) Rank": 12866, "Index of Multiple Deprivation (IMD) Decile": 4}}, {"type": "Feature", "id": 28675, "geometry": {"type": "Polygon", "coordinates": [[[1.56775488671787, 52.4545994848844], [1.5683295415183, 52.4497104437498], [1.56382890260092, 52.4519081124543], [1.55728750265748, 52.44675548394], [1.55444182320712, 52.43873612969], [1.5528746539996, 52.4591479740619], [1.55782290980864, 52.4576964576866], [1.56200506300545, 52.4608609231956], [1.56150836006737, 52.4564005467814], [1.56775488671787, 52.4545994848844]]]}, "properties": {"FID": 28675, "LSOA21CD": "E01030224", "LSOA21NM": "East Suffolk 010B", "LSOA21NMW": " ", "BNG_E": 642018, "BNG_N": 289870, "LAT": 52.45315, "LONG": 1.560516, "GlobalID": "3937a3ab-3639-4cdb-a5bc-8fd2721cd259", "LSOA name (2021)": "East Suffolk 010B", "Local Authority District code (2024)": "E07000244", "Local Authority District name (2024)": "East Suffolk", "Index of Multiple Deprivation (IMD) Rank": 18220, "Index of Multiple Deprivation (IMD) Decile": 6}}, {"type": "Feature", "id": 28676, "geometry": {"type": "Polygon", "coordinates": [[[1.60060721648491, 52.4722285762482], [1.58930727929931, 52.4671524531768], [1.58874078298342, 52.4543126839036], [1.58508111480219, 52.4535919779458], [1.57633326658918, 52.4527212750079], [1.5739625869212, 52.4558559059771], [1.57802096276234, 52.4606266001964], [1.57007368207457, 52.457887929585], [1.56909587457347, 52.4598603802681], [1.56775488671787, 52.4545994848844], [1.56150836006737, 52.4564005467814], [1.56200506300545, 52.4608609231956], [1.56801987069889, 52.4746308955772], [1.58322687735987, 52.4769151092669], [1.58773073555341, 52.478521770115], [1.60060721648491, 52.4722285762482]]]}, "properties": {"FID": 28676, "LSOA21CD": "E01030225", "LSOA21NM": "East Suffolk 010C", "LSOA21NMW": " ", "BNG_E": 643341, "BNG_N": 291195, "LAT": 52.46445, "LONG": 1.580911, "GlobalID": "a1104e1d-e630-4510-bef9-db233db58c86", "LSOA name (2021)": "East Suffolk 010C", "Local Authority District code (2024)": "E07000244", "Local Authority District name (2024)": "East Suffolk", "Index of Multiple Deprivation (IMD) Rank": 12116, "Index of Multiple Deprivation (IMD) Decile": 4}}, {"type": "Feature", "id": 28677, "geometry": {"type": "Polygon", "coordinates": [[[1.58203999108068, 52.4491924664609], [1.57636172533449, 52.440167694094], [1.57175508349534, 52.4395750835325], [1.56901591912684, 52.4462451575607], [1.56948146023836, 52.4484957657734], [1.57485723849342, 52.4459258603365], [1.57914316330357, 52.4503458767706], [1.58203999108068, 52.4491924664609]]]}, "properties": {"FID": 28677, "LSOA21CD": "E01030226", "LSOA21NM": "East Suffolk 011A", "LSOA21NMW": " ", "BNG_E": 643050, "BNG_N": 288832, "LAT": 52.44338, "LONG": 1.574917, "GlobalID": "db2aad6b-ba43-46e4-a922-fd6097032dc3", "LSOA name (2021)": "East Suffolk 011A", "Local Authority District code (2024)": "E07000244", "Local Authority District name (2024)": "East Suffolk", "Index of Multiple Deprivation (IMD) Rank": 15598, "Index of Multiple Deprivation (IMD) Decile": 5}}, {"type": "Feature", "id": 28678, "geometry": {"type": "Polygon", "coordinates": [[[1.58232072112847, 52.45071868036], [1.58203999108068, 52.4491924664609], [1.57914316330357, 52.4503458767706], [1.57485723849342, 52.4459258603365], [1.56948146023836, 52.4484957657734], [1.56901591912684, 52.4462451575607], [1.56883621279751, 52.4493051614569], [1.57359594386594, 52.4526642285354], [1.58232072112847, 52.45071868036]]]}, "properties": {"FID": 28678, "LSOA21CD": "E01030227", "LSOA21NM": "East Suffolk 010D", "LSOA21NMW": " ", "BNG_E": 643036, "BNG_N": 289468, "LAT": 52.44909, "LONG": 1.575174, "GlobalID": "fae3f66f-8052-4930-8824-b15bf0af665f", "LSOA name (2021)": "East Suffolk 010D", "Local Authority District code (2024)": "E07000244", "Local Authority District name (2024)": "East Suffolk", "Index of Multiple Deprivation (IMD) Rank": 3833, "Index of Multiple Deprivation (IMD) Decile": 2}}, {"type": "Feature", "id": 28679, "geometry": {"type": "Polygon", "coordinates": [[[1.5683295415183, 52.4497104437498], [1.56883621279751, 52.4493051614569], [1.56901591912684, 52.4462451575607], [1.57175508349534, 52.4395750835325], [1.55478279799037, 52.4361514458582], [1.55444182320712, 52.43873612969], [1.55728750265748, 52.44675548394], [1.56382890260092, 52.4519081124543], [1.5683295415183, 52.4497104437498]]]}, "properties": {"FID": 28679, "LSOA21CD": "E01030228", "LSOA21NM": "East Suffolk 010E", "LSOA21NMW": " ", "BNG_E": 642267, "BNG_N": 288941, "LAT": 52.4447, "LONG": 1.563499, "GlobalID": "5c4d6be2-d061-441c-84c5-a3687abe3a3d", "LSOA name (2021)": "East Suffolk 010E", "Local Authority District code (2024)": "E07000244", "Local Authority District name (2024)": "East Suffolk", "Index of Multiple Deprivation (IMD) Rank": 21660, "Index of Multiple Deprivation (IMD) Decile": 7}}, {"type": "Feature", "id": 28680, "geometry": {"type": "Polygon", "coordinates": [[[1.53289981399723, 52.3942457855796], [1.53099230760565, 52.388497706693], [1.56044089941687, 52.3779495397352], [1.57273511668007, 52.369728984832], [1.57129915553559, 52.3674470768331], [1.58684686686966, 52.3607463704996], [1.62081748227054, 52.3564876154615], [1.62496975726545, 52.3649788961087], [1.63423580013995, 52.3669929969596], [1.63869529209586, 52.3645374396479], [1.64112663240243, 52.358439021611], [1.63373898388264, 52.3563056533407], [1.6256699070708, 52.3341720302731], [1.62135611874371, 52.3356985668649], [1.62124016698594, 52.3332923780774], [1.61097523736146, 52.331513234109], [1.59083671904948, 52.3356727474021], [1.59008681075427, 52.338776850648], [1.57844979698776, 52.3387073472038], [1.56869798993153, 52.3379843062783], [1.56067255996883, 52.3298558193945], [1.5442095362137, 52.3382285320701], [1.51613381850323, 52.3377274543501], [1.51410793499608, 52.3407212262], [1.52080802093769, 52.3398596287757], [1.52059660530482, 52.3421739171879], [1.51453681459726, 52.3498971761156], [1.51058041745334, 52.3515529829397], [1.51522924871852, 52.3574140239059], [1.50428925679113, 52.3568542424758], [1.49685231963175, 52.3572010326362], [1.49327682969234, 52.3536334413345], [1.49218884225985, 52.3602231707445], [1.48583065144521, 52.3615301401647], [1.49013716230543, 52.3641649339232], [1.48379601858276, 52.3865971116208], [1.49238421000384, 52.3888984954171], [1.49090599736714, 52.3928443457022], [1.49461722243634, 52.394540534956], [1.49991460062266, 52.3906386149847], [1.50668879629732, 52.3927886119207], [1.50607025267391, 52.3956717284493], [1.52055207534728, 52.3994232899329], [1.53289981399723, 52.3942457855796]]]}, "properties": {"FID": 28680, "LSOA21CD": "E01030229", "LSOA21NM": "East Suffolk 015A", "LSOA21NMW": " ", "BNG_E": 640757, "BNG_N": 279963, "LAT": 52.36481, "LONG": 1.534876, "GlobalID": "d6d32dd4-7140-49ab-9f12-016afb2d7e7e", "LSOA name (2021)": "East Suffolk 015A", "Local Authority District code (2024)": "E07000244", "Local Authority District name (2024)": "East Suffolk", "Index of Multiple Deprivation (IMD) Rank": 12204, "Index of Multiple Deprivation (IMD) Decile": 4}}, {"type": "Feature", "id": 28681, "geometry": {"type": "Polygon", "coordinates": [[[1.43556172837061, 52.4609313224887], [1.44109957797897, 52.4567116623423], [1.45014165875721, 52.4565581687697], [1.45181371340529, 52.4526231067961], [1.44303498901103, 52.4541214226449], [1.4452436402631, 52.4487622521527], [1.4407052773195, 52.4470425013003], [1.43814696419887, 52.4523023053561], [1.43380976900237, 52.4518342791039], [1.43282517202433, 52.4561686828003], [1.41101876728696, 52.4615957623638], [1.41643175535633, 52.46839843043], [1.42607952725236, 52.4707049398602], [1.43556172837061, 52.4609313224887]]]}, "properties": {"FID": 28681, "LSOA21CD": "E01030230", "LSOA21NM": "East Suffolk 013A", "LSOA21NMW": " ", "BNG_E": 632877, "BNG_N": 290111, "LAT": 52.45928, "LONG": 1.426417, "GlobalID": "1b763f05-f0f4-45ae-8013-55e96237addf", "LSOA name (2021)": "East Suffolk 013A", "Local Authority District code (2024)": "E07000244", "Local Authority District name (2024)": "East Suffolk", "Index of Multiple Deprivation (IMD) Rank": 14105, "Index of Multiple Deprivation (IMD) Decile": 5}}, {"type": "Feature", "id": 28682, "geometry": {"type": "Polygon", "coordinates": [[[1.46774355678695, 52.4453525514794], [1.46247214732177, 52.4405282331518], [1.45727531046002, 52.4492358518226], [1.45348621533804, 52.447142650683], [1.4452436402631, 52.4487622521527], [1.44303498901103, 52.4541214226449], [1.45181371340529, 52.4526231067961], [1.45014165875721, 52.4565581687697], [1.4587719171778, 52.4581401996488], [1.46774355678695, 52.4453525514794]]]}, "properties": {"FID": 28682, "LSOA21CD": "E01030231", "LSOA21NM": "East Suffolk 013B", "LSOA21NMW": " ", "BNG_E": 634824, "BNG_N": 289119, "LAT": 52.44955, "LONG": 1.454322, "GlobalID": "ffd8a9ca-8ca0-43d5-9daf-6ec6834cc5f0", "LSOA name (2021)": "East Suffolk 013B", "Local Authority District code (2024)": "E07000244", "Local Authority District name (2024)": "East Suffolk", "Index of Multiple Deprivation (IMD) Rank": 10025, "Index of Multiple Deprivation (IMD) Decile": 3}}, {"type": "Feature", "id": 28683, "geometry": {"type": "Polygon", "coordinates": [[[1.4452436402631, 52.4487622521527], [1.45348621533804, 52.447142650683], [1.45727531046002, 52.4492358518226], [1.46247214732177, 52.4405282331518], [1.4568177281438, 52.4286818258827], [1.44332342597385, 52.4277915415212], [1.44201138284103, 52.4302474315466], [1.42537206749333, 52.4246045383937], [1.41260180826604, 52.4329097996989], [1.41643373232094, 52.4348292446167], [1.40940361898167, 52.4429309591711], [1.41623327009725, 52.4449434662912], [1.43238518351501, 52.4452174297928], [1.43380976900237, 52.4518342791039], [1.43814696419887, 52.4523023053561], [1.4407052773195, 52.4470425013003], [1.4452436402631, 52.4487622521527]]]}, "properties": {"FID": 28683, "LSOA21CD": "E01030232", "LSOA21NM": "East Suffolk 013C", "LSOA21NMW": " ", "BNG_E": 633694, "BNG_N": 287864, "LAT": 52.43877, "LONG": 1.436848, "GlobalID": "7b43ee41-02ad-4b68-a105-d2022879633b", "LSOA name (2021)": "East Suffolk 013C", "Local Authority District code (2024)": "E07000244", "Local Authority District name (2024)": "East Suffolk", "Index of Multiple Deprivation (IMD) Rank": 15133, "Index of Multiple Deprivation (IMD) Decile": 5}}, {"type": "Feature", "id": 28684, "geometry": {"type": "Polygon", "coordinates": [[[1.7124414691998, 52.4557563834467], [1.71359600634207, 52.4550745104084], [1.71193823484488, 52.4545551393886], [1.71032932357041, 52.4543597036681], [1.70089721510887, 52.4590500729359], [1.70246210139396, 52.4599534945516], [1.70149923926365, 52.4624675338748], [1.70943954485994, 52.4651188222974], [1.7124414691998, 52.4557563834467]]]}, "properties": {"FID": 28684, "LSOA21CD": "E01030233", "LSOA21NM": "East Suffolk 007A", "LSOA21NMW": " ", "BNG_E": 651962, "BNG_N": 291196, "LAT": 52.46056, "LONG": 1.70754, "GlobalID": "8dc4827e-b2c6-4e7d-b72c-68c5ad30dcd9", "LSOA name (2021)": "East Suffolk 007A", "Local Authority District code (2024)": "E07000244", "Local Authority District name (2024)": "East Suffolk", "Index of Multiple Deprivation (IMD) Rank": 28777, "Index of Multiple Deprivation (IMD) Decile": 9}}, {"type": "Feature", "id": 28685, "geometry": {"type": "Polygon", "coordinates": [[[1.70246210139396, 52.4599534945516], [1.70089721510887, 52.4590500729359], [1.7007559153147, 52.4591061958487], [1.69215694964087, 52.459211071877], [1.6943220334269, 52.4659965308681], [1.69970197916781, 52.4657833140402], [1.70246210139396, 52.4599534945516]]]}, "properties": {"FID": 28685, "LSOA21CD": "E01030234", "LSOA21NM": "East Suffolk 008A", "LSOA21NMW": " ", "BNG_E": 651273, "BNG_N": 291391, "LAT": 52.46262, "LONG": 1.697567, "GlobalID": "f50a23da-4d8d-45be-9eac-c438309d1e61", "LSOA name (2021)": "East Suffolk 008A", "Local Authority District code (2024)": "E07000244", "Local Authority District name (2024)": "East Suffolk", "Index of Multiple Deprivation (IMD) Rank": 7211, "Index of Multiple Deprivation (IMD) Decile": 3}}, {"type": "Feature", "id": 28686, "geometry": {"type": "Polygon", "coordinates": [[[1.70242781546901, 52.4729389921201], [1.70390304433314, 52.4686924043779], [1.70967684303458, 52.4676702523786], [1.70943954485994, 52.4651188222974], [1.70149923926365, 52.4624675338748], [1.70246210139396, 52.4599534945516], [1.69970197916781, 52.4657833140402], [1.6943220334269, 52.4659965308681], [1.68912655053947, 52.4738797161212], [1.70242781546901, 52.4729389921201]]]}, "properties": {"FID": 28686, "LSOA21CD": "E01030235", "LSOA21NM": "East Suffolk 007B", "LSOA21NMW": " ", "BNG_E": 651651, "BNG_N": 291849, "LAT": 52.46656, "LONG": 1.703464, "GlobalID": "a0ecee8e-1669-48fb-a82e-df4fc616ca9a", "LSOA name (2021)": "East Suffolk 007B", "Local Authority District code (2024)": "E07000244", "Local Authority District name (2024)": "East Suffolk", "Index of Multiple Deprivation (IMD) Rank": 22128, "Index of Multiple Deprivation (IMD) Decile": 7}}, {"type": "Feature", "id": 28687, "geometry": {"type": "Polygon", "coordinates": [[[1.69925614525273, 52.4548070267364], [1.70617238578309, 52.4482679738733], [1.70144996175528, 52.4465344357023], [1.69344184822753, 52.4424299361341], [1.68677847131067, 52.4436992415121], [1.69176957277967, 52.4456361421192], [1.69041008527541, 52.4489570697633], [1.69741856984848, 52.449819086929], [1.69662163485794, 52.4563807996288], [1.69925614525273, 52.4548070267364]]]}, "properties": {"FID": 28687, "LSOA21CD": "E01030236", "LSOA21NM": "East Suffolk 008B", "LSOA21NMW": " ", "BNG_E": 651281, "BNG_N": 289605, "LAT": 52.4466, "LONG": 1.696342, "GlobalID": "659d266f-bd1e-46b4-af5b-96aec62a85bb", "LSOA name (2021)": "East Suffolk 008B", "Local Authority District code (2024)": "E07000244", "Local Authority District name (2024)": "East Suffolk", "Index of Multiple Deprivation (IMD) Rank": 13378, "Index of Multiple Deprivation (IMD) Decile": 4}}, {"type": "Feature", "id": 28688, "geometry": {"type": "Polygon", "coordinates": [[[1.68912655053947, 52.4738797161212], [1.6943220334269, 52.4659965308681], [1.69215694964087, 52.459211071877], [1.7007559153147, 52.4591061958487], [1.69925614525273, 52.4548070267364], [1.69662163485794, 52.4563807996288], [1.69741856984848, 52.449819086929], [1.69041008527541, 52.4489570697633], [1.69176957277967, 52.4456361421192], [1.68677847131067, 52.4436992415121], [1.68317460619565, 52.4425434956634], [1.676106208059, 52.4416005412404], [1.67320668796565, 52.4496924660086], [1.66913676278558, 52.4502633053474], [1.66369516806978, 52.4749484347815], [1.67084832436716, 52.4765274486591], [1.67113971312021, 52.4821806628719], [1.68197132317294, 52.4899988901074], [1.68183968211332, 52.4769411543258], [1.68912655053947, 52.4738797161212]]]}, "properties": {"FID": 28688, "LSOA21CD": "E01030237", "LSOA21NM": "East Suffolk 008C", "LSOA21NMW": " ", "BNG_E": 650269, "BNG_N": 290849, "LAT": 52.45822, "LONG": 1.682415, "GlobalID": "4369fc4c-b925-4ce1-8ee5-b2cfc72f8397", "LSOA name (2021)": "East Suffolk 008C", "Local Authority District code (2024)": "E07000244", "Local Authority District name (2024)": "East Suffolk", "Index of Multiple Deprivation (IMD) Rank": 27916, "Index of Multiple Deprivation (IMD) Decile": 9}}, {"type": "Feature", "id": 28689, "geometry": {"type": "Polygon", "coordinates": [[[1.70089721510887, 52.4590500729359], [1.71032932357041, 52.4543597036681], [1.70711442864017, 52.4483825741383], [1.70617238578309, 52.4482679738733], [1.69925614525273, 52.4548070267364], [1.7007559153147, 52.4591061958487], [1.70089721510887, 52.4590500729359]]]}, "properties": {"FID": 28689, "LSOA21CD": "E01030238", "LSOA21NM": "East Suffolk 008D", "LSOA21NMW": " ", "BNG_E": 651798, "BNG_N": 290496, "LAT": 52.45435, "LONG": 1.704604, "GlobalID": "5685721a-7420-46fb-b114-d0b39e525b26", "LSOA name (2021)": "East Suffolk 008D", "Local Authority District code (2024)": "E07000244", "Local Authority District name (2024)": "East Suffolk", "Index of Multiple Deprivation (IMD) Rank": 28831, "Index of Multiple Deprivation (IMD) Decile": 9}}, {"type": "Feature", "id": 28690, "geometry": {"type": "Polygon", "coordinates": [[[1.71902692017511, 52.4494360699355], [1.70711442864017, 52.4483825741383], [1.71032932357041, 52.4543597036681], [1.71193823484488, 52.4545551393886], [1.71902692017511, 52.4494360699355]]]}, "properties": {"FID": 28690, "LSOA21CD": "E01030239", "LSOA21NM": "East Suffolk 012A", "LSOA21NMW": " ", "BNG_E": 652367, "BNG_N": 290193, "LAT": 52.45137, "LONG": 1.71273, "GlobalID": "c723ea8e-3c65-4e88-b45f-954d73d76acf", "LSOA name (2021)": "East Suffolk 012A", "Local Authority District code (2024)": "E07000244", "Local Authority District name (2024)": "East Suffolk", "Index of Multiple Deprivation (IMD) Rank": 25467, "Index of Multiple Deprivation (IMD) Decile": 8}}, {"type": "Feature", "id": 28691, "geometry": {"type": "Polygon", "coordinates": [[[1.76038074284123, 52.4902205173274], [1.75278648782017, 52.4886452570783], [1.75030783082163, 52.4903190984926], [1.74898938905879, 52.4912222105061], [1.74612140632665, 52.4931091412262], [1.74232466236595, 52.4966713317587], [1.7455626624532, 52.4999517008309], [1.75009975738715, 52.4958033420153], [1.7558000869062, 52.4972201159196], [1.75171613565118, 52.4984338379962], [1.75091778246518, 52.5045322772775], [1.75134059797249, 52.5092380161406], [1.75290334760025, 52.5059516087736], [1.76038074284123, 52.4902205173274]]]}, "properties": {"FID": 28691, "LSOA21CD": "E01030240", "LSOA21NM": "East Suffolk 001A", "LSOA21NMW": " ", "BNG_E": 654751, "BNG_N": 296050, "LAT": 52.50281, "LONG": 1.752206, "GlobalID": "a7a3f0ce-659a-4b6f-8a0e-6ecbdf32caf0", "LSOA name (2021)": "East Suffolk 001A", "Local Authority District code (2024)": "E07000244", "Local Authority District name (2024)": "East Suffolk", "Index of Multiple Deprivation (IMD) Rank": 20472, "Index of Multiple Deprivation (IMD) Decile": 7}}, {"type": "Feature", "id": 28692, "geometry": {"type": "Polygon", "coordinates": [[[1.75134059797249, 52.5092380161406], [1.75091778246518, 52.5045322772775], [1.73290605704836, 52.5038526694191], [1.73023518358037, 52.5093947047874], [1.72912465199729, 52.5049770563418], [1.723683896998, 52.5043722746862], [1.72604138780551, 52.5306380124013], [1.74037084898745, 52.5321004940733], [1.74174699479942, 52.5294022561575], [1.75134059797249, 52.5092380161406]]]}, "properties": {"FID": 28692, "LSOA21CD": "E01030241", "LSOA21NM": "East Suffolk 001B", "LSOA21NMW": " ", "BNG_E": 653656, "BNG_N": 297689, "LAT": 52.51802, "LONG": 1.737358, "GlobalID": "923efbd8-12e4-477f-9900-59e7bbc41aa3", "LSOA name (2021)": "East Suffolk 001B", "Local Authority District code (2024)": "E07000244", "Local Authority District name (2024)": "East Suffolk", "Index of Multiple Deprivation (IMD) Rank": 17014, "Index of Multiple Deprivation (IMD) Decile": 6}}, {"type": "Feature", "id": 28693, "geometry": {"type": "Polygon", "coordinates": [[[1.74612140632665, 52.4931091412262], [1.74179572533524, 52.4944639796073], [1.73955948831493, 52.4954971573862], [1.73290605704836, 52.5038526694191], [1.75091778246518, 52.5045322772775], [1.75171613565118, 52.4984338379962], [1.7558000869062, 52.4972201159196], [1.75009975738715, 52.4958033420153], [1.7455626624532, 52.4999517008309], [1.74232466236595, 52.4966713317587], [1.74612140632665, 52.4931091412262]]]}, "properties": {"FID": 28693, "LSOA21CD": "E01030242", "LSOA21NM": "East Suffolk 001C", "LSOA21NMW": " ", "BNG_E": 654231, "BNG_N": 295891, "LAT": 52.50162, "LONG": 1.744441, "GlobalID": "e4ca1261-8a2d-44b1-89a7-9fbd8cf29553", "LSOA name (2021)": "East Suffolk 001C", "Local Authority District code (2024)": "E07000244", "Local Authority District name (2024)": "East Suffolk", "Index of Multiple Deprivation (IMD) Rank": 25614, "Index of Multiple Deprivation (IMD) Decile": 8}}, {"type": "Feature", "id": 28694, "geometry": {"type": "Polygon", "coordinates": [[[1.51453681459726, 52.3498971761156], [1.50759055101401, 52.344741049846], [1.48848374264898, 52.3450192230291], [1.48788974626267, 52.3478007179817], [1.50329448451385, 52.3514419270732], [1.50428925679113, 52.3568542424758], [1.51522924871852, 52.3574140239059], [1.51058041745334, 52.3515529829397], [1.51453681459726, 52.3498971761156]]]}, "properties": {"FID": 28694, "LSOA21CD": "E01030243", "LSOA21NM": "East Suffolk 015B", "LSOA21NMW": " ", "BNG_E": 638887, "BNG_N": 278353, "LAT": 52.35118, "LONG": 1.506321, "GlobalID": "3a31d071-fc69-4317-8a80-9ce5e985ef8f", "LSOA name (2021)": "East Suffolk 015B", "Local Authority District code (2024)": "E07000244", "Local Authority District name (2024)": "East Suffolk", "Index of Multiple Deprivation (IMD) Rank": 15387, "Index of Multiple Deprivation (IMD) Decile": 5}}, {"type": "Feature", "id": 28695, "geometry": {"type": "Polygon", "coordinates": [[[1.51613381850323, 52.3377274543501], [1.50665912011323, 52.3338605418708], [1.49850453571152, 52.3373896402196], [1.49995686972331, 52.3409561011757], [1.48875508151964, 52.3413509046838], [1.48848374264898, 52.3450192230291], [1.50759055101401, 52.344741049846], [1.51453681459726, 52.3498971761156], [1.52059660530482, 52.3421739171879], [1.52080802093769, 52.3398596287757], [1.51410793499608, 52.3407212262], [1.51613381850323, 52.3377274543501]]]}, "properties": {"FID": 28695, "LSOA21CD": "E01030244", "LSOA21NM": "East Suffolk 015C", "LSOA21NMW": " ", "BNG_E": 638845, "BNG_N": 277333, "LAT": 52.34205, "LONG": 1.504981, "GlobalID": "cbc3a2b5-d6f8-4bc1-8e2e-a1b9c1060642", "LSOA name (2021)": "East Suffolk 015C", "Local Authority District code (2024)": "E07000244", "Local Authority District name (2024)": "East Suffolk", "Index of Multiple Deprivation (IMD) Rank": 9169, "Index of Multiple Deprivation (IMD) Decile": 3}}, {"type": "Feature", "id": 28696, "geometry": {"type": "Polygon", "coordinates": [[[1.50665912011323, 52.3338605418708], [1.49421782575106, 52.3288253930155], [1.48860273374138, 52.3285146442825], [1.48468942668483, 52.3326074616107], [1.48875508151964, 52.3413509046838], [1.49995686972331, 52.3409561011757], [1.49850453571152, 52.3373896402196], [1.50665912011323, 52.3338605418708]]]}, "properties": {"FID": 28696, "LSOA21CD": "E01030245", "LSOA21NM": "East Suffolk 015D", "LSOA21NMW": " ", "BNG_E": 638198, "BNG_N": 276531, "LAT": 52.33513, "LONG": 1.494934, "GlobalID": "a30a8c32-9053-4acc-b276-d5441dca8d9e", "LSOA name (2021)": "East Suffolk 015D", "Local Authority District code (2024)": "E07000244", "Local Authority District name (2024)": "East Suffolk", "Index of Multiple Deprivation (IMD) Rank": 18396, "Index of Multiple Deprivation (IMD) Decile": 6}}, {"type": "Feature", "id": 28697, "geometry": {"type": "Polygon", "coordinates": [[[1.75162515211709, 52.4847638850655], [1.75197910058317, 52.4823252261753], [1.74641850871061, 52.4811801552385], [1.74624172787725, 52.481152577876], [1.74467267654012, 52.483221936071], [1.75015744376007, 52.4883820939418], [1.75162515211709, 52.4847638850655]]]}, "properties": {"FID": 28697, "LSOA21CD": "E01030246", "LSOA21NM": "East Suffolk 004A", "LSOA21NMW": " ", "BNG_E": 654531, "BNG_N": 294030, "LAT": 52.48479, "LONG": 1.74743, "GlobalID": "db5cdce2-5c48-4851-8bcb-a5a146afd6d9", "LSOA name (2021)": "East Suffolk 004A", "Local Authority District code (2024)": "E07000244", "Local Authority District name (2024)": "East Suffolk", "Index of Multiple Deprivation (IMD) Rank": 2543, "Index of Multiple Deprivation (IMD) Decile": 1}}, {"type": "Feature", "id": 28698, "geometry": {"type": "Polygon", "coordinates": [[[1.76357118981522, 52.4816350659752], [1.7601654189459, 52.4737684832844], [1.75578438206808, 52.4727114944313], [1.76052084339441, 52.4758620172383], [1.75764488705135, 52.4769276922416], [1.75426346740373, 52.4727715293094], [1.74993391485291, 52.4730860636956], [1.75165934911363, 52.4752820163637], [1.75549621206458, 52.4789920134294], [1.75197910058317, 52.4823252261753], [1.75162515211709, 52.4847638850655], [1.7560737324013, 52.4855940207238], [1.75278648782017, 52.4886452570783], [1.76038074284123, 52.4902205173274], [1.76047301612095, 52.4900263258426], [1.76142294803892, 52.4874538374088], [1.76357118981522, 52.4816350659752]]]}, "properties": {"FID": 28698, "LSOA21CD": "E01030247", "LSOA21NM": "East Suffolk 006A", "LSOA21NMW": " ", "BNG_E": 655206, "BNG_N": 293805, "LAT": 52.48246, "LONG": 1.757176, "GlobalID": "eb698ec2-c8cc-4de8-ab5d-fb59ff9ef59e", "LSOA name (2021)": "East Suffolk 006A", "Local Authority District code (2024)": "E07000244", "Local Authority District name (2024)": "East Suffolk", "Index of Multiple Deprivation (IMD) Rank": 219, "Index of Multiple Deprivation (IMD) Decile": 1}}, {"type": "Feature", "id": 28699, "geometry": {"type": "Polygon", "coordinates": [[[1.75278648782017, 52.4886452570783], [1.7560737324013, 52.4855940207238], [1.75162515211709, 52.4847638850655], [1.75015744376007, 52.4883820939418], [1.75030783082163, 52.4903190984926], [1.75278648782017, 52.4886452570783]]]}, "properties": {"FID": 28699, "LSOA21CD": "E01030248", "LSOA21NM": "East Suffolk 004B", "LSOA21NMW": " ", "BNG_E": 654880, "BNG_N": 294254, "LAT": 52.48664, "LONG": 1.752729, "GlobalID": "818e909c-1472-4b48-9b39-3881139dc6f5", "LSOA name (2021)": "East Suffolk 004B", "Local Authority District code (2024)": "E07000244", "Local Authority District name (2024)": "East Suffolk", "Index of Multiple Deprivation (IMD) Rank": 4250, "Index of Multiple Deprivation (IMD) Decile": 2}}, {"type": "Feature", "id": 28700, "geometry": {"type": "Polygon", "coordinates": [[[1.75165934911363, 52.4752820163637], [1.74641850871061, 52.4811801552385], [1.75197910058317, 52.4823252261753], [1.75549621206458, 52.4789920134294], [1.75165934911363, 52.4752820163637]]]}, "properties": {"FID": 28700, "LSOA21CD": "E01030249", "LSOA21NM": "East Suffolk 004C", "LSOA21NMW": " ", "BNG_E": 654798, "BNG_N": 293187, "LAT": 52.4771, "LONG": 1.750709, "GlobalID": "bafddf30-0b16-4a6f-bdeb-2d4695caa382", "LSOA name (2021)": "East Suffolk 004C", "Local Authority District code (2024)": "E07000244", "Local Authority District name (2024)": "East Suffolk", "Index of Multiple Deprivation (IMD) Rank": 2305, "Index of Multiple Deprivation (IMD) Decile": 1}}, {"type": "Feature", "id": 28701, "geometry": {"type": "Polygon", "coordinates": [[[1.75165934911363, 52.4752820163637], [1.74993391485291, 52.4730860636956], [1.74133142275745, 52.4737105343045], [1.74533465214748, 52.4749067209182], [1.74573115207108, 52.4789202134921], [1.74653989318365, 52.4800243029263], [1.74624172787725, 52.481152577876], [1.74641850871061, 52.4811801552385], [1.75165934911363, 52.4752820163637]]]}, "properties": {"FID": 28701, "LSOA21CD": "E01030250", "LSOA21NM": "East Suffolk 004D", "LSOA21NMW": " ", "BNG_E": 654549, "BNG_N": 293159, "LAT": 52.47697, "LONG": 1.74703, "GlobalID": "ca726ad7-bb45-4a6c-a84f-1391625ab162", "LSOA name (2021)": "East Suffolk 004D", "Local Authority District code (2024)": "E07000244", "Local Authority District name (2024)": "East Suffolk", "Index of Multiple Deprivation (IMD) Rank": 180, "Index of Multiple Deprivation (IMD) Decile": 1}}, {"type": "Feature", "id": 28702, "geometry": {"type": "Polygon", "coordinates": [[[1.73122217677727, 52.4325600679894], [1.72794896623355, 52.4001104913471], [1.72019678786346, 52.3995225201867], [1.71447034848301, 52.4059121587954], [1.7067988358599, 52.4042600053049], [1.71587354461264, 52.4103159789994], [1.71537376758321, 52.4181278544512], [1.72149798152179, 52.4189119738006], [1.7242822998822, 52.4177753871095], [1.72628433751451, 52.420767939075], [1.72100953586554, 52.4275725229712], [1.72417214240203, 52.4308211755589], [1.71772443353653, 52.4292271564277], [1.7140033575495, 52.4329000249363], [1.71757379563206, 52.435495202179], [1.73122217677727, 52.4325600679894]]]}, "properties": {"FID": 28702, "LSOA21CD": "E01030251", "LSOA21NM": "East Suffolk 012B", "LSOA21NMW": " ", "BNG_E": 653065, "BNG_N": 285654, "LAT": 52.41033, "LONG": 1.719546, "GlobalID": "55480300-9822-4e9f-8f0d-e368fb59b3de", "LSOA name (2021)": "East Suffolk 012B", "Local Authority District code (2024)": "E07000244", "Local Authority District name (2024)": "East Suffolk", "Index of Multiple Deprivation (IMD) Rank": 8645, "Index of Multiple Deprivation (IMD) Decile": 3}}, {"type": "Feature", "id": 28703, "geometry": {"type": "Polygon", "coordinates": [[[1.72149798152179, 52.4189119738006], [1.71537376758321, 52.4181278544512], [1.71587354461264, 52.4103159789994], [1.7067988358599, 52.4042600053049], [1.7010994283733, 52.4094970035607], [1.69345166911393, 52.4109591375699], [1.69205747265859, 52.4176562591187], [1.68496799741847, 52.4172287395412], [1.67953519049927, 52.4234727437821], [1.68911201924437, 52.4253505802573], [1.68398000144301, 52.4406658683786], [1.68317460619565, 52.4425434956634], [1.68677847131067, 52.4436992415121], [1.69344184822753, 52.4424299361341], [1.70144996175528, 52.4465344357023], [1.71640916172236, 52.4403441781143], [1.70692596936418, 52.4343251267241], [1.69828602294135, 52.4348491422373], [1.70631762958163, 52.4329290779817], [1.70159684105562, 52.4296309961015], [1.70280795395027, 52.4243637863536], [1.72149798152179, 52.4189119738006]]]}, "properties": {"FID": 28703, "LSOA21CD": "E01030252", "LSOA21NM": "East Suffolk 012C", "LSOA21NMW": " ", "BNG_E": 651775, "BNG_N": 286518, "LAT": 52.41867, "LONG": 1.701271, "GlobalID": "b5d462a0-a25f-45ad-a8f7-dfab99d0ad1a", "LSOA name (2021)": "East Suffolk 012C", "Local Authority District code (2024)": "E07000244", "Local Authority District name (2024)": "East Suffolk", "Index of Multiple Deprivation (IMD) Rank": 14268, "Index of Multiple Deprivation (IMD) Decile": 5}}, {"type": "Feature", "id": 28704, "geometry": {"type": "Polygon", "coordinates": [[[1.72347850163252, 52.4473139169834], [1.72491189076703, 52.4449305616611], [1.73322374075225, 52.4448595195813], [1.73320731746116, 52.4447928538614], [1.73122217677727, 52.4325600679894], [1.71757379563206, 52.435495202179], [1.7140033575495, 52.4329000249363], [1.71772443353653, 52.4292271564277], [1.72417214240203, 52.4308211755589], [1.72100953586554, 52.4275725229712], [1.72628433751451, 52.420767939075], [1.7242822998822, 52.4177753871095], [1.72149798152179, 52.4189119738006], [1.70280795395027, 52.4243637863536], [1.70159684105562, 52.4296309961015], [1.70631762958163, 52.4329290779817], [1.69828602294135, 52.4348491422373], [1.70692596936418, 52.4343251267241], [1.71640916172236, 52.4403441781143], [1.70144996175528, 52.4465344357023], [1.70617238578309, 52.4482679738733], [1.70711442864017, 52.4483825741383], [1.71902692017511, 52.4494360699355], [1.72347850163252, 52.4473139169834]]]}, "properties": {"FID": 28704, "LSOA21CD": "E01030253", "LSOA21NM": "East Suffolk 012D", "LSOA21NMW": " ", "BNG_E": 652631, "BNG_N": 287391, "LAT": 52.42611, "LONG": 1.71449, "GlobalID": "d914cfce-3cb8-4499-8c47-0d4a5ee46dd1", "LSOA name (2021)": "East Suffolk 012D", "Local Authority District code (2024)": "E07000244", "Local Authority District name (2024)": "East Suffolk", "Index of Multiple Deprivation (IMD) Rank": 6464, "Index of Multiple Deprivation (IMD) Decile": 2}}, {"type": "Feature", "id": 28705, "geometry": {"type": "Polygon", "coordinates": [[[1.74241063540418, 52.4659416546996], [1.73861914980723, 52.4643446221162], [1.73412578720822, 52.4682816608768], [1.73465245546785, 52.4688334712862], [1.74159624960841, 52.4690158679072], [1.74241063540418, 52.4659416546996]]]}, "properties": {"FID": 28705, "LSOA21CD": "E01030254", "LSOA21NM": "East Suffolk 006B", "LSOA21NMW": " ", "BNG_E": 654054, "BNG_N": 291981, "LAT": 52.46663, "LONG": 1.738861, "GlobalID": "63eb7d3c-f6d8-4c0f-bebe-effcdc121d80", "LSOA name (2021)": "East Suffolk 006B", "Local Authority District code (2024)": "E07000244", "Local Authority District name (2024)": "East Suffolk", "Index of Multiple Deprivation (IMD) Rank": 4291, "Index of Multiple Deprivation (IMD) Decile": 2}}, {"type": "Feature", "id": 28706, "geometry": {"type": "Polygon", "coordinates": [[[1.73743330894342, 52.4715071456959], [1.73823991655507, 52.4700708576461], [1.73465245546785, 52.4688334712862], [1.73412578720822, 52.4682816608768], [1.72642426504376, 52.4685346106329], [1.72436217607332, 52.4734384379388], [1.72916062225815, 52.4744758133479], [1.72950456709829, 52.4743314230992], [1.73011941631657, 52.4740732996451], [1.73743330894342, 52.4715071456959]]]}, "properties": {"FID": 28706, "LSOA21CD": "E01030255", "LSOA21NM": "East Suffolk 005A", "LSOA21NMW": " ", "BNG_E": 653493, "BNG_N": 292400, "LAT": 52.47065, "LONG": 1.730939, "GlobalID": "0519005f-230f-45d6-b37e-a7ef641c69cd", "LSOA name (2021)": "East Suffolk 005A", "Local Authority District code (2024)": "E07000244", "Local Authority District name (2024)": "East Suffolk", "Index of Multiple Deprivation (IMD) Rank": 8618, "Index of Multiple Deprivation (IMD) Decile": 3}}, {"type": "Feature", "id": 28707, "geometry": {"type": "Polygon", "coordinates": [[[1.7463263721732, 52.4652045861922], [1.74198658140666, 52.4593794018576], [1.73720942776049, 52.4597580646667], [1.73416555215984, 52.4570220647587], [1.73272844736311, 52.4594361999637], [1.73726293581728, 52.4601476376615], [1.73861914980723, 52.4643446221162], [1.74241063540418, 52.4659416546996], [1.7463263721732, 52.4652045861922]]]}, "properties": {"FID": 28707, "LSOA21CD": "E01030256", "LSOA21NM": "East Suffolk 006C", "LSOA21NMW": " ", "BNG_E": 654117, "BNG_N": 291475, "LAT": 52.46206, "LONG": 1.739401, "GlobalID": "055b0c35-ebcb-4192-8d99-09fab45a53e5", "LSOA name (2021)": "East Suffolk 006C", "Local Authority District code (2024)": "E07000244", "Local Authority District name (2024)": "East Suffolk", "Index of Multiple Deprivation (IMD) Rank": 5379, "Index of Multiple Deprivation (IMD) Decile": 2}}, {"type": "Feature", "id": 28708, "geometry": {"type": "Polygon", "coordinates": [[[1.73412578720822, 52.4682816608768], [1.73861914980723, 52.4643446221162], [1.73726293581728, 52.4601476376615], [1.73272844736311, 52.4594361999637], [1.72933855922321, 52.4638644359231], [1.72621763438354, 52.4680058625318], [1.72642426504376, 52.4685346106329], [1.73412578720822, 52.4682816608768]]]}, "properties": {"FID": 28708, "LSOA21CD": "E01030257", "LSOA21NM": "East Suffolk 009A", "LSOA21NMW": " ", "BNG_E": 653609, "BNG_N": 291680, "LAT": 52.46414, "LONG": 1.732096, "GlobalID": "84236aee-e027-4398-95fd-883cdc23de8a", "LSOA name (2021)": "East Suffolk 009A", "Local Authority District code (2024)": "E07000244", "Local Authority District name (2024)": "East Suffolk", "Index of Multiple Deprivation (IMD) Rank": 9420, "Index of Multiple Deprivation (IMD) Decile": 3}}, {"type": "Feature", "id": 28709, "geometry": {"type": "Polygon", "coordinates": [[[1.75614763122219, 52.4715450412244], [1.75520856802233, 52.4712959962359], [1.74982217632228, 52.4698956355482], [1.7463263721732, 52.4652045861922], [1.74241063540418, 52.4659416546996], [1.74159624960841, 52.4690158679072], [1.73465245546785, 52.4688334712862], [1.73823991655507, 52.4700708576461], [1.73743330894342, 52.4715071456959], [1.73911828476667, 52.4709158489046], [1.75394919117542, 52.4714694713964], [1.75610090122929, 52.4715496347283], [1.75614763122219, 52.4715450412244]]]}, "properties": {"FID": 28709, "LSOA21CD": "E01030258", "LSOA21NM": "East Suffolk 006D", "LSOA21NMW": " ", "BNG_E": 654480, "BNG_N": 292311, "LAT": 52.46939, "LONG": 1.745369, "GlobalID": "00518268-1073-4d81-8d9b-f80f76c88f08", "LSOA name (2021)": "East Suffolk 006D", "Local Authority District code (2024)": "E07000244", "Local Authority District name (2024)": "East Suffolk", "Index of Multiple Deprivation (IMD) Rank": 333, "Index of Multiple Deprivation (IMD) Decile": 1}}, {"type": "Feature", "id": 28710, "geometry": {"type": "Polygon", "coordinates": [[[1.72604138780551, 52.5306380124013], [1.723683896998, 52.5043722746862], [1.70918923084556, 52.4948019804471], [1.71038070179905, 52.4925344257763], [1.69971273515742, 52.4896733573645], [1.70115779997918, 52.4833431783686], [1.69069376135866, 52.4792822634826], [1.68912655053947, 52.4738797161212], [1.68183968211332, 52.4769411543258], [1.68197132317294, 52.4899988901074], [1.6823744385024, 52.4952245932384], [1.68978724267241, 52.4942080936803], [1.69097380484151, 52.4970359266236], [1.68470694035357, 52.5000333235346], [1.71004065238116, 52.508012212657], [1.7103155641119, 52.5106373428602], [1.70795554045688, 52.5198935033178], [1.70018759664227, 52.5169015677232], [1.69476017936195, 52.5255110588415], [1.68389060316742, 52.5262711459023], [1.68194220342521, 52.5480223634307], [1.68611359605312, 52.5493802021144], [1.69042490099915, 52.5449667467231], [1.70257602490275, 52.5444249534676], [1.70559412916866, 52.5399744473654], [1.72604138780551, 52.5306380124013]]]}, "properties": {"FID": 28710, "LSOA21CD": "E01030259", "LSOA21NM": "East Suffolk 001D", "LSOA21NMW": " ", "BNG_E": 651249, "BNG_N": 298935, "LAT": 52.53031, "LONG": 1.702901, "GlobalID": "0ffedb9c-4fb3-4eb0-8fad-566dfc3dc32e", "LSOA name (2021)": "East Suffolk 001D", "Local Authority District code (2024)": "E07000244", "Local Authority District name (2024)": "East Suffolk", "Index of Multiple Deprivation (IMD) Rank": 18410, "Index of Multiple Deprivation (IMD) Decile": 6}}, {"type": "Feature", "id": 28711, "geometry": {"type": "Polygon", "coordinates": [[[1.68194220342521, 52.5480223634307], [1.68389060316742, 52.5262711459023], [1.69476017936195, 52.5255110588415], [1.70018759664227, 52.5169015677232], [1.70795554045688, 52.5198935033178], [1.7103155641119, 52.5106373428602], [1.71004065238116, 52.508012212657], [1.68470694035357, 52.5000333235346], [1.69097380484151, 52.4970359266236], [1.68978724267241, 52.4942080936803], [1.6823744385024, 52.4952245932384], [1.67208075440467, 52.5038669691067], [1.65428007423618, 52.5014167660377], [1.64520092121162, 52.5085375653711], [1.64660280030848, 52.5151395075598], [1.63089415810745, 52.5207400542154], [1.62858218524479, 52.5260180701806], [1.63653666817591, 52.5279394904598], [1.63126341898506, 52.5323048705716], [1.63829199404598, 52.5337825911038], [1.63673953057787, 52.5374362233199], [1.65915425575508, 52.5422511188768], [1.66234760481727, 52.5478539676044], [1.66783965923589, 52.5502471810092], [1.68194220342521, 52.5480223634307]]]}, "properties": {"FID": 28711, "LSOA21CD": "E01030260", "LSOA21NM": "East Suffolk 001E", "LSOA21NMW": " ", "BNG_E": 649053, "BNG_N": 298432, "LAT": 52.52681, "LONG": 1.67022, "GlobalID": "f429d55c-5678-4d85-a65f-3e1ed437e42c", "LSOA name (2021)": "East Suffolk 001E", "Local Authority District code (2024)": "E07000244", "Local Authority District name (2024)": "East Suffolk", "Index of Multiple Deprivation (IMD) Rank": 16082, "Index of Multiple Deprivation (IMD) Decile": 5}}, {"type": "Feature", "id": 28712, "geometry": {"type": "Polygon", "coordinates": [[[1.74467267654012, 52.483221936071], [1.74624172787725, 52.481152577876], [1.74653989318365, 52.4800243029263], [1.73465220896035, 52.4797864241237], [1.73529174706922, 52.4844685700412], [1.74173591861543, 52.4854936682222], [1.74467267654012, 52.483221936071]]]}, "properties": {"FID": 28712, "LSOA21CD": "E01030261", "LSOA21NM": "East Suffolk 002A", "LSOA21NMW": " ", "BNG_E": 654095, "BNG_N": 293728, "LAT": 52.48228, "LONG": 1.740793, "GlobalID": "ca3792dd-72d0-4d62-83b2-8dc4ce0ca6a8", "LSOA name (2021)": "East Suffolk 002A", "Local Authority District code (2024)": "E07000244", "Local Authority District name (2024)": "East Suffolk", "Index of Multiple Deprivation (IMD) Rank": 612, "Index of Multiple Deprivation (IMD) Decile": 1}}, {"type": "Feature", "id": 28713, "geometry": {"type": "Polygon", "coordinates": [[[1.75030783082163, 52.4903190984926], [1.75015744376007, 52.4883820939418], [1.74467267654012, 52.483221936071], [1.74173591861543, 52.4854936682222], [1.73529174706922, 52.4844685700412], [1.73537259856661, 52.4866424392379], [1.73962471645225, 52.4859296465779], [1.74098918144694, 52.4888344574033], [1.74898938905879, 52.4912222105061], [1.75030783082163, 52.4903190984926]]]}, "properties": {"FID": 28713, "LSOA21CD": "E01030262", "LSOA21NM": "East Suffolk 002B", "LSOA21NMW": " ", "BNG_E": 654348, "BNG_N": 294297, "LAT": 52.48727, "LONG": 1.744944, "GlobalID": "c18aec9a-c86d-45ec-a61a-5988a6819bac", "LSOA name (2021)": "East Suffolk 002B", "Local Authority District code (2024)": "E07000244", "Local Authority District name (2024)": "East Suffolk", "Index of Multiple Deprivation (IMD) Rank": 7577, "Index of Multiple Deprivation (IMD) Decile": 3}}, {"type": "Feature", "id": 28714, "geometry": {"type": "MultiPolygon", "coordinates": [[[[1.72207497159744, 52.4774499753676], [1.72386424182725, 52.4766990187387], [1.72203807551416, 52.4772162126321], [1.72207497159744, 52.4774499753676]]], [[[1.73465220896035, 52.4797864241237], [1.72933855819571, 52.4760029196482], [1.72254719668509, 52.4774372620001], [1.72208826048771, 52.4775341717754], [1.72287891599269, 52.4825428779437], [1.72748855442144, 52.4827005493898], [1.72771621530177, 52.4881350645505], [1.73107553945232, 52.4872856805909], [1.73537259856661, 52.4866424392379], [1.73529174706922, 52.4844685700412], [1.73465220896035, 52.4797864241237]]]]}, "properties": {"FID": 28714, "LSOA21CD": "E01030263", "LSOA21NM": "East Suffolk 005B", "LSOA21NMW": " ", "BNG_E": 653306, "BNG_N": 293633, "LAT": 52.4818, "LONG": 1.729128, "GlobalID": "c0874a7d-6da0-4d08-940c-90dff93a31c1", "LSOA name (2021)": "East Suffolk 005B", "Local Authority District code (2024)": "E07000244", "Local Authority District name (2024)": "East Suffolk", "Index of Multiple Deprivation (IMD) Rank": 12057, "Index of Multiple Deprivation (IMD) Decile": 4}}, {"type": "Feature", "id": 28715, "geometry": {"type": "Polygon", "coordinates": [[[1.74573115207108, 52.4789202134921], [1.73775544040429, 52.4783231723646], [1.73631775782974, 52.4745283971181], [1.72933855819571, 52.4760029196482], [1.73465220896035, 52.4797864241237], [1.74653989318365, 52.4800243029263], [1.74573115207108, 52.4789202134921]]]}, "properties": {"FID": 28715, "LSOA21CD": "E01030264", "LSOA21NM": "East Suffolk 004E", "LSOA21NMW": " ", "BNG_E": 653719, "BNG_N": 293172, "LAT": 52.47747, "LONG": 1.734845, "GlobalID": "1f36b9ae-c3b5-43a9-82e8-1dcc163d5134", "LSOA name (2021)": "East Suffolk 004E", "Local Authority District code (2024)": "E07000244", "Local Authority District name (2024)": "East Suffolk", "Index of Multiple Deprivation (IMD) Rank": 3159, "Index of Multiple Deprivation (IMD) Decile": 1}}, {"type": "Feature", "id": 28716, "geometry": {"type": "Polygon", "coordinates": [[[1.74133142275745, 52.4737105343045], [1.7395900994576, 52.4738368617211], [1.73631775782974, 52.4745283971181], [1.73775544040429, 52.4783231723646], [1.74573115207108, 52.4789202134921], [1.74533465214748, 52.4749067209182], [1.74133142275745, 52.4737105343045]]]}, "properties": {"FID": 28716, "LSOA21CD": "E01030265", "LSOA21NM": "East Suffolk 004F", "LSOA21NMW": " ", "BNG_E": 654153, "BNG_N": 293091, "LAT": 52.47654, "LONG": 1.74116, "GlobalID": "7d2fb9dc-b239-4591-9336-48bb5b61b039", "LSOA name (2021)": "East Suffolk 004F", "Local Authority District code (2024)": "E07000244", "Local Authority District name (2024)": "East Suffolk", "Index of Multiple Deprivation (IMD) Rank": 3499, "Index of Multiple Deprivation (IMD) Decile": 2}}, {"type": "Feature", "id": 28717, "geometry": {"type": "Polygon", "coordinates": [[[1.72639747213566, 52.4942004636363], [1.71918787298381, 52.4925495053919], [1.71805244934441, 52.4893540100524], [1.71835011264959, 52.4875685839157], [1.71038070179905, 52.4925344257763], [1.70918923084556, 52.4948019804471], [1.723683896998, 52.5043722746862], [1.72912465199729, 52.5049770563418], [1.72210843807026, 52.4982669140188], [1.72639747213566, 52.4942004636363]]]}, "properties": {"FID": 28717, "LSOA21CD": "E01030266", "LSOA21NM": "East Suffolk 003A", "LSOA21NMW": " ", "BNG_E": 652532, "BNG_N": 295216, "LAT": 52.49636, "LONG": 1.718953, "GlobalID": "309f5c36-21ec-46e9-ba95-167e47e8ad32", "LSOA name (2021)": "East Suffolk 003A", "Local Authority District code (2024)": "E07000244", "Local Authority District name (2024)": "East Suffolk", "Index of Multiple Deprivation (IMD) Rank": 13921, "Index of Multiple Deprivation (IMD) Decile": 5}}, {"type": "Feature", "id": 28718, "geometry": {"type": "Polygon", "coordinates": [[[1.71835011264959, 52.4875685839157], [1.71862207125837, 52.4844710596216], [1.70115779997918, 52.4833431783686], [1.69971273515742, 52.4896733573645], [1.71038070179905, 52.4925344257763], [1.71835011264959, 52.4875685839157]]]}, "properties": {"FID": 28718, "LSOA21CD": "E01030267", "LSOA21NM": "East Suffolk 003B", "LSOA21NMW": " ", "BNG_E": 651819, "BNG_N": 294234, "LAT": 52.48788, "LONG": 1.707731, "GlobalID": "482f366f-5d0f-4d84-b2fa-3bf9d29fecce", "LSOA name (2021)": "East Suffolk 003B", "Local Authority District code (2024)": "E07000244", "Local Authority District name (2024)": "East Suffolk", "Index of Multiple Deprivation (IMD) Rank": 14125, "Index of Multiple Deprivation (IMD) Decile": 5}}, {"type": "Feature", "id": 28719, "geometry": {"type": "Polygon", "coordinates": [[[1.71728532566736, 52.4836147935971], [1.71216630755617, 52.4826744087219], [1.70032752240601, 52.4813023196376], [1.69811719698519, 52.4782243992709], [1.69069376135866, 52.4792822634826], [1.70115779997918, 52.4833431783686], [1.71862207125837, 52.4844710596216], [1.71728532566736, 52.4836147935971]]]}, "properties": {"FID": 28719, "LSOA21CD": "E01030268", "LSOA21NM": "East Suffolk 007C", "LSOA21NMW": " ", "BNG_E": 651343, "BNG_N": 293510, "LAT": 52.4816, "LONG": 1.70019, "GlobalID": "f49f097f-f166-42ae-b2dd-abb8c2ef2a60", "LSOA name (2021)": "East Suffolk 007C", "Local Authority District code (2024)": "E07000244", "Local Authority District name (2024)": "East Suffolk", "Index of Multiple Deprivation (IMD) Rank": 28198, "Index of Multiple Deprivation (IMD) Decile": 9}}, {"type": "Feature", "id": 28720, "geometry": {"type": "Polygon", "coordinates": [[[1.70919334536277, 52.4753058082015], [1.70242781546901, 52.4729389921201], [1.68912655053947, 52.4738797161212], [1.69069376135866, 52.4792822634826], [1.69811719698519, 52.4782243992709], [1.70032752240601, 52.4813023196376], [1.71216630755617, 52.4826744087219], [1.71402773033787, 52.4796451928444], [1.70837419342924, 52.4789429192703], [1.70919334536277, 52.4753058082015]]]}, "properties": {"FID": 28720, "LSOA21CD": "E01030269", "LSOA21NM": "East Suffolk 007D", "LSOA21NMW": " ", "BNG_E": 651408, "BNG_N": 293075, "LAT": 52.47767, "LONG": 1.700818, "GlobalID": "2f348675-58f4-4bf9-a6ab-3dc5915466ff", "LSOA name (2021)": "East Suffolk 007D", "Local Authority District code (2024)": "E07000244", "Local Authority District name (2024)": "East Suffolk", "Index of Multiple Deprivation (IMD) Rank": 24260, "Index of Multiple Deprivation (IMD) Decile": 8}}, {"type": "Feature", "id": 28721, "geometry": {"type": "Polygon", "coordinates": [[[1.72287891599269, 52.4825428779437], [1.72208826048771, 52.4775341717754], [1.72165773511989, 52.4776250810526], [1.72207497159744, 52.4774499753676], [1.72203807551416, 52.4772162126321], [1.71614016708204, 52.4741499015473], [1.70919334536277, 52.4753058082015], [1.70837419342924, 52.4789429192703], [1.71402773033787, 52.4796451928444], [1.71216630755617, 52.4826744087219], [1.71728532566736, 52.4836147935971], [1.71544133474796, 52.48089036702], [1.72287891599269, 52.4825428779437]]]}, "properties": {"FID": 28721, "LSOA21CD": "E01030270", "LSOA21NM": "East Suffolk 005C", "LSOA21NMW": " ", "BNG_E": 652502, "BNG_N": 293294, "LAT": 52.47913, "LONG": 1.717057, "GlobalID": "cd3e6b67-f4a3-4d73-8769-d2f2b667f471", "LSOA name (2021)": "East Suffolk 005C", "Local Authority District code (2024)": "E07000244", "Local Authority District name (2024)": "East Suffolk", "Index of Multiple Deprivation (IMD) Rank": 10741, "Index of Multiple Deprivation (IMD) Decile": 4}}, {"type": "Feature", "id": 28722, "geometry": {"type": "Polygon", "coordinates": [[[1.72771621530177, 52.4881350645505], [1.72748855442144, 52.4827005493898], [1.72287891599269, 52.4825428779437], [1.71544133474796, 52.48089036702], [1.71728532566736, 52.4836147935971], [1.71862207125837, 52.4844710596216], [1.71835011264959, 52.4875685839157], [1.71805244934441, 52.4893540100524], [1.72771621530177, 52.4881350645505]]]}, "properties": {"FID": 28722, "LSOA21CD": "E01030271", "LSOA21NM": "East Suffolk 003C", "LSOA21NMW": " ", "BNG_E": 652786, "BNG_N": 294061, "LAT": 52.48588, "LONG": 1.721811, "GlobalID": "819544ee-29ed-44f5-8ea5-5e4866102865", "LSOA name (2021)": "East Suffolk 003C", "Local Authority District code (2024)": "E07000244", "Local Authority District name (2024)": "East Suffolk", "Index of Multiple Deprivation (IMD) Rank": 20692, "Index of Multiple Deprivation (IMD) Decile": 7}}, {"type": "Feature", "id": 28723, "geometry": {"type": "Polygon", "coordinates": [[[1.73825662211706, 52.4530748246853], [1.73395983218822, 52.445750621412], [1.73322374075225, 52.4448595195813], [1.72491189076703, 52.4449305616611], [1.72347850163252, 52.4473139169834], [1.72514187815413, 52.4537954824087], [1.73105408210273, 52.454143186519], [1.73825662211706, 52.4530748246853]]]}, "properties": {"FID": 28723, "LSOA21CD": "E01030272", "LSOA21NM": "East Suffolk 012E", "LSOA21NMW": " ", "BNG_E": 653571, "BNG_N": 290051, "LAT": 52.44954, "LONG": 1.730301, "GlobalID": "7c62d70d-9d43-4e8c-a6fd-5d25cba4ceb9", "LSOA name (2021)": "East Suffolk 012E", "Local Authority District code (2024)": "E07000244", "Local Authority District name (2024)": "East Suffolk", "Index of Multiple Deprivation (IMD) Rank": 19557, "Index of Multiple Deprivation (IMD) Decile": 6}}, {"type": "Feature", "id": 28724, "geometry": {"type": "Polygon", "coordinates": [[[1.72514187815413, 52.4537954824087], [1.72347850163252, 52.4473139169834], [1.71902692017511, 52.4494360699355], [1.71193823484488, 52.4545551393886], [1.71359600634207, 52.4550745104084], [1.71376463201067, 52.4551861455192], [1.72514187815413, 52.4537954824087]]]}, "properties": {"FID": 28724, "LSOA21CD": "E01030273", "LSOA21NM": "East Suffolk 012F", "LSOA21NMW": " ", "BNG_E": 652963, "BNG_N": 290250, "LAT": 52.45161, "LONG": 1.721524, "GlobalID": "dd90bd03-78e3-4133-bb78-fe7f81257902", "LSOA name (2021)": "East Suffolk 012F", "Local Authority District code (2024)": "E07000244", "Local Authority District name (2024)": "East Suffolk", "Index of Multiple Deprivation (IMD) Rank": 22958, "Index of Multiple Deprivation (IMD) Decile": 7}}, {"type": "Feature", "id": 28725, "geometry": {"type": "Polygon", "coordinates": [[[1.73214781304063, 52.4551844583108], [1.73105408210273, 52.454143186519], [1.72514187815413, 52.4537954824087], [1.71376463201067, 52.4551861455192], [1.7230001970926, 52.4606816410848], [1.73214781304063, 52.4551844583108]]]}, "properties": {"FID": 28725, "LSOA21CD": "E01030274", "LSOA21NM": "East Suffolk 009B", "LSOA21NMW": " ", "BNG_E": 653063, "BNG_N": 290885, "LAT": 52.45726, "LONG": 1.723474, "GlobalID": "0e8d31fe-fc79-4bc3-bbcc-ad41aa434681", "LSOA name (2021)": "East Suffolk 009B", "Local Authority District code (2024)": "E07000244", "Local Authority District name (2024)": "East Suffolk", "Index of Multiple Deprivation (IMD) Rank": 2912, "Index of Multiple Deprivation (IMD) Decile": 1}}, {"type": "Feature", "id": 28726, "geometry": {"type": "Polygon", "coordinates": [[[1.73272844736311, 52.4594361999637], [1.73416555215984, 52.4570220647587], [1.73214781304063, 52.4551844583108], [1.7230001970926, 52.4606816410848], [1.72843001137995, 52.4638244325576], [1.72933855922321, 52.4638644359231], [1.73272844736311, 52.4594361999637]]]}, "properties": {"FID": 28726, "LSOA21CD": "E01030275", "LSOA21NM": "East Suffolk 009C", "LSOA21NMW": " ", "BNG_E": 653401, "BNG_N": 291289, "LAT": 52.46072, "LONG": 1.728744, "GlobalID": "9b71119a-e2af-4776-8035-8fb9713df22a", "LSOA name (2021)": "East Suffolk 009C", "Local Authority District code (2024)": "E07000244", "Local Authority District name (2024)": "East Suffolk", "Index of Multiple Deprivation (IMD) Rank": 17119, "Index of Multiple Deprivation (IMD) Decile": 6}}, {"type": "Feature", "id": 28727, "geometry": {"type": "Polygon", "coordinates": [[[1.74198658140666, 52.4593794018576], [1.74184479121505, 52.4591890515935], [1.73825662211706, 52.4530748246853], [1.73105408210273, 52.454143186519], [1.73214781304063, 52.4551844583108], [1.73416555215984, 52.4570220647587], [1.73720942776049, 52.4597580646667], [1.74198658140666, 52.4593794018576]]]}, "properties": {"FID": 28727, "LSOA21CD": "E01030276", "LSOA21NM": "East Suffolk 006E", "LSOA21NMW": " ", "BNG_E": 653948, "BNG_N": 290803, "LAT": 52.45611, "LONG": 1.736408, "GlobalID": "5b494138-2c90-47c7-b4d3-f7d6bf151bf8", "LSOA name (2021)": "East Suffolk 006E", "Local Authority District code (2024)": "E07000244", "Local Authority District name (2024)": "East Suffolk", "Index of Multiple Deprivation (IMD) Rank": 9976, "Index of Multiple Deprivation (IMD) Decile": 3}}, {"type": "Feature", "id": 28728, "geometry": {"type": "Polygon", "coordinates": [[[1.74612140632665, 52.4931091412262], [1.74898938905879, 52.4912222105061], [1.74098918144694, 52.4888344574033], [1.73505025702222, 52.490488120982], [1.73885243200341, 52.4929224429234], [1.74170364719599, 52.49132054468], [1.74179572533524, 52.4944639796073], [1.74612140632665, 52.4931091412262]]]}, "properties": {"FID": 28728, "LSOA21CD": "E01030277", "LSOA21NM": "East Suffolk 002C", "LSOA21NMW": " ", "BNG_E": 654341, "BNG_N": 294771, "LAT": 52.49152, "LONG": 1.745203, "GlobalID": "7fe62c03-ed92-4de7-9264-b0ab4b95dd9d", "LSOA name (2021)": "East Suffolk 002C", "Local Authority District code (2024)": "E07000244", "Local Authority District name (2024)": "East Suffolk", "Index of Multiple Deprivation (IMD) Rank": 805, "Index of Multiple Deprivation (IMD) Decile": 1}}, {"type": "Feature", "id": 28729, "geometry": {"type": "Polygon", "coordinates": [[[1.73505025702222, 52.490488120982], [1.74098918144694, 52.4888344574033], [1.73962471645225, 52.4859296465779], [1.73537259856661, 52.4866424392379], [1.73107553945232, 52.4872856805909], [1.72948921157438, 52.4937670461307], [1.73233810620962, 52.4946860719264], [1.73666861953808, 52.4930634800627], [1.73505025702222, 52.490488120982]]]}, "properties": {"FID": 28729, "LSOA21CD": "E01030278", "LSOA21NM": "East Suffolk 003D", "LSOA21NMW": " ", "BNG_E": 653605, "BNG_N": 294404, "LAT": 52.48858, "LONG": 1.734107, "GlobalID": "49d2866a-3a31-479f-90f5-2310b4155dee", "LSOA name (2021)": "East Suffolk 003D", "Local Authority District code (2024)": "E07000244", "Local Authority District name (2024)": "East Suffolk", "Index of Multiple Deprivation (IMD) Rank": 9507, "Index of Multiple Deprivation (IMD) Decile": 3}}, {"type": "Feature", "id": 28730, "geometry": {"type": "Polygon", "coordinates": [[[1.74179572533524, 52.4944639796073], [1.74170364719599, 52.49132054468], [1.73885243200341, 52.4929224429234], [1.73505025702222, 52.490488120982], [1.73666861953808, 52.4930634800627], [1.73233810620962, 52.4946860719264], [1.73955948831493, 52.4954971573862], [1.74179572533524, 52.4944639796073]]]}, "properties": {"FID": 28730, "LSOA21CD": "E01030279", "LSOA21NM": "East Suffolk 002D", "LSOA21NMW": " ", "BNG_E": 653782, "BNG_N": 294930, "LAT": 52.49321, "LONG": 1.737109, "GlobalID": "526c61f1-3222-4b34-b6ca-b79fc3aabaf2", "LSOA name (2021)": "East Suffolk 002D", "Local Authority District code (2024)": "E07000244", "Local Authority District name (2024)": "East Suffolk", "Index of Multiple Deprivation (IMD) Rank": 995, "Index of Multiple Deprivation (IMD) Decile": 1}}, {"type": "Feature", "id": 28731, "geometry": {"type": "Polygon", "coordinates": [[[1.72948921157438, 52.4937670461307], [1.73107553945232, 52.4872856805909], [1.72771621530177, 52.4881350645505], [1.71805244934441, 52.4893540100524], [1.71918787298381, 52.4925495053919], [1.72639747213566, 52.4942004636363], [1.72948921157438, 52.4937670461307]]]}, "properties": {"FID": 28731, "LSOA21CD": "E01030280", "LSOA21NM": "East Suffolk 003E", "LSOA21NMW": " ", "BNG_E": 652836, "BNG_N": 294639, "LAT": 52.49104, "LONG": 1.722984, "GlobalID": "ac2c80b4-542e-42d0-8726-ac486ab041b1", "LSOA name (2021)": "East Suffolk 003E", "Local Authority District code (2024)": "E07000244", "Local Authority District name (2024)": "East Suffolk", "Index of Multiple Deprivation (IMD) Rank": 23327, "Index of Multiple Deprivation (IMD) Decile": 7}}, {"type": "Feature", "id": 28732, "geometry": {"type": "Polygon", "coordinates": [[[1.73290605704836, 52.5038526694191], [1.73955948831493, 52.4954971573862], [1.73233810620962, 52.4946860719264], [1.72948921157438, 52.4937670461307], [1.72639747213566, 52.4942004636363], [1.72210843807026, 52.4982669140188], [1.72912465199729, 52.5049770563418], [1.73023518358037, 52.5093947047874], [1.73290605704836, 52.5038526694191]]]}, "properties": {"FID": 28732, "LSOA21CD": "E01030281", "LSOA21NM": "East Suffolk 002E", "LSOA21NMW": " ", "BNG_E": 653335, "BNG_N": 295768, "LAT": 52.50094, "LONG": 1.731176, "GlobalID": "b7cc8691-ab90-42a8-98d5-2453725a868e", "LSOA name (2021)": "East Suffolk 002E", "Local Authority District code (2024)": "E07000244", "Local Authority District name (2024)": "East Suffolk", "Index of Multiple Deprivation (IMD) Rank": 13672, "Index of Multiple Deprivation (IMD) Decile": 5}}, {"type": "Feature", "id": 28733, "geometry": {"type": "Polygon", "coordinates": [[[1.6968973634663, 52.3559317438353], [1.69583111092715, 52.3535583826581], [1.68565932485619, 52.3334598551675], [1.67860742771994, 52.3326404951942], [1.67883431100021, 52.3361359194675], [1.66940321155676, 52.338528793144], [1.66850694935427, 52.3419534925452], [1.65708533130922, 52.3359925071512], [1.65875317139496, 52.3239800599342], [1.6311860125801, 52.331783867424], [1.62990946792968, 52.335309986183], [1.6256699070708, 52.3341720302731], [1.63373898388264, 52.3563056533407], [1.64112663240243, 52.358439021611], [1.63869529209586, 52.3645374396479], [1.65506440008588, 52.3619933497139], [1.66700636557793, 52.3507990758976], [1.69050715547245, 52.352932178143], [1.6968973634663, 52.3559317438353]]]}, "properties": {"FID": 28733, "LSOA21CD": "E01030283", "LSOA21NM": "East Suffolk 014A", "LSOA21NMW": " ", "BNG_E": 649397, "BNG_N": 278077, "LAT": 52.34403, "LONG": 1.660104, "GlobalID": "ad1f1137-46f5-471c-a4fa-9b55ddced32c", "LSOA name (2021)": "East Suffolk 014A", "Local Authority District code (2024)": "E07000244", "Local Authority District name (2024)": "East Suffolk", "Index of Multiple Deprivation (IMD) Rank": 12533, "Index of Multiple Deprivation (IMD) Decile": 4}}, {"type": "Feature", "id": 28734, "geometry": {"type": "Polygon", "coordinates": [[[1.52055207534728, 52.3994232899329], [1.50607025267391, 52.3956717284493], [1.50668879629732, 52.3927886119207], [1.49991460062266, 52.3906386149847], [1.49461722243634, 52.394540534956], [1.49090599736714, 52.3928443457022], [1.49238421000384, 52.3888984954171], [1.48379601858276, 52.3865971116208], [1.49013716230543, 52.3641649339232], [1.48583065144521, 52.3615301401647], [1.49218884225985, 52.3602231707445], [1.49327682969234, 52.3536334413345], [1.49685231963175, 52.3572010326362], [1.50428925679113, 52.3568542424758], [1.50329448451385, 52.3514419270732], [1.48788974626267, 52.3478007179817], [1.48123580673184, 52.3464837618768], [1.46813278051831, 52.3536691347439], [1.44676438397623, 52.3593903874229], [1.45022660652215, 52.3612371197103], [1.4368013674723, 52.3662485834683], [1.42221187845228, 52.3688438099208], [1.40950890390203, 52.3632651258252], [1.37572976642311, 52.3896408379606], [1.37485718383216, 52.3946772598926], [1.36424452042187, 52.398477260131], [1.36096430469253, 52.4035229033773], [1.34710121500149, 52.4044109292139], [1.34630973438812, 52.4089978897379], [1.36125517722674, 52.4131974594078], [1.35793964947627, 52.424245002051], [1.3725999554629, 52.4304553227255], [1.39207132283921, 52.4340451324881], [1.39097690590561, 52.4369426762779], [1.39800807708036, 52.4410707919227], [1.41623327009725, 52.4449434662912], [1.40940361898167, 52.4429309591711], [1.41643373232094, 52.4348292446167], [1.41260180826604, 52.4329097996989], [1.42537206749333, 52.4246045383937], [1.44201138284103, 52.4302474315466], [1.44332342597385, 52.4277915415212], [1.4568177281438, 52.4286818258827], [1.46247214732177, 52.4405282331518], [1.46774355678695, 52.4453525514794], [1.47491786373736, 52.437659442428], [1.48283275570357, 52.445091805585], [1.50641359287183, 52.4408578861789], [1.50464646054131, 52.4344275130268], [1.51799162446656, 52.4236430738412], [1.51198092397669, 52.4140035477844], [1.51273146064662, 52.4108750256245], [1.52016879612831, 52.4099930493763], [1.52055207534728, 52.3994232899329]]]}, "properties": {"FID": 28734, "LSOA21CD": "E01030285", "LSOA21NM": "East Suffolk 013D", "LSOA21NMW": " ", "BNG_E": 633765, "BNG_N": 283268, "LAT": 52.39749, "LONG": 1.434682, "GlobalID": "99748264-e943-4942-b849-f870702cd927", "LSOA name (2021)": "East Suffolk 013D", "Local Authority District code (2024)": "E07000244", "Local Authority District name (2024)": "East Suffolk", "Index of Multiple Deprivation (IMD) Rank": 15206, "Index of Multiple Deprivation (IMD) Decile": 5}}, {"type": "Feature", "id": 28735, "geometry": {"type": "Polygon", "coordinates": [[[1.5528746539996, 52.4591479740619], [1.55444182320712, 52.43873612969], [1.55478279799037, 52.4361514458582], [1.57175508349534, 52.4395750835325], [1.57636172533449, 52.440167694094], [1.59211686507915, 52.4401283118088], [1.59946880530144, 52.4384096530623], [1.62105099799898, 52.4340619333229], [1.63190142254502, 52.4409821024486], [1.6326697308296, 52.4461018377785], [1.64892976109274, 52.4457422454642], [1.66913676278558, 52.4502633053474], [1.67320668796565, 52.4496924660086], [1.676106208059, 52.4416005412404], [1.68317460619565, 52.4425434956634], [1.68398000144301, 52.4406658683786], [1.6429097423158, 52.4244635446625], [1.62577490754491, 52.4283403564719], [1.62732423606202, 52.4225183566171], [1.63956473988422, 52.4185797022286], [1.6323048580382, 52.411996982005], [1.63228477009016, 52.4033452172305], [1.62443068220972, 52.4008547819674], [1.61302237932797, 52.3902989960954], [1.58614289697216, 52.3963943703084], [1.56667028289804, 52.3915554041448], [1.56310762948224, 52.3987793415969], [1.54087107288572, 52.4025583501217], [1.53605424845191, 52.4003980888684], [1.53932443135762, 52.394839364964], [1.53289981399723, 52.3942457855796], [1.52055207534728, 52.3994232899329], [1.52016879612831, 52.4099930493763], [1.51273146064662, 52.4108750256245], [1.51198092397669, 52.4140035477844], [1.51799162446656, 52.4236430738412], [1.50464646054131, 52.4344275130268], [1.50641359287183, 52.4408578861789], [1.48283275570357, 52.445091805585], [1.47491786373736, 52.437659442428], [1.46774355678695, 52.4453525514794], [1.4587719171778, 52.4581401996488], [1.47477860739366, 52.4696339308051], [1.48322059040181, 52.4718392555168], [1.50808915952718, 52.4617483557126], [1.51614308420638, 52.4640139524585], [1.52159049127949, 52.4618569033451], [1.5241200823312, 52.4673794781344], [1.52946214883211, 52.4683896200343], [1.5528746539996, 52.4591479740619]]]}, "properties": {"FID": 28735, "LSOA21CD": "E01030286", "LSOA21NM": "East Suffolk 011B", "LSOA21NMW": " ", "BNG_E": 642642, "BNG_N": 287363, "LAT": 52.43038, "LONG": 1.567861, "GlobalID": "489099b9-e571-4ab7-8399-3e7d116bb6e2", "LSOA name (2021)": "East Suffolk 011B", "Local Authority District code (2024)": "E07000244", "Local Authority District name (2024)": "East Suffolk", "Index of Multiple Deprivation (IMD) Rank": 13889, "Index of Multiple Deprivation (IMD) Decile": 5}}, {"type": "Feature", "id": 28736, "geometry": {"type": "Polygon", "coordinates": [[[1.7230001970926, 52.4606816410848], [1.71376463201067, 52.4551861455192], [1.71359600634207, 52.4550745104084], [1.7124414691998, 52.4557563834467], [1.71741611375328, 52.4634894295466], [1.72843001137995, 52.4638244325576], [1.7230001970926, 52.4606816410848]]]}, "properties": {"FID": 28736, "LSOA21CD": "E01030287", "LSOA21NM": "East Suffolk 009D", "LSOA21NMW": " ", "BNG_E": 652834, "BNG_N": 291276, "LAT": 52.46087, "LONG": 1.720407, "GlobalID": "548ad5c4-5ce5-4a69-a0bf-73ee5572ff36", "LSOA name (2021)": "East Suffolk 009D", "Local Authority District code (2024)": "E07000244", "Local Authority District name (2024)": "East Suffolk", "Index of Multiple Deprivation (IMD) Rank": 8026, "Index of Multiple Deprivation (IMD) Decile": 3}}, {"type": "Feature", "id": 28737, "geometry": {"type": "Polygon", "coordinates": [[[1.71760753372994, 52.4647770560095], [1.71741611375328, 52.4634894295466], [1.7124414691998, 52.4557563834467], [1.70943954485994, 52.4651188222974], [1.70967684303458, 52.4676702523786], [1.7102414402008, 52.4682497844111], [1.71189078126276, 52.4661785377896], [1.71640312134557, 52.4682150266026], [1.71760753372994, 52.4647770560095]]]}, "properties": {"FID": 28737, "LSOA21CD": "E01030288", "LSOA21NM": "East Suffolk 007E", "LSOA21NMW": " ", "BNG_E": 652386, "BNG_N": 291447, "LAT": 52.46261, "LONG": 1.713956, "GlobalID": "3000e561-b046-4df1-af77-96dfbfef254a", "LSOA name (2021)": "East Suffolk 007E", "Local Authority District code (2024)": "E07000244", "Local Authority District name (2024)": "East Suffolk", "Index of Multiple Deprivation (IMD) Rank": 27726, "Index of Multiple Deprivation (IMD) Decile": 9}}, {"type": "Feature", "id": 28738, "geometry": {"type": "Polygon", "coordinates": [[[1.72386424182725, 52.4766990187387], [1.72916062225815, 52.4744758133479], [1.72436217607332, 52.4734384379388], [1.72642426504376, 52.4685346106329], [1.72621763438354, 52.4680058625318], [1.72173489289832, 52.466136063805], [1.72221953584164, 52.4679274395426], [1.72296446361415, 52.4698835899313], [1.71244439289373, 52.4717776308145], [1.7102414402008, 52.4682497844111], [1.70967684303458, 52.4676702523786], [1.70390304433314, 52.4686924043779], [1.70242781546901, 52.4729389921201], [1.70919334536277, 52.4753058082015], [1.71614016708204, 52.4741499015473], [1.72203807551416, 52.4772162126321], [1.72386424182725, 52.4766990187387]]]}, "properties": {"FID": 28738, "LSOA21CD": "E01030289", "LSOA21NM": "East Suffolk 005D", "LSOA21NMW": " ", "BNG_E": 652429, "BNG_N": 292470, "LAT": 52.47177, "LONG": 1.715361, "GlobalID": "a1dd681c-dbef-4f78-8165-f1456e5a251b", "LSOA name (2021)": "East Suffolk 005D", "Local Authority District code (2024)": "E07000244", "Local Authority District name (2024)": "East Suffolk", "Index of Multiple Deprivation (IMD) Rank": 5209, "Index of Multiple Deprivation (IMD) Decile": 2}}, {"type": "Feature", "id": 28739, "geometry": {"type": "Polygon", "coordinates": [[[1.72221953584164, 52.4679274395426], [1.71760753372994, 52.4647770560095], [1.71640312134557, 52.4682150266026], [1.71189078126276, 52.4661785377896], [1.7102414402008, 52.4682497844111], [1.71244439289373, 52.4717776308145], [1.72296446361415, 52.4698835899313], [1.72221953584164, 52.4679274395426]]]}, "properties": {"FID": 28739, "LSOA21CD": "E01030290", "LSOA21NM": "East Suffolk 005E", "LSOA21NMW": " ", "BNG_E": 652557, "BNG_N": 292034, "LAT": 52.4678, "LONG": 1.716912, "GlobalID": "12f6a476-3c1a-4d27-9151-2257918dfa7b", "LSOA name (2021)": "East Suffolk 005E", "Local Authority District code (2024)": "E07000244", "Local Authority District name (2024)": "East Suffolk", "Index of Multiple Deprivation (IMD) Rank": 19551, "Index of Multiple Deprivation (IMD) Decile": 6}}, {"type": "Feature", "id": 28740, "geometry": {"type": "Polygon", "coordinates": [[[1.72933855922321, 52.4638644359231], [1.72843001137995, 52.4638244325576], [1.71741611375328, 52.4634894295466], [1.71760753372994, 52.4647770560095], [1.72221953584164, 52.4679274395426], [1.72173489289832, 52.466136063805], [1.72621763438354, 52.4680058625318], [1.72933855922321, 52.4638644359231]]]}, "properties": {"FID": 28740, "LSOA21CD": "E01030291", "LSOA21NM": "East Suffolk 009E", "LSOA21NMW": " ", "BNG_E": 652985, "BNG_N": 291793, "LAT": 52.46544, "LONG": 1.723016, "GlobalID": "63940374-41a9-46b4-9b8e-76b2f295433a", "LSOA name (2021)": "East Suffolk 009E", "Local Authority District code (2024)": "E07000244", "Local Authority District name (2024)": "East Suffolk", "Index of Multiple Deprivation (IMD) Rank": 2217, "Index of Multiple Deprivation (IMD) Decile": 1}}, {"type": "Feature", "id": 28741, "geometry": {"type": "Polygon", "coordinates": [[[1.59211686507915, 52.4401283118088], [1.57636172533449, 52.440167694094], [1.58203999108068, 52.4491924664609], [1.58232072112847, 52.45071868036], [1.58508111480219, 52.4535919779458], [1.58874078298342, 52.4543126839036], [1.58859364965904, 52.4485932485236], [1.58447481444564, 52.448017890183], [1.58866146373493, 52.4469941565287], [1.5945116154426, 52.4504654321855], [1.59211686507915, 52.4401283118088]]]}, "properties": {"FID": 28741, "LSOA21CD": "E01030292", "LSOA21NM": "East Suffolk 011C", "LSOA21NMW": " ", "BNG_E": 643760, "BNG_N": 288970, "LAT": 52.4443, "LONG": 1.585443, "GlobalID": "21b3da92-16c4-44f9-a2f8-302b3465f759", "LSOA name (2021)": "East Suffolk 011C", "Local Authority District code (2024)": "E07000244", "Local Authority District name (2024)": "East Suffolk", "Index of Multiple Deprivation (IMD) Rank": 30149, "Index of Multiple Deprivation (IMD) Decile": 9}}, {"type": "Feature", "id": 28742, "geometry": {"type": "Polygon", "coordinates": [[[1.66913676278558, 52.4502633053474], [1.64892976109274, 52.4457422454642], [1.6326697308296, 52.4461018377785], [1.63190142254502, 52.4409821024486], [1.62105099799898, 52.4340619333229], [1.59946880530144, 52.4384096530623], [1.59708932991801, 52.4521984958515], [1.60586156529424, 52.4518718967925], [1.61516210181845, 52.4570658085807], [1.61781495587363, 52.4634001837048], [1.63454265729254, 52.4629541465404], [1.64654892779781, 52.4720030124225], [1.65828973740533, 52.4682303550286], [1.66369516806978, 52.4749484347815], [1.66913676278558, 52.4502633053474]]]}, "properties": {"FID": 28742, "LSOA21CD": "E01030293", "LSOA21NM": "East Suffolk 011D", "LSOA21NMW": " ", "BNG_E": 647447, "BNG_N": 290291, "LAT": 52.4545, "LONG": 1.640555, "GlobalID": "3be0bb66-b14a-45f3-8f1e-c4e71dca3315", "LSOA name (2021)": "East Suffolk 011D", "Local Authority District code (2024)": "E07000244", "Local Authority District name (2024)": "East Suffolk", "Index of Multiple Deprivation (IMD) Rank": 27205, "Index of Multiple Deprivation (IMD) Decile": 9}}, {"type": "Feature", "id": 28743, "geometry": {"type": "Polygon", "coordinates": [[[1.61781495587363, 52.4634001837048], [1.61516210181845, 52.4570658085807], [1.60586156529424, 52.4518718967925], [1.59708932991801, 52.4521984958515], [1.59946880530144, 52.4384096530623], [1.59211686507915, 52.4401283118088], [1.5945116154426, 52.4504654321855], [1.58866146373493, 52.4469941565287], [1.58447481444564, 52.448017890183], [1.58859364965904, 52.4485932485236], [1.58874078298342, 52.4543126839036], [1.58930727929931, 52.4671524531768], [1.60060721648491, 52.4722285762482], [1.61781495587363, 52.4634001837048]]]}, "properties": {"FID": 28743, "LSOA21CD": "E01030294", "LSOA21NM": "East Suffolk 011E", "LSOA21NMW": " ", "BNG_E": 644760, "BNG_N": 290965, "LAT": 52.46175, "LONG": 1.601587, "GlobalID": "e8759b3e-8e84-47e7-a380-6553bd19dddc", "LSOA name (2021)": "East Suffolk 011E", "Local Authority District code (2024)": "E07000244", "Local Authority District name (2024)": "East Suffolk", "Index of Multiple Deprivation (IMD) Rank": 20823, "Index of Multiple Deprivation (IMD) Decile": 7}}, {"type": "Feature", "id": 28744, "geometry": {"type": "Polygon", "coordinates": [[[1.7067988358599, 52.4042600053049], [1.71447034848301, 52.4059121587954], [1.72019678786346, 52.3995225201867], [1.72794896623355, 52.4001104913471], [1.72330324865548, 52.3935060137073], [1.69981735828287, 52.36009033275], [1.6968973634663, 52.3559317438353], [1.69050715547245, 52.352932178143], [1.66700636557793, 52.3507990758976], [1.65506440008588, 52.3619933497139], [1.63869529209586, 52.3645374396479], [1.63423580013995, 52.3669929969596], [1.62496975726545, 52.3649788961087], [1.62081748227054, 52.3564876154615], [1.58684686686966, 52.3607463704996], [1.57129915553559, 52.3674470768331], [1.57273511668007, 52.369728984832], [1.56044089941687, 52.3779495397352], [1.53099230760565, 52.388497706693], [1.53289981399723, 52.3942457855796], [1.53932443135762, 52.394839364964], [1.53605424845191, 52.4003980888684], [1.54087107288572, 52.4025583501217], [1.56310762948224, 52.3987793415969], [1.56667028289804, 52.3915554041448], [1.58614289697216, 52.3963943703084], [1.61302237932797, 52.3902989960954], [1.62443068220972, 52.4008547819674], [1.63228477009016, 52.4033452172305], [1.6323048580382, 52.411996982005], [1.63956473988422, 52.4185797022286], [1.62732423606202, 52.4225183566171], [1.62577490754491, 52.4283403564719], [1.6429097423158, 52.4244635446625], [1.68398000144301, 52.4406658683786], [1.68911201924437, 52.4253505802573], [1.67953519049927, 52.4234727437821], [1.68496799741847, 52.4172287395412], [1.69205747265859, 52.4176562591187], [1.69345166911393, 52.4109591375699], [1.7010994283733, 52.4094970035607], [1.7067988358599, 52.4042600053049]]]}, "properties": {"FID": 28744, "LSOA21CD": "E01030295", "LSOA21NM": "East Suffolk 014B", "LSOA21NMW": " ", "BNG_E": 649911, "BNG_N": 283870, "LAT": 52.39577, "LONG": 1.671945, "GlobalID": "017e6ae4-c030-480d-a2c3-44fb89bfb71e", "LSOA name (2021)": "East Suffolk 014B", "Local Authority District code (2024)": "E07000244", "Local Authority District name (2024)": "East Suffolk", "Index of Multiple Deprivation (IMD) Rank": 12026, "Index of Multiple Deprivation (IMD) Decile": 4}}, {"type": "Feature", "id": 30871, "geometry": {"type": "Polygon", "coordinates": [[[0.484310362984125, 52.3709769262704], [0.477666528793655, 52.3632106861448], [0.515140320510854, 52.357398644609], [0.504135988550891, 52.3558644772046], [0.490982672076619, 52.3568519967534], [0.487074079768956, 52.3513247903913], [0.483244803353653, 52.3469406724268], [0.469441427396047, 52.3541299676053], [0.473777227893387, 52.3551265922756], [0.4592485362478, 52.3600788473046], [0.46266370133024, 52.3663763791016], [0.45621845930027, 52.3716786459442], [0.468686726293951, 52.3809172275626], [0.475598257186661, 52.3757925403126], [0.480011792052504, 52.3765041955431], [0.484310362984125, 52.3709769262704]]]}, "properties": {"FID": 30871, "LSOA21CD": "E01032523", "LSOA21NM": "West Suffolk 003B", "LSOA21NMW": " ", "BNG_E": 568228, "BNG_N": 276869, "LAT": 52.36407, "LONG": 0.469312, "GlobalID": "dde6bf02-09f6-413d-927b-51f34cfe6f27", "LSOA name (2021)": "West Suffolk 003B", "Local Authority District code (2024)": "E07000245", "Local Authority District name (2024)": "West Suffolk", "Index of Multiple Deprivation (IMD) Rank": 19597, "Index of Multiple Deprivation (IMD) Decile": 6}}, {"type": "Feature", "id": 30872, "geometry": {"type": "Polygon", "coordinates": [[[0.514422498088306, 52.3999732327292], [0.51478272241996, 52.3999864220845], [0.520748654392589, 52.3915647405263], [0.519938892039366, 52.381304917239], [0.501688712943731, 52.378926270691], [0.488497016296632, 52.3799474935062], [0.488619626050466, 52.3733301700246], [0.497726535974289, 52.3727693961911], [0.488703521396249, 52.3691955842561], [0.484310362984125, 52.3709769262704], [0.480011792052504, 52.3765041955431], [0.475598257186661, 52.3757925403126], [0.468686726293951, 52.3809172275626], [0.45621845930027, 52.3716786459442], [0.397542901490254, 52.4195119598216], [0.425303918142973, 52.4303321921927], [0.43242941719702, 52.4311637140156], [0.438914415827406, 52.4280823432596], [0.443922044636214, 52.4025690417103], [0.449555140167251, 52.3999382524834], [0.458605594913143, 52.3986913621084], [0.474238233543221, 52.4048004102521], [0.483362354872841, 52.3962104851072], [0.494634352517847, 52.3933414282138], [0.509731497193621, 52.4005872075428], [0.514422498088306, 52.3999732327292]]]}, "properties": {"FID": 30872, "LSOA21CD": "E01032524", "LSOA21NM": "West Suffolk 003C", "LSOA21NMW": " ", "BNG_E": 567382, "BNG_N": 279226, "LAT": 52.3855, "LONG": 0.458074, "GlobalID": "d55bfe8f-899e-48b1-a1e0-b7540c95eef5", "LSOA name (2021)": "West Suffolk 003C", "Local Authority District code (2024)": "E07000245", "Local Authority District name (2024)": "West Suffolk", "Index of Multiple Deprivation (IMD) Rank": 13617, "Index of Multiple Deprivation (IMD) Decile": 5}}, {"type": "Feature", "id": 30873, "geometry": {"type": "Polygon", "coordinates": [[[0.45621845930027, 52.3716786459442], [0.46266370133024, 52.3663763791016], [0.4592485362478, 52.3600788473046], [0.473777227893387, 52.3551265922756], [0.469441427396047, 52.3541299676053], [0.483244803353653, 52.3469406724268], [0.487640614981931, 52.3424034273303], [0.478017472382084, 52.3418111921569], [0.442501254912368, 52.3488311411751], [0.435275195026435, 52.3522285752401], [0.41954630371366, 52.353463424362], [0.419191274101776, 52.3579608297729], [0.407464107660377, 52.3617351549601], [0.382076981239118, 52.3962898996664], [0.374777514194355, 52.4097290999529], [0.397542901490254, 52.4195119598216], [0.45621845930027, 52.3716786459442]]]}, "properties": {"FID": 30873, "LSOA21CD": "E01032526", "LSOA21NM": "West Suffolk 003D", "LSOA21NMW": " ", "BNG_E": 565609, "BNG_N": 277646, "LAT": 52.37184, "LONG": 0.431268, "GlobalID": "97ebbbff-3baf-4ddd-8bf7-883dbb8a42b7", "LSOA name (2021)": "West Suffolk 003D", "Local Authority District code (2024)": "E07000245", "Local Authority District name (2024)": "West Suffolk", "Index of Multiple Deprivation (IMD) Rank": 18248, "Index of Multiple Deprivation (IMD) Decile": 6}}, {"type": "Feature", "id": 30952, "geometry": {"type": "Polygon", "coordinates": [[[0.421137786525952, 52.2402937947517], [0.421333760711093, 52.2396910916924], [0.409189809449289, 52.2392607697517], [0.406890599460224, 52.2433535975983], [0.410863251262278, 52.2454980629457], [0.421137786525952, 52.2402937947517]]]}, "properties": {"FID": 30952, "LSOA21CD": "E01032612", "LSOA21NM": "West Suffolk 015F", "LSOA21NMW": " ", "BNG_E": 564926, "BNG_N": 263087, "LAT": 52.24128, "LONG": 0.414121, "GlobalID": "cd0e42a0-85a8-4277-b77b-3b18fb58f9ca", "LSOA name (2021)": "West Suffolk 015F", "Local Authority District code (2024)": "E07000245", "Local Authority District name (2024)": "West Suffolk", "Index of Multiple Deprivation (IMD) Rank": 19915, "Index of Multiple Deprivation (IMD) Decile": 6}}, {"type": "Feature", "id": 31288, "geometry": {"type": "Polygon", "coordinates": [[[0.708558041774919, 52.2496790587758], [0.708318232127779, 52.247464885211], [0.706805329407223, 52.2475974883295], [0.70414330396414, 52.2475652696873], [0.702035183104401, 52.2537934987159], [0.709273515760978, 52.2528412851041], [0.708558041774919, 52.2496790587758]]]}, "properties": {"FID": 31288, "LSOA21CD": "E01033043", "LSOA21NM": "West Suffolk 011D", "LSOA21NMW": " ", "BNG_E": 584775, "BNG_N": 264815, "LAT": 52.2505, "LONG": 0.705443, "GlobalID": "43899cee-bf95-431a-a922-bb04cf6a4315", "LSOA name (2021)": "West Suffolk 011D", "Local Authority District code (2024)": "E07000245", "Local Authority District name (2024)": "West Suffolk", "Index of Multiple Deprivation (IMD) Rank": 18325, "Index of Multiple Deprivation (IMD) Decile": 6}}, {"type": "Feature", "id": 31289, "geometry": {"type": "Polygon", "coordinates": [[[0.75872809662776, 52.2496612947859], [0.758564178823297, 52.2478260739819], [0.752043029202931, 52.2508767939674], [0.749479438165336, 52.2489390893253], [0.743812612970422, 52.2522944719919], [0.758897713988232, 52.2517890257285], [0.75872809662776, 52.2496612947859]]]}, "properties": {"FID": 31289, "LSOA21CD": "E01033044", "LSOA21NM": "West Suffolk 012D", "LSOA21NMW": " ", "BNG_E": 588208, "BNG_N": 264859, "LAT": 52.24973, "LONG": 0.755696, "GlobalID": "ca145be4-2e96-4687-861c-0abe887df903", "LSOA name (2021)": "West Suffolk 012D", "Local Authority District code (2024)": "E07000245", "Local Authority District name (2024)": "West Suffolk", "Index of Multiple Deprivation (IMD) Rank": 25074, "Index of Multiple Deprivation (IMD) Decile": 8}}, {"type": "Feature", "id": 31290, "geometry": {"type": "Polygon", "coordinates": [[[0.758564178823297, 52.2478260739819], [0.757937245997634, 52.2408047924465], [0.751601993906933, 52.2462275264354], [0.745680823584668, 52.2458819707179], [0.749479438165336, 52.2489390893253], [0.752043029202931, 52.2508767939674], [0.758564178823297, 52.2478260739819]]]}, "properties": {"FID": 31290, "LSOA21CD": "E01033045", "LSOA21NM": "West Suffolk 012E", "LSOA21NMW": " ", "BNG_E": 587971, "BNG_N": 264683, "LAT": 52.24823, "LONG": 0.752131, "GlobalID": "e90e46ed-9682-43e7-a1a6-f81b2ecde0ac", "LSOA name (2021)": "West Suffolk 012E", "Local Authority District code (2024)": "E07000245", "Local Authority District name (2024)": "West Suffolk", "Index of Multiple Deprivation (IMD) Rank": 30687, "Index of Multiple Deprivation (IMD) Decile": 10}}, {"type": "Feature", "id": 31291, "geometry": {"type": "Polygon", "coordinates": [[[0.71198177354074, 52.2467458161529], [0.708318232127779, 52.247464885211], [0.708558041774919, 52.2496790587758], [0.715966117910591, 52.2519057277462], [0.71198177354074, 52.2467458161529]]]}, "properties": {"FID": 31291, "LSOA21CD": "E01033046", "LSOA21NM": "West Suffolk 011E", "LSOA21NMW": " ", "BNG_E": 585218, "BNG_N": 264757, "LAT": 52.24983, "LONG": 0.711893, "GlobalID": "5bfd12b4-1792-440a-a017-6724a8282200", "LSOA name (2021)": "West Suffolk 011E", "Local Authority District code (2024)": "E07000245", "Local Authority District name (2024)": "West Suffolk", "Index of Multiple Deprivation (IMD) Rank": 5530, "Index of Multiple Deprivation (IMD) Decile": 2}}, {"type": "Feature", "id": 31292, "geometry": {"type": "Polygon", "coordinates": [[[0.702035183104401, 52.2537934987159], [0.70414330396414, 52.2475652696873], [0.703177790367943, 52.2442621329565], [0.696967470245198, 52.2436938090076], [0.6972014362624, 52.248039215], [0.698896619817572, 52.2538055152064], [0.698935139453735, 52.2538653566912], [0.702035183104401, 52.2537934987159]]]}, "properties": {"FID": 31292, "LSOA21CD": "E01033047", "LSOA21NM": "West Suffolk 011F", "LSOA21NMW": " ", "BNG_E": 584407, "BNG_N": 264636, "LAT": 52.24901, "LONG": 0.699961, "GlobalID": "c51dd72a-597b-4170-accf-7c1321de180a", "LSOA name (2021)": "West Suffolk 011F", "Local Authority District code (2024)": "E07000245", "Local Authority District name (2024)": "West Suffolk", "Index of Multiple Deprivation (IMD) Rank": 21557, "Index of Multiple Deprivation (IMD) Decile": 7}}, {"type": "Feature", "id": 31293, "geometry": {"type": "Polygon", "coordinates": [[[0.740255305655082, 52.2525117590825], [0.740025195567073, 52.2522481334192], [0.72729472616617, 52.2487188592718], [0.729652254317706, 52.2409164635847], [0.732979000197003, 52.2392048543467], [0.730684772662643, 52.2369001371891], [0.72900049133304, 52.2366601907665], [0.720370584221469, 52.2449859206142], [0.718566850340071, 52.2460920321828], [0.717698898073068, 52.2522691536121], [0.714325902881202, 52.2588246513099], [0.725152391130331, 52.2621720903216], [0.740255305655082, 52.2525117590825]]]}, "properties": {"FID": 31293, "LSOA21CD": "E01033048", "LSOA21NM": "West Suffolk 013E", "LSOA21NMW": " ", "BNG_E": 586224, "BNG_N": 264881, "LAT": 52.2506, "LONG": 0.72668, "GlobalID": "33c32831-680f-47e7-b999-00236f02cb79", "LSOA name (2021)": "West Suffolk 013E", "Local Authority District code (2024)": "E07000245", "Local Authority District name (2024)": "West Suffolk", "Index of Multiple Deprivation (IMD) Rank": 14653, "Index of Multiple Deprivation (IMD) Decile": 5}}, {"type": "Feature", "id": 31294, "geometry": {"type": "Polygon", "coordinates": [[[0.718566850340071, 52.2460920321828], [0.71198177354074, 52.2467458161529], [0.715966117910591, 52.2519057277462], [0.717698898073068, 52.2522691536121], [0.718566850340071, 52.2460920321828]]]}, "properties": {"FID": 31294, "LSOA21CD": "E01033049", "LSOA21NM": "West Suffolk 013F", "LSOA21NMW": " ", "BNG_E": 585494, "BNG_N": 264689, "LAT": 52.24912, "LONG": 0.715894, "GlobalID": "3524aae5-a123-46bb-a3bf-b7819da969d6", "LSOA name (2021)": "West Suffolk 013F", "Local Authority District code (2024)": "E07000245", "Local Authority District name (2024)": "West Suffolk", "Index of Multiple Deprivation (IMD) Rank": 19071, "Index of Multiple Deprivation (IMD) Decile": 6}}, {"type": "Feature", "id": 31295, "geometry": {"type": "Polygon", "coordinates": [[[0.745680823584668, 52.2458819707179], [0.751601993906933, 52.2462275264354], [0.757937245997634, 52.2408047924465], [0.757572222033125, 52.2367142760476], [0.747892310791181, 52.2372301119648], [0.747157607782672, 52.241960764188], [0.740780831518807, 52.2441913765345], [0.74231081898007, 52.2468964126607], [0.745680823584668, 52.2458819707179]]]}, "properties": {"FID": 31295, "LSOA21CD": "E01033050", "LSOA21NM": "West Suffolk 012F", "LSOA21NMW": " ", "BNG_E": 587787, "BNG_N": 264089, "LAT": 52.24296, "LONG": 0.749109, "GlobalID": "13489f27-9f50-4582-88f5-c30d92480584", "LSOA name (2021)": "West Suffolk 012F", "Local Authority District code (2024)": "E07000245", "Local Authority District name (2024)": "West Suffolk", "Index of Multiple Deprivation (IMD) Rank": 31047, "Index of Multiple Deprivation (IMD) Decile": 10}}, {"type": "Feature", "id": 31353, "geometry": {"type": "Polygon", "coordinates": [[[1.159764452043, 52.0475504965288], [1.1573846792071, 52.0414067906217], [1.15169409007003, 52.0442147271433], [1.15488950385522, 52.0465613206147], [1.15587366064608, 52.0485909014502], [1.15720289665852, 52.0511483931332], [1.159764452043, 52.0475504965288]]]}, "properties": {"FID": 31353, "LSOA21CD": "E01033122", "LSOA21NM": "Ipswich 012F", "LSOA21NMW": " ", "BNG_E": 616503, "BNG_N": 243400, "LAT": 52.0467, "LONG": 1.155895, "GlobalID": "777c1ddb-b0ee-4df5-b03a-47add3e1c6c8", "LSOA name (2021)": "Ipswich 012F", "Local Authority District code (2024)": "E07000202", "Local Authority District name (2024)": "Ipswich", "Index of Multiple Deprivation (IMD) Rank": 2552, "Index of Multiple Deprivation (IMD) Decile": 1}}, {"type": "Feature", "id": 31354, "geometry": {"type": "Polygon", "coordinates": [[[1.1738805504627, 52.0535089615505], [1.17661941911363, 52.048837510219], [1.17025416133037, 52.0474173700252], [1.16650556640784, 52.0488625095519], [1.1646371172553, 52.0526172009898], [1.17142408860766, 52.0536942727335], [1.1738805504627, 52.0535089615505]]]}, "properties": {"FID": 31354, "LSOA21CD": "E01033123", "LSOA21NM": "Ipswich 011E", "LSOA21NMW": " ", "BNG_E": 617514, "BNG_N": 243875, "LAT": 52.05057, "LONG": 1.170916, "GlobalID": "8f8c42e7-9967-4a53-b824-819b737a36a6", "LSOA name (2021)": "Ipswich 011E", "Local Authority District code (2024)": "E07000202", "Local Authority District name (2024)": "Ipswich", "Index of Multiple Deprivation (IMD) Rank": 9840, "Index of Multiple Deprivation (IMD) Decile": 3}}, {"type": "Feature", "id": 31355, "geometry": {"type": "Polygon", "coordinates": [[[1.16074583152206, 52.0534248290701], [1.1646371172553, 52.0526172009898], [1.15370472683773, 52.0516493079143], [1.14511482101224, 52.0512701652403], [1.14631652466481, 52.0531268891158], [1.15092801100898, 52.0553442096866], [1.16074583152206, 52.0534248290701]]]}, "properties": {"FID": 31355, "LSOA21CD": "E01033124", "LSOA21NM": "Ipswich 007F", "LSOA21NMW": " ", "BNG_E": 616295, "BNG_N": 244118, "LAT": 52.05323, "LONG": 1.153321, "GlobalID": "5b8e9edf-22e3-4a9f-8279-47aaf448f966", "LSOA name (2021)": "Ipswich 007F", "Local Authority District code (2024)": "E07000202", "Local Authority District name (2024)": "Ipswich", "Index of Multiple Deprivation (IMD) Rank": 8318, "Index of Multiple Deprivation (IMD) Decile": 3}}, {"type": "Feature", "id": 31356, "geometry": {"type": "Polygon", "coordinates": [[[1.1541251168651, 52.0594546638725], [1.1526210165863, 52.0571683024987], [1.16074583152206, 52.0534248290701], [1.15092801100898, 52.0553442096866], [1.14631652466481, 52.0531268891158], [1.14798842190318, 52.0597822771393], [1.1541251168651, 52.0594546638725]]]}, "properties": {"FID": 31356, "LSOA21CD": "E01033125", "LSOA21NM": "Ipswich 007G", "LSOA21NMW": " ", "BNG_E": 616249, "BNG_N": 244453, "LAT": 52.05625, "LONG": 1.152863, "GlobalID": "16267935-3058-4e84-821a-03ad2323afcb", "LSOA name (2021)": "Ipswich 007G", "Local Authority District code (2024)": "E07000202", "Local Authority District name (2024)": "Ipswich", "Index of Multiple Deprivation (IMD) Rank": 4017, "Index of Multiple Deprivation (IMD) Decile": 2}}, {"type": "Feature", "id": 31357, "geometry": {"type": "Polygon", "coordinates": [[[1.16650556640784, 52.0488625095519], [1.16296869384257, 52.0461038226602], [1.15992291042884, 52.047959514015], [1.159764452043, 52.0475504965288], [1.15720289665852, 52.0511483931332], [1.15370472683773, 52.0516493079143], [1.1646371172553, 52.0526172009898], [1.16650556640784, 52.0488625095519]]]}, "properties": {"FID": 31357, "LSOA21CD": "E01033126", "LSOA21NM": "Ipswich 011F", "LSOA21NMW": " ", "BNG_E": 616821, "BNG_N": 243798, "LAT": 52.05015, "LONG": 1.160777, "GlobalID": "992200df-5574-443b-bbaa-a24aa3ec146f", "LSOA name (2021)": "Ipswich 011F", "Local Authority District code (2024)": "E07000202", "Local Authority District name (2024)": "Ipswich", "Index of Multiple Deprivation (IMD) Rank": 17902, "Index of Multiple Deprivation (IMD) Decile": 6}}, {"type": "Feature", "id": 31358, "geometry": {"type": "Polygon", "coordinates": [[[1.21524696416391, 52.0328276365137], [1.22361031190202, 52.0294343703681], [1.21936913943651, 52.0228831259859], [1.21503258658991, 52.0256206579377], [1.20947720872683, 52.0207689284717], [1.20167901379965, 52.0243305732239], [1.1866106920087, 52.0219935171721], [1.18482263940289, 52.0243045352848], [1.18617085170365, 52.0284665012482], [1.19380018486556, 52.0274171685075], [1.20714205731799, 52.0348937999323], [1.20738877438773, 52.0352029582557], [1.21524696416391, 52.0328276365137]]]}, "properties": {"FID": 31358, "LSOA21CD": "E01033127", "LSOA21NM": "Ipswich 014E", "LSOA21NMW": " ", "BNG_E": 620217, "BNG_N": 241477, "LAT": 52.02798, "LONG": 1.208728, "GlobalID": "328031a5-26e1-42e1-b3e8-acf3356eb6e3", "LSOA name (2021)": "Ipswich 014E", "Local Authority District code (2024)": "E07000202", "Local Authority District name (2024)": "Ipswich", "Index of Multiple Deprivation (IMD) Rank": 13111, "Index of Multiple Deprivation (IMD) Decile": 4}}, {"type": "Feature", "id": 31359, "geometry": {"type": "Polygon", "coordinates": [[[1.18617085170365, 52.0284665012482], [1.18921702351327, 52.0335093157747], [1.18966855824398, 52.0339913597792], [1.19185823909388, 52.0322532101367], [1.19321302398023, 52.0352055954036], [1.20714205731799, 52.0348937999323], [1.19380018486556, 52.0274171685075], [1.18617085170365, 52.0284665012482]]]}, "properties": {"FID": 31359, "LSOA21CD": "E01033128", "LSOA21NM": "Ipswich 014F", "LSOA21NMW": " ", "BNG_E": 619136, "BNG_N": 241805, "LAT": 52.03135, "LONG": 1.193207, "GlobalID": "977ef43d-d973-41e1-a11e-c0c0540ac212", "LSOA name (2021)": "Ipswich 014F", "Local Authority District code (2024)": "E07000202", "Local Authority District name (2024)": "Ipswich", "Index of Multiple Deprivation (IMD) Rank": 14572, "Index of Multiple Deprivation (IMD) Decile": 5}}, {"type": "Feature", "id": 31360, "geometry": {"type": "Polygon", "coordinates": [[[1.15621548300696, 52.0593399899617], [1.16240050041289, 52.0578809897856], [1.17142408860766, 52.0536942727335], [1.1646371172553, 52.0526172009898], [1.16074583152206, 52.0534248290701], [1.1526210165863, 52.0571683024987], [1.1541251168651, 52.0594546638725], [1.15621548300696, 52.0593399899617]]]}, "properties": {"FID": 31360, "LSOA21CD": "E01033129", "LSOA21NM": "Ipswich 007H", "LSOA21NMW": " ", "BNG_E": 616943, "BNG_N": 244448, "LAT": 52.05594, "LONG": 1.162966, "GlobalID": "96805fbd-6836-4427-a480-1e0cd1db6a7b", "LSOA name (2021)": "Ipswich 007H", "Local Authority District code (2024)": "E07000202", "Local Authority District name (2024)": "Ipswich", "Index of Multiple Deprivation (IMD) Rank": 2191, "Index of Multiple Deprivation (IMD) Decile": 1}}, {"type": "Feature", "id": 31361, "geometry": {"type": "Polygon", "coordinates": [[[1.15720289665852, 52.0511483931332], [1.15587366064608, 52.0485909014502], [1.15002499855629, 52.0496095431992], [1.14511482101224, 52.0512701652403], [1.15370472683773, 52.0516493079143], [1.15720289665852, 52.0511483931332]]]}, "properties": {"FID": 31361, "LSOA21CD": "E01033130", "LSOA21NM": "Ipswich 012G", "LSOA21NMW": " ", "BNG_E": 616259, "BNG_N": 243740, "LAT": 52.04985, "LONG": 1.152558, "GlobalID": "ce9043e7-8512-4f7c-86df-569b2b00747d", "LSOA name (2021)": "Ipswich 012G", "Local Authority District code (2024)": "E07000202", "Local Authority District name (2024)": "Ipswich", "Index of Multiple Deprivation (IMD) Rank": 1790, "Index of Multiple Deprivation (IMD) Decile": 1}}, {"type": "Feature", "id": 31362, "geometry": {"type": "Polygon", "coordinates": [[[1.20194375694651, 52.0374055181177], [1.20738877438773, 52.0352029582557], [1.20714205731799, 52.0348937999323], [1.19321302398023, 52.0352055954036], [1.19185823909388, 52.0322532101367], [1.18966855824398, 52.0339913597792], [1.19103042044465, 52.0359651908105], [1.19798305264925, 52.0403446639249], [1.20194375694651, 52.0374055181177]]]}, "properties": {"FID": 31362, "LSOA21CD": "E01033131", "LSOA21NM": "Ipswich 014G", "LSOA21NMW": " ", "BNG_E": 619535, "BNG_N": 242360, "LAT": 52.03617, "LONG": 1.199369, "GlobalID": "7b396e98-9673-45b0-9162-b7d1c20ab15d", "LSOA name (2021)": "Ipswich 014G", "Local Authority District code (2024)": "E07000202", "Local Authority District name (2024)": "Ipswich", "Index of Multiple Deprivation (IMD) Rank": 3875, "Index of Multiple Deprivation (IMD) Decile": 2}}, {"type": "Feature", "id": 31492, "geometry": {"type": "Polygon", "coordinates": [[[1.00846650420834, 52.1955668826854], [1.01213451618184, 52.1916765985631], [1.00839652627596, 52.1901081679189], [1.01407445989355, 52.1903910904813], [1.01374070038128, 52.1871079291166], [1.00769619667555, 52.1873422359576], [0.99873016255964, 52.1952325709498], [1.00340955270764, 52.1964316700301], [1.00846650420834, 52.1955668826854]]]}, "properties": {"FID": 31492, "LSOA21CD": "E01033316", "LSOA21NM": "Mid Suffolk 010F", "LSOA21NMW": " ", "BNG_E": 605634, "BNG_N": 259227, "LAT": 52.19294, "LONG": 1.007189, "GlobalID": "acc7e547-f365-4ccd-91ea-2d69fd40745f", "LSOA name (2021)": "Mid Suffolk 010F", "Local Authority District code (2024)": "E07000203", "Local Authority District name (2024)": "Mid Suffolk", "Index of Multiple Deprivation (IMD) Rank": 26555, "Index of Multiple Deprivation (IMD) Decile": 8}}, {"type": "Feature", "id": 31493, "geometry": {"type": "Polygon", "coordinates": [[[1.01374070038128, 52.1871079291166], [1.00701279189699, 52.184137924046], [1.00049167566409, 52.1895273562225], [0.994237703325843, 52.1884182604494], [0.994271387688022, 52.1919136483659], [0.998916068532028, 52.1911943132804], [0.99873016255964, 52.1952325709498], [1.00769619667555, 52.1873422359576], [1.01374070038128, 52.1871079291166]]]}, "properties": {"FID": 31493, "LSOA21CD": "E01033317", "LSOA21NM": "Mid Suffolk 010G", "LSOA21NMW": " ", "BNG_E": 605192, "BNG_N": 258873, "LAT": 52.18992, "LONG": 1.000518, "GlobalID": "2f029833-ac06-43b5-a37f-8f2182f2d72e", "LSOA name (2021)": "Mid Suffolk 010G", "Local Authority District code (2024)": "E07000203", "Local Authority District name (2024)": "Mid Suffolk", "Index of Multiple Deprivation (IMD) Rank": 16381, "Index of Multiple Deprivation (IMD) Decile": 5}}, {"type": "Feature", "id": 31494, "geometry": {"type": "Polygon", "coordinates": [[[1.01645533459941, 52.1785918311173], [1.01610072574422, 52.1785716705738], [1.00701279189699, 52.184137924046], [1.01374070038128, 52.1871079291166], [1.01407445989355, 52.1903910904813], [1.00839652627596, 52.1901081679189], [1.01213451618184, 52.1916765985631], [1.00846650420834, 52.1955668826854], [1.02263176963646, 52.1856832258079], [1.01645533459941, 52.1785918311173]]]}, "properties": {"FID": 31494, "LSOA21CD": "E01033319", "LSOA21NM": "Mid Suffolk 010H", "LSOA21NMW": " ", "BNG_E": 606194, "BNG_N": 258167, "LAT": 52.18321, "LONG": 1.014726, "GlobalID": "07455a27-4e83-442a-b66e-c60693704216", "LSOA name (2021)": "Mid Suffolk 010H", "Local Authority District code (2024)": "E07000203", "Local Authority District name (2024)": "Mid Suffolk", "Index of Multiple Deprivation (IMD) Rank": 29248, "Index of Multiple Deprivation (IMD) Decile": 9}}, {"type": "Feature", "id": 31576, "geometry": {"type": "Polygon", "coordinates": [[[1.26357416693918, 52.0605125717573], [1.25855559877297, 52.0549811242984], [1.25378777270227, 52.0508477661052], [1.24293533933282, 52.0508235600425], [1.2505247639743, 52.0576695819831], [1.2435958543967, 52.0573145443995], [1.25257443401975, 52.0595541594693], [1.25971071904375, 52.0592027369855], [1.25362020565625, 52.0615528226414], [1.25699925253364, 52.0631254789424], [1.26357416693918, 52.0605125717573]]]}, "properties": {"FID": 31576, "LSOA21CD": "E01033442", "LSOA21NM": "East Suffolk 025F", "LSOA21NMW": " ", "BNG_E": 623088, "BNG_N": 244636, "LAT": 52.05519, "LONG": 1.252566, "GlobalID": "03016fd7-a774-4827-8c68-01032576e80c", "LSOA name (2021)": "East Suffolk 025F", "Local Authority District code (2024)": "E07000244", "Local Authority District name (2024)": "East Suffolk", "Index of Multiple Deprivation (IMD) Rank": 30635, "Index of Multiple Deprivation (IMD) Decile": 10}}, {"type": "Feature", "id": 31577, "geometry": {"type": "Polygon", "coordinates": [[[1.40490561323312, 52.0729222376056], [1.35253190962062, 52.0922804871236], [1.34361712396425, 52.1018110534251], [1.34420839709583, 52.1020484497862], [1.34639490233534, 52.1030312940365], [1.34752823976118, 52.1035406997632], [1.34638858322462, 52.103565714348], [1.35029438959819, 52.1053429665376], [1.35395337695558, 52.1163073991104], [1.3587786475449, 52.1145517904629], [1.36172559930676, 52.1174159457245], [1.37223807582794, 52.1133945666838], [1.37750186219839, 52.1052937814005], [1.37489027662594, 52.0884417898477], [1.3878253651589, 52.0880374872618], [1.3905922482216, 52.0910835983674], [1.40493574984511, 52.085402320854], [1.40490561323312, 52.0729222376056]]]}, "properties": {"FID": 31577, "LSOA21CD": "E01033443", "LSOA21NM": "East Suffolk 023B", "LSOA21NMW": " ", "BNG_E": 631285, "BNG_N": 249557, "LAT": 52.096, "LONG": 1.375239, "GlobalID": "4053a356-a217-4e17-bf2d-6eca6301507f", "LSOA name (2021)": "East Suffolk 023B", "Local Authority District code (2024)": "E07000244", "Local Authority District name (2024)": "East Suffolk", "Index of Multiple Deprivation (IMD) Rank": 24321, "Index of Multiple Deprivation (IMD) Decile": 8}}, {"type": "Feature", "id": 31578, "geometry": {"type": "Polygon", "coordinates": [[[1.25257443401975, 52.0595541594693], [1.2435958543967, 52.0573145443995], [1.24070206216044, 52.0591389012649], [1.24937908435194, 52.0603087109512], [1.25257443401975, 52.0595541594693]]]}, "properties": {"FID": 31578, "LSOA21CD": "E01033444", "LSOA21NM": "East Suffolk 025G", "LSOA21NMW": " ", "BNG_E": 622642, "BNG_N": 245020, "LAT": 52.05881, "LONG": 1.246322, "GlobalID": "ffd39dbd-301b-4220-b873-7b7cacb544b0", "LSOA name (2021)": "East Suffolk 025G", "Local Authority District code (2024)": "E07000244", "Local Authority District name (2024)": "East Suffolk", "Index of Multiple Deprivation (IMD) Rank": 30589, "Index of Multiple Deprivation (IMD) Decile": 10}}, {"type": "Feature", "id": 31579, "geometry": {"type": "Polygon", "coordinates": [[[1.43136880132067, 52.1343020621634], [1.4345830503156, 52.1219702197015], [1.42203660852629, 52.1194027073645], [1.40216064063546, 52.1240778126182], [1.40339976224635, 52.1275418408231], [1.42170458182021, 52.1315977057195], [1.42455687879007, 52.1299138182926], [1.43117310525794, 52.1347813617368], [1.43136880132067, 52.1343020621634]]]}, "properties": {"FID": 31579, "LSOA21CD": "E01033445", "LSOA21NM": "East Suffolk 023C", "LSOA21NMW": " ", "BNG_E": 634354, "BNG_N": 253179, "LAT": 52.12721, "LONG": 1.42245, "GlobalID": "285cc3e5-083f-415c-a734-0252d42d7f49", "LSOA name (2021)": "East Suffolk 023C", "Local Authority District code (2024)": "E07000244", "Local Authority District name (2024)": "East Suffolk", "Index of Multiple Deprivation (IMD) Rank": 21535, "Index of Multiple Deprivation (IMD) Decile": 7}}, {"type": "Feature", "id": 31580, "geometry": {"type": "MultiPolygon", "coordinates": [[[[1.49050343059511, 52.0599381200697], [1.46779411265747, 52.04822159038], [1.4681422687658, 52.0487399444886], [1.4880285515304, 52.0592872010631], [1.49050343059511, 52.0599381200697]]], [[[1.46131424053173, 52.1381414208118], [1.46402351192639, 52.1346060475715], [1.47653011037247, 52.1346677475648], [1.48930851182325, 52.1288253705994], [1.50032087800456, 52.1309916877728], [1.50910394894699, 52.1240473163815], [1.50842281522611, 52.1026732671372], [1.48505831338359, 52.0991860919467], [1.49374575417328, 52.0984069247278], [1.4964023698605, 52.0922306177686], [1.49354770666138, 52.0837438316895], [1.48960082112439, 52.079608385561], [1.48988376093401, 52.0729097245309], [1.49791881108371, 52.0713911739655], [1.50114623291066, 52.0705602852693], [1.50046089720851, 52.0698265680641], [1.49538159961889, 52.0643878076842], [1.47847779982907, 52.0585317114414], [1.46168527165181, 52.046224570989], [1.45951843776957, 52.0446358304841], [1.46227769652655, 52.0448172124559], [1.45312939666447, 52.0352970983619], [1.45002049437342, 52.0360586919356], [1.44286655011295, 52.031522845526], [1.43425134544216, 52.0386379166525], [1.41184130260125, 52.0349986607482], [1.39798628899425, 52.0407202611321], [1.39370292506955, 52.0473159757711], [1.40129482278442, 52.054069010813], [1.41456070411445, 52.0586212121974], [1.41490788572734, 52.0619869269824], [1.40278660641892, 52.0657113174491], [1.40490561323312, 52.0729222376056], [1.40493574984511, 52.085402320854], [1.3905922482216, 52.0910835983674], [1.3878253651589, 52.0880374872618], [1.37489027662594, 52.0884417898477], [1.37750186219839, 52.1052937814005], [1.37223807582794, 52.1133945666838], [1.36172559930676, 52.1174159457245], [1.36658583100337, 52.1212952569615], [1.37267173598478, 52.1206717509505], [1.37744195907664, 52.1275785419868], [1.38855889995319, 52.127413482191], [1.4046301614568, 52.1165683886938], [1.42330062991534, 52.1110021742482], [1.43399252297631, 52.1113612861505], [1.4345830503156, 52.1219702197015], [1.43136880132067, 52.1343020621634], [1.46131424053173, 52.1381414208118]]]]}, "properties": {"FID": 31580, "LSOA21CD": "E01033446", "LSOA21NM": "East Suffolk 023D", "LSOA21NMW": " ", "BNG_E": 635309, "BNG_N": 248596, "LAT": 52.08568, "LONG": 1.433211, "GlobalID": "a7b2b9be-5e37-4334-af44-7ed7fc4d4a59", "LSOA name (2021)": "East Suffolk 023D", "Local Authority District code (2024)": "E07000244", "Local Authority District name (2024)": "East Suffolk", "Index of Multiple Deprivation (IMD) Rank": 19423, "Index of Multiple Deprivation (IMD) Decile": 6}}, {"type": "Feature", "id": 31581, "geometry": {"type": "Polygon", "coordinates": [[[1.26313193898359, 52.0681622526393], [1.26302805398318, 52.0626778598433], [1.26357416693918, 52.0605125717573], [1.25699925253364, 52.0631254789424], [1.25581599989435, 52.0675530752763], [1.25044054781523, 52.0662988066261], [1.25009360708284, 52.066973813197], [1.24948493808278, 52.0698830962668], [1.26071160607633, 52.0710504227749], [1.26313193898359, 52.0681622526393]]]}, "properties": {"FID": 31581, "LSOA21CD": "E01033447", "LSOA21NM": "East Suffolk 025H", "LSOA21NMW": " ", "BNG_E": 623352, "BNG_N": 246105, "LAT": 52.06827, "LONG": 1.257369, "GlobalID": "5cb41f82-b6c6-4abe-84cb-0e0d56a9780a", "LSOA name (2021)": "East Suffolk 025H", "Local Authority District code (2024)": "E07000244", "Local Authority District name (2024)": "East Suffolk", "Index of Multiple Deprivation (IMD) Rank": 31823, "Index of Multiple Deprivation (IMD) Decile": 10}}, {"type": "Feature", "id": 31582, "geometry": {"type": "MultiPolygon", "coordinates": [[[[1.34780674589205, 52.0396200439506], [1.34678867729311, 52.0390685871046], [1.34769861104003, 52.0403076299004], [1.34780674589205, 52.0396200439506]]], [[[1.33464364212885, 52.0521251985979], [1.33477141660019, 52.051137677433], [1.33414393083678, 52.0515176864809], [1.33458461835867, 52.0525813662472], [1.33464364212885, 52.0521251985979]]], [[[1.31415868122118, 52.0791999465157], [1.31407515449837, 52.0789692505947], [1.31402246806761, 52.0789963445307], [1.31415868122118, 52.0791999465157]]], [[[1.33233257306624, 52.1002713443348], [1.33212199366042, 52.1001212713077], [1.3328379036157, 52.1013076720795], [1.33390893851782, 52.1013947303701], [1.33233257306624, 52.1002713443348]]], [[[1.39798628899425, 52.0407202611321], [1.41184130260125, 52.0349986607482], [1.43425134544216, 52.0386379166525], [1.44286655011295, 52.031522845526], [1.45002049437342, 52.0360586919356], [1.45312939666447, 52.0352970983619], [1.44372678282789, 52.0255071958364], [1.4336918102423, 52.008345830346], [1.43307692613476, 52.0072938091264], [1.42105099533967, 51.9990949887452], [1.41319927563843, 51.9943554448381], [1.40833973635835, 51.9923119504692], [1.39412270325351, 51.9872614127524], [1.39558929003492, 51.9985299642869], [1.39202405196552, 51.9962743611521], [1.3885363821993, 51.9993979057549], [1.39552125631541, 51.9990563297782], [1.36699692715685, 52.0073690264058], [1.36622689888811, 52.010294209044], [1.36301924890043, 52.0224756215972], [1.34471012635948, 52.0312432919156], [1.35266192015945, 52.038175891255], [1.35164480283712, 52.0456100167057], [1.34103864808985, 52.0531357133624], [1.34370342422662, 52.0641358676795], [1.32938896545762, 52.0688020131896], [1.31902362867578, 52.0806353380306], [1.3193740812755, 52.0869844811226], [1.32453501814313, 52.0890713426505], [1.32482962397021, 52.0891904554409], [1.32518176275485, 52.0892136172828], [1.32527506890365, 52.0893705525054], [1.32724261157643, 52.090166007687], [1.33196926453029, 52.0941032918205], [1.33165094909279, 52.0984304777705], [1.34337565967394, 52.1017141035259], [1.34361712396425, 52.1018110534251], [1.35253190962062, 52.0922804871236], [1.40490561323312, 52.0729222376056], [1.40278660641892, 52.0657113174491], [1.41490788572734, 52.0619869269824], [1.41456070411445, 52.0586212121974], [1.40129482278442, 52.054069010813], [1.39370292506955, 52.0473159757711], [1.39798628899425, 52.0407202611321]]]]}, "properties": {"FID": 31582, "LSOA21CD": "E01033448", "LSOA21NM": "East Suffolk 023E", "LSOA21NMW": " ", "BNG_E": 632398, "BNG_N": 243377, "LAT": 52.04007, "LONG": 1.387254, "GlobalID": "f91b65fa-7fcd-4116-b7e3-3480aa5c2498", "LSOA name (2021)": "East Suffolk 023E", "Local Authority District code (2024)": "E07000244", "Local Authority District name (2024)": "East Suffolk", "Index of Multiple Deprivation (IMD) Rank": 12955, "Index of Multiple Deprivation (IMD) Decile": 4}}, {"type": "Feature", "id": 31583, "geometry": {"type": "Polygon", "coordinates": [[[1.41569695061073, 52.1643573576857], [1.41618963515916, 52.1544197495297], [1.43462420422466, 52.1471936540164], [1.43117310525794, 52.1347813617368], [1.42455687879007, 52.1299138182926], [1.42170458182021, 52.1315977057195], [1.40339976224635, 52.1275418408231], [1.40216064063546, 52.1240778126182], [1.42203660852629, 52.1194027073645], [1.4345830503156, 52.1219702197015], [1.43399252297631, 52.1113612861505], [1.42330062991534, 52.1110021742482], [1.4046301614568, 52.1165683886938], [1.38855889995319, 52.127413482191], [1.392622017809, 52.1360329128349], [1.3798262685117, 52.1413059037111], [1.37953187553869, 52.1450794022937], [1.38434413309913, 52.1499125933072], [1.37464002590779, 52.1534242486382], [1.39666009133674, 52.1613105132023], [1.3984905057848, 52.1671298991905], [1.41569695061073, 52.1643573576857]]]}, "properties": {"FID": 31583, "LSOA21CD": "E01033449", "LSOA21NM": "East Suffolk 023F", "LSOA21NMW": " ", "BNG_E": 633084, "BNG_N": 255348, "LAT": 52.14722, "LONG": 1.405417, "GlobalID": "a4af4fd2-3439-4f7a-85fe-849e8e807cb0", "LSOA name (2021)": "East Suffolk 023F", "Local Authority District code (2024)": "E07000244", "Local Authority District name (2024)": "East Suffolk", "Index of Multiple Deprivation (IMD) Rank": 19834, "Index of Multiple Deprivation (IMD) Decile": 6}}, {"type": "Feature", "id": 31584, "geometry": {"type": "Polygon", "coordinates": [[[1.36985700035547, 51.9691680740542], [1.36160646982101, 51.9681990455536], [1.35789981546197, 51.9716216350836], [1.35129389673094, 51.9713205143876], [1.35024374238528, 51.9714718932521], [1.35269670955276, 51.9768509945785], [1.36786407632947, 51.9754012184873], [1.37100377761125, 51.972469535338], [1.37556047339737, 51.9752663381814], [1.36985700035547, 51.9691680740542]]]}, "properties": {"FID": 31584, "LSOA21CD": "E01033450", "LSOA21NM": "East Suffolk 028E", "LSOA21NMW": " ", "BNG_E": 630975, "BNG_N": 235775, "LAT": 51.97243, "LONG": 1.361423, "GlobalID": "1e395d69-8151-46c5-80f3-dee4c1e6402b", "LSOA name (2021)": "East Suffolk 028E", "Local Authority District code (2024)": "E07000244", "Local Authority District name (2024)": "East Suffolk", "Index of Multiple Deprivation (IMD) Rank": 29145, "Index of Multiple Deprivation (IMD) Decile": 9}}, {"type": "Feature", "id": 31585, "geometry": {"type": "Polygon", "coordinates": [[[0.517491735809823, 52.2808984189691], [0.504703274224566, 52.2863648388203], [0.481095907560904, 52.2999412734206], [0.49509961403028, 52.3060563589897], [0.494566887042517, 52.3004718237421], [0.496884095653067, 52.3019784942321], [0.502792630643508, 52.2990890340081], [0.503926124407963, 52.303752354174], [0.503685734073179, 52.3105501772583], [0.521385572660911, 52.3124655534818], [0.534174713355838, 52.317774218193], [0.54056069311665, 52.2835121182419], [0.524501896440319, 52.2810037062588], [0.518075256840712, 52.2831173562003], [0.517491735809823, 52.2808984189691]]]}, "properties": {"FID": 31585, "LSOA21CD": "E01033452", "LSOA21NM": "West Suffolk 007C", "LSOA21NMW": " ", "BNG_E": 571334, "BNG_N": 269604, "LAT": 52.29786, "LONG": 0.511183, "GlobalID": "3c55ca99-1dca-4e43-836f-87b60fbedc49", "LSOA name (2021)": "West Suffolk 007C", "Local Authority District code (2024)": "E07000245", "Local Authority District name (2024)": "West Suffolk", "Index of Multiple Deprivation (IMD) Rank": 18700, "Index of Multiple Deprivation (IMD) Decile": 6}}, {"type": "Feature", "id": 31586, "geometry": {"type": "Polygon", "coordinates": [[[0.503617492016422, 52.3109643170823], [0.495543958671846, 52.3092134881174], [0.49509961403028, 52.3060563589897], [0.481095907560904, 52.2999412734206], [0.472872481251058, 52.3039422179173], [0.483128130824763, 52.3132845776636], [0.491665287637006, 52.3081018748522], [0.502382573718087, 52.3164998537658], [0.503617492016422, 52.3109643170823]]]}, "properties": {"FID": 31586, "LSOA21CD": "E01033454", "LSOA21NM": "West Suffolk 007D", "LSOA21NMW": " ", "BNG_E": 569466, "BNG_N": 270711, "LAT": 52.30838, "LONG": 0.484374, "GlobalID": "1ee982f8-fc1b-48fd-b224-60c5b4c534e2", "LSOA name (2021)": "West Suffolk 007D", "Local Authority District code (2024)": "E07000245", "Local Authority District name (2024)": "West Suffolk", "Index of Multiple Deprivation (IMD) Rank": 23091, "Index of Multiple Deprivation (IMD) Decile": 7}}, {"type": "Feature", "id": 32598, "geometry": {"type": "Polygon", "coordinates": [[[1.00181453480985, 52.0542108465814], [1.00123053837213, 52.0540406564439], [0.99079921909629, 52.052145692326], [0.982750455158898, 52.0384231209912], [0.973031337708739, 52.0382656996312], [0.968319587776908, 52.0426007250538], [0.963913018443973, 52.046771621493], [0.960361145195275, 52.045743975049], [0.963324472730803, 52.0508396104447], [0.95314073121877, 52.0517072264942], [0.951958282922713, 52.0545712270926], [0.935938868863815, 52.0508696084031], [0.941447741107091, 52.0485123746958], [0.939891300040202, 52.0417676298772], [0.944107285287545, 52.0459920443221], [0.94919813595121, 52.0449983763765], [0.952207749449669, 52.0406073899492], [0.951720249346763, 52.0405274513567], [0.945225124828371, 52.0390300486526], [0.937920038408385, 52.038505949641], [0.934824310085008, 52.0432684365893], [0.930278334979987, 52.0430298944491], [0.914091859986015, 52.0350418620958], [0.916051920947565, 52.0371925782875], [0.912146315934545, 52.0367271218985], [0.90786218984951, 52.0419822645779], [0.930255647609022, 52.0549102480986], [0.93585703605652, 52.0617667070914], [0.934475627781604, 52.0670521686046], [0.941021292411218, 52.0701319834863], [0.950768369521431, 52.0685214620964], [0.951300214004542, 52.0617213248077], [0.960366268237736, 52.0610899260388], [0.958435959655825, 52.055818738969], [1.00181453480985, 52.0542108465814]]]}, "properties": {"FID": 32598, "LSOA21CD": "E01034559", "LSOA21NM": "Babergh 004G", "LSOA21NMW": " ", "BNG_E": 604253, "BNG_N": 243399, "LAT": 52.05134, "LONG": 0.977521, "GlobalID": "a2e0e4ca-b70a-4f4d-9627-c86425d81326", "LSOA name (2021)": "Babergh 004G", "Local Authority District code (2024)": "E07000200", "Local Authority District name (2024)": "Babergh", "Index of Multiple Deprivation (IMD) Rank": 22116, "Index of Multiple Deprivation (IMD) Decile": 7}}, {"type": "Feature", "id": 32599, "geometry": {"type": "Polygon", "coordinates": [[[0.963324472730803, 52.0508396104447], [0.957657847538633, 52.0478808010793], [0.952951844310317, 52.0495472483186], [0.94919813595121, 52.0449983763765], [0.944107285287545, 52.0459920443221], [0.939891300040202, 52.0417676298772], [0.941447741107091, 52.0485123746958], [0.935938868863815, 52.0508696084031], [0.951958282922713, 52.0545712270926], [0.95314073121877, 52.0517072264942], [0.963324472730803, 52.0508396104447]]]}, "properties": {"FID": 32599, "LSOA21CD": "E01034560", "LSOA21NM": "Babergh 004H", "LSOA21NMW": " ", "BNG_E": 602369, "BNG_N": 243145, "LAT": 52.04975, "LONG": 0.949933, "GlobalID": "fbfd68b7-eba4-422b-8223-8fcec8b64240", "LSOA name (2021)": "Babergh 004H", "Local Authority District code (2024)": "E07000200", "Local Authority District name (2024)": "Babergh", "Index of Multiple Deprivation (IMD) Rank": 22643, "Index of Multiple Deprivation (IMD) Decile": 7}}, {"type": "Feature", "id": 32600, "geometry": {"type": "Polygon", "coordinates": [[[0.54450288991727, 52.4516121436751], [0.539209354059443, 52.4342045923066], [0.557255380126243, 52.4321099148845], [0.550155980162446, 52.4277597544487], [0.556814635086008, 52.4130664837539], [0.603208956211432, 52.3967882629079], [0.628768824766191, 52.391910886389], [0.635699722554133, 52.3900516097111], [0.632262996596893, 52.3859109704918], [0.573597600088797, 52.3899461257152], [0.551835438169992, 52.3952791244383], [0.544162714883475, 52.3975897385401], [0.537448544601436, 52.4057345878456], [0.527225783744648, 52.4054050527362], [0.526014932571011, 52.4106297682334], [0.535309099419943, 52.4143349144115], [0.539036300733728, 52.4205828974359], [0.527238528228822, 52.4213212962446], [0.521571930923339, 52.436881809284], [0.519791489209484, 52.4349148271733], [0.509844345834139, 52.4361875222827], [0.504374363525786, 52.4237862255222], [0.516574083689328, 52.4217311841965], [0.519922897713397, 52.4169978860234], [0.514723258317865, 52.4124112458219], [0.517944892271267, 52.4079485034953], [0.511320577154702, 52.4056585621222], [0.514422498088306, 52.3999732327292], [0.509731497193621, 52.4005872075428], [0.494634352517847, 52.3933414282138], [0.483362354872841, 52.3962104851072], [0.474238233543221, 52.4048004102521], [0.458605594913143, 52.3986913621084], [0.449555140167251, 52.3999382524834], [0.443922044636214, 52.4025690417103], [0.438914415827406, 52.4280823432596], [0.43242941719702, 52.4311637140156], [0.425303918142973, 52.4303321921927], [0.423208222956388, 52.4339653018713], [0.42934424988806, 52.436426487097], [0.445538463349104, 52.4473716055975], [0.478160957681712, 52.4455750281464], [0.496041939077594, 52.4472794643928], [0.500924248646193, 52.4502353409591], [0.523835980226255, 52.4482001316442], [0.530377824020949, 52.4535942485769], [0.540371746818851, 52.4503422676281], [0.54450288991727, 52.4516121436751]]]}, "properties": {"FID": 32600, "LSOA21CD": "E01034561", "LSOA21NM": "West Suffolk 001C", "LSOA21NMW": " ", "BNG_E": 568378, "BNG_N": 283320, "LAT": 52.42196, "LONG": 0.474751, "GlobalID": "590e0bcf-2a94-40c6-8bf2-addb5030673a", "LSOA name (2021)": "West Suffolk 001C", "Local Authority District code (2024)": "E07000245", "Local Authority District name (2024)": "West Suffolk", "Index of Multiple Deprivation (IMD) Rank": 14939, "Index of Multiple Deprivation (IMD) Decile": 5}}, {"type": "Feature", "id": 32601, "geometry": {"type": "Polygon", "coordinates": [[[0.544162714883475, 52.3975897385401], [0.551835438169992, 52.3952791244383], [0.5423838638162, 52.3839119465942], [0.535302164428511, 52.3843155290363], [0.539693947095943, 52.3874858092335], [0.534074772917949, 52.3894136636479], [0.531993785982329, 52.3925912143296], [0.53511300057202, 52.3911150381481], [0.538045454331605, 52.3993407319512], [0.544162714883475, 52.3975897385401]]]}, "properties": {"FID": 32601, "LSOA21CD": "E01034562", "LSOA21NM": "West Suffolk 001D", "LSOA21NMW": " ", "BNG_E": 573046, "BNG_N": 280111, "LAT": 52.39169, "LONG": 0.54167, "GlobalID": "980139a3-3a77-4226-b229-e8a3fda9d472", "LSOA name (2021)": "West Suffolk 001D", "Local Authority District code (2024)": "E07000245", "Local Authority District name (2024)": "West Suffolk", "Index of Multiple Deprivation (IMD) Rank": 20600, "Index of Multiple Deprivation (IMD) Decile": 7}}, {"type": "Feature", "id": 32602, "geometry": {"type": "Polygon", "coordinates": [[[0.535302164428511, 52.3843155290363], [0.527105929777836, 52.383311065721], [0.527515286002884, 52.3868943398141], [0.534074772917949, 52.3894136636479], [0.539693947095943, 52.3874858092335], [0.535302164428511, 52.3843155290363]]]}, "properties": {"FID": 32602, "LSOA21CD": "E01034563", "LSOA21NM": "West Suffolk 001E", "LSOA21NMW": " ", "BNG_E": 572496, "BNG_N": 279540, "LAT": 52.38673, "LONG": 0.533302, "GlobalID": "ef58a5fb-efaa-48d6-b801-9524c6c2ea27", "LSOA name (2021)": "West Suffolk 001E", "Local Authority District code (2024)": "E07000245", "Local Authority District name (2024)": "West Suffolk", "Index of Multiple Deprivation (IMD) Rank": 20148, "Index of Multiple Deprivation (IMD) Decile": 6}}, {"type": "Feature", "id": 32603, "geometry": {"type": "Polygon", "coordinates": [[[0.538045454331605, 52.3993407319512], [0.53511300057202, 52.3911150381481], [0.531993785982329, 52.3925912143296], [0.534074772917949, 52.3894136636479], [0.527515286002884, 52.3868943398141], [0.527105929777836, 52.383311065721], [0.535302164428511, 52.3843155290363], [0.5423838638162, 52.3839119465942], [0.551835438169992, 52.3952791244383], [0.573597600088797, 52.3899461257152], [0.632262996596893, 52.3859109704918], [0.624922519990096, 52.3675201144024], [0.618110291602051, 52.3633053764382], [0.569687003688193, 52.3539627318958], [0.559258632425589, 52.3585965064419], [0.537120279076459, 52.3537765947615], [0.53453637067059, 52.3630473012946], [0.525910320118189, 52.3686797066083], [0.524415247673545, 52.3631346972896], [0.514520855602899, 52.3614271945588], [0.51523868416973, 52.3579996875284], [0.515140320510854, 52.357398644609], [0.477666528793655, 52.3632106861448], [0.484310362984125, 52.3709769262704], [0.488703521396249, 52.3691955842561], [0.489774678795792, 52.3653926144301], [0.497433993455829, 52.3639643695161], [0.503059988283658, 52.3678366904568], [0.506246634068179, 52.373785019519], [0.501688712943731, 52.378926270691], [0.519938892039366, 52.381304917239], [0.520748654392589, 52.3915647405263], [0.51478272241996, 52.3999864220845], [0.538045454331605, 52.3993407319512]]]}, "properties": {"FID": 32603, "LSOA21CD": "E01034564", "LSOA21NM": "West Suffolk 003E", "LSOA21NMW": " ", "BNG_E": 574675, "BNG_N": 278454, "LAT": 52.37629, "LONG": 0.564721, "GlobalID": "45bc833d-b475-4d9a-a086-65649f0a1e1d", "LSOA name (2021)": "West Suffolk 003E", "Local Authority District code (2024)": "E07000245", "Local Authority District name (2024)": "West Suffolk", "Index of Multiple Deprivation (IMD) Rank": 17735, "Index of Multiple Deprivation (IMD) Decile": 6}}, {"type": "Feature", "id": 32604, "geometry": {"type": "Polygon", "coordinates": [[[0.501688712943731, 52.378926270691], [0.506246634068179, 52.373785019519], [0.503059988283658, 52.3678366904568], [0.497433993455829, 52.3639643695161], [0.489774678795792, 52.3653926144301], [0.488703521396249, 52.3691955842561], [0.497726535974289, 52.3727693961911], [0.488619626050466, 52.3733301700246], [0.488497016296632, 52.3799474935062], [0.501688712943731, 52.378926270691]]]}, "properties": {"FID": 32604, "LSOA21CD": "E01034565", "LSOA21NM": "West Suffolk 003F", "LSOA21NMW": " ", "BNG_E": 570018, "BNG_N": 277427, "LAT": 52.36853, "LONG": 0.495857, "GlobalID": "aaa711de-83a1-4c09-be6f-e81710d50414", "LSOA name (2021)": "West Suffolk 003F", "Local Authority District code (2024)": "E07000245", "Local Authority District name (2024)": "West Suffolk", "Index of Multiple Deprivation (IMD) Rank": 12184, "Index of Multiple Deprivation (IMD) Decile": 4}}, {"type": "Feature", "id": 32605, "geometry": {"type": "Polygon", "coordinates": [[[0.503685734073179, 52.3105501772583], [0.503926124407963, 52.303752354174], [0.496884095653067, 52.3019784942321], [0.494566887042517, 52.3004718237421], [0.49509961403028, 52.3060563589897], [0.495543958671846, 52.3092134881174], [0.503617492016422, 52.3109643170823], [0.503685734073179, 52.3105501772583]]]}, "properties": {"FID": 32605, "LSOA21CD": "E01034566", "LSOA21NM": "West Suffolk 007E", "LSOA21NMW": " ", "BNG_E": 570505, "BNG_N": 270470, "LAT": 52.30589, "LONG": 0.499477, "GlobalID": "95e7013f-8330-43a6-8cb3-be5e61ceb3ad", "LSOA name (2021)": "West Suffolk 007E", "Local Authority District code (2024)": "E07000245", "Local Authority District name (2024)": "West Suffolk", "Index of Multiple Deprivation (IMD) Rank": 21102, "Index of Multiple Deprivation (IMD) Decile": 7}}, {"type": "Feature", "id": 32606, "geometry": {"type": "Polygon", "coordinates": [[[0.496884095653067, 52.3019784942321], [0.503926124407963, 52.303752354174], [0.502792630643508, 52.2990890340081], [0.496884095653067, 52.3019784942321]]]}, "properties": {"FID": 32606, "LSOA21CD": "E01034567", "LSOA21NM": "West Suffolk 007F", "LSOA21NMW": " ", "BNG_E": 570547, "BNG_N": 269926, "LAT": 52.30099, "LONG": 0.499817, "GlobalID": "e391f242-34a6-4f66-9cdc-6d7757248a3c", "LSOA name (2021)": "West Suffolk 007F", "Local Authority District code (2024)": "E07000245", "Local Authority District name (2024)": "West Suffolk", "Index of Multiple Deprivation (IMD) Rank": 16714, "Index of Multiple Deprivation (IMD) Decile": 5}}, {"type": "Feature", "id": 32607, "geometry": {"type": "Polygon", "coordinates": [[[0.424205855424971, 52.2558659600945], [0.426963715344134, 52.2536026339328], [0.414517739951008, 52.2478610070342], [0.405524629672163, 52.2437773839646], [0.400812981454833, 52.247853479076], [0.402259094462904, 52.2482565369099], [0.40504477279057, 52.2467600349911], [0.404262153594534, 52.2512847023311], [0.407517245385952, 52.25245979051], [0.40478253113691, 52.2595434561555], [0.411763689284455, 52.2619799089371], [0.403575943934578, 52.2688446620654], [0.403568557449389, 52.2688929214343], [0.409511978829337, 52.2690646680948], [0.424205855424971, 52.2558659600945]]]}, "properties": {"FID": 32607, "LSOA21CD": "E01034568", "LSOA21NM": "West Suffolk 008E", "LSOA21NMW": " ", "BNG_E": 564875, "BNG_N": 264756, "LAT": 52.25628, "LONG": 0.414188, "GlobalID": "89913a01-f974-4a8d-b3f5-bf27ead05d28", "LSOA name (2021)": "West Suffolk 008E", "Local Authority District code (2024)": "E07000245", "Local Authority District name (2024)": "West Suffolk", "Index of Multiple Deprivation (IMD) Rank": 21236, "Index of Multiple Deprivation (IMD) Decile": 7}}, {"type": "Feature", "id": 32608, "geometry": {"type": "Polygon", "coordinates": [[[0.404262153594534, 52.2512847023311], [0.40504477279057, 52.2467600349911], [0.402259094462904, 52.2482565369099], [0.398952910705372, 52.2539144691077], [0.404262153594534, 52.2512847023311]]]}, "properties": {"FID": 32608, "LSOA21CD": "E01034569", "LSOA21NM": "West Suffolk 008F", "LSOA21NMW": " ", "BNG_E": 564098, "BNG_N": 264065, "LAT": 52.25031, "LONG": 0.40248, "GlobalID": "7400bf44-f6e2-4a23-a3c4-d34153de0e4f", "LSOA name (2021)": "West Suffolk 008F", "Local Authority District code (2024)": "E07000245", "Local Authority District name (2024)": "West Suffolk", "Index of Multiple Deprivation (IMD) Rank": 6671, "Index of Multiple Deprivation (IMD) Decile": 2}}, {"type": "Feature", "id": 32609, "geometry": {"type": "Polygon", "coordinates": [[[1.34107173485551, 52.3196613854809], [1.32006913769405, 52.2988737197562], [1.29794247078192, 52.288094135716], [1.30066006847143, 52.2816346526008], [1.29091790656599, 52.2821513265212], [1.28555389105462, 52.286231808216], [1.26882622471087, 52.2852834480836], [1.26383050749754, 52.2911292992298], [1.25835545838218, 52.2977271040128], [1.26230831441023, 52.3058964399813], [1.25168446448055, 52.3148876875434], [1.25871909532151, 52.3173402254826], [1.25701458430343, 52.321597324399], [1.25139485744819, 52.320729750147], [1.24394204837261, 52.3297125849516], [1.26018660053486, 52.3337775620443], [1.27556334729873, 52.3293816514248], [1.29326819228565, 52.3305672637015], [1.29220186646228, 52.3357281136965], [1.29868648294003, 52.3370780563983], [1.29147576911438, 52.3435192076225], [1.29599846489757, 52.3461128880417], [1.30356456740437, 52.3356813952818], [1.34107173485551, 52.3196613854809]]]}, "properties": {"FID": 32609, "LSOA21CD": "E01034570", "LSOA21NM": "Mid Suffolk 003D", "LSOA21NMW": " ", "BNG_E": 624542, "BNG_N": 273511, "LAT": 52.31378, "LONG": 1.292843, "GlobalID": "c4c42a12-7544-4b8a-83ba-66ea8f4a0c8c", "LSOA name (2021)": "Mid Suffolk 003D", "Local Authority District code (2024)": "E07000203", "Local Authority District name (2024)": "Mid Suffolk", "Index of Multiple Deprivation (IMD) Rank": 21384, "Index of Multiple Deprivation (IMD) Decile": 7}}, {"type": "Feature", "id": 32610, "geometry": {"type": "Polygon", "coordinates": [[[1.40164565388497, 52.2856991251745], [1.38150166238745, 52.2798159429252], [1.37631106739191, 52.2754552143487], [1.35548102691281, 52.2787747396945], [1.35565733987099, 52.2740774521198], [1.34443149261395, 52.2820892608586], [1.34729581988095, 52.2934051409453], [1.32759083452947, 52.2984790015088], [1.32006913769405, 52.2988737197562], [1.34107173485551, 52.3196613854809], [1.35747618629368, 52.3221564835379], [1.37101794882729, 52.3137308158019], [1.38402202349177, 52.3106666399361], [1.38072498601455, 52.3035459956409], [1.38414032372158, 52.2941052761276], [1.40164565388497, 52.2856991251745]]]}, "properties": {"FID": 32610, "LSOA21CD": "E01034571", "LSOA21NM": "Mid Suffolk 003E", "LSOA21NMW": " ", "BNG_E": 629288, "BNG_N": 272098, "LAT": 52.29914, "LONG": 1.361382, "GlobalID": "f9795bea-9b3f-40f0-8bdc-5eb2af1fe1bc", "LSOA name (2021)": "Mid Suffolk 003E", "Local Authority District code (2024)": "E07000203", "Local Authority District name (2024)": "Mid Suffolk", "Index of Multiple Deprivation (IMD) Rank": 17298, "Index of Multiple Deprivation (IMD) Decile": 6}}, {"type": "Feature", "id": 32611, "geometry": {"type": "Polygon", "coordinates": [[[0.702437548193165, 52.2922001149538], [0.70792327068699, 52.2912043501511], [0.712383009160992, 52.2840871494134], [0.717078888440207, 52.2848051202333], [0.716659833301507, 52.2787056841271], [0.753948175030091, 52.2793125405663], [0.752000503974323, 52.2763936081385], [0.748382257091622, 52.2771234629823], [0.750431272105983, 52.2745658096435], [0.739594103705115, 52.2635517650521], [0.725152391130331, 52.2621720903216], [0.714325902881202, 52.2588246513099], [0.711959384472905, 52.2616202382267], [0.707694053451142, 52.2710845728089], [0.699823469093082, 52.2773085075046], [0.692772956395794, 52.2757970053835], [0.692038347971366, 52.2720712895198], [0.688182973361203, 52.2742459315331], [0.691472323941652, 52.2766481765938], [0.688416633728075, 52.2844774045686], [0.684510889479925, 52.2849084451138], [0.68104210404486, 52.2884477030794], [0.691728362896897, 52.2934497165586], [0.702437548193165, 52.2922001149538]]]}, "properties": {"FID": 32611, "LSOA21CD": "E01034572", "LSOA21NM": "West Suffolk 016C", "LSOA21NMW": " ", "BNG_E": 585930, "BNG_N": 267660, "LAT": 52.27566, "LONG": 0.723908, "GlobalID": "30e2c331-1a60-4a54-b75d-4f016ea0fe66", "LSOA name (2021)": "West Suffolk 016C", "Local Authority District code (2024)": "E07000245", "Local Authority District name (2024)": "West Suffolk", "Index of Multiple Deprivation (IMD) Rank": 27252, "Index of Multiple Deprivation (IMD) Decile": 9}}, {"type": "Feature", "id": 32612, "geometry": {"type": "Polygon", "coordinates": [[[0.707694053451142, 52.2710845728089], [0.701080964891348, 52.2659361676568], [0.698770875775498, 52.2647404504782], [0.687706638683632, 52.2583085939633], [0.685251874491928, 52.2573413620747], [0.664781342828945, 52.2574257549627], [0.673328287572427, 52.2745411409432], [0.684510889479925, 52.2849084451138], [0.688416633728075, 52.2844774045686], [0.691472323941652, 52.2766481765938], [0.688182973361203, 52.2742459315331], [0.692038347971366, 52.2720712895198], [0.692772956395794, 52.2757970053835], [0.699823469093082, 52.2773085075046], [0.707694053451142, 52.2710845728089]]]}, "properties": {"FID": 32612, "LSOA21CD": "E01034573", "LSOA21NM": "West Suffolk 016D", "LSOA21NMW": " ", "BNG_E": 583547, "BNG_N": 267022, "LAT": 52.27073, "LONG": 0.688674, "GlobalID": "a8063039-e290-4e60-9441-347fb53045f7", "LSOA name (2021)": "West Suffolk 016D", "Local Authority District code (2024)": "E07000245", "Local Authority District name (2024)": "West Suffolk", "Index of Multiple Deprivation (IMD) Rank": 16370, "Index of Multiple Deprivation (IMD) Decile": 5}}, {"type": "Feature", "id": 32613, "geometry": {"type": "Polygon", "coordinates": [[[0.560479129034974, 52.1525109459696], [0.560888329566385, 52.1357288543173], [0.555558591736389, 52.1339483900356], [0.566705400146988, 52.1279054637988], [0.56386495353581, 52.1187342965031], [0.569964871901301, 52.1172916974587], [0.572377542865391, 52.1085156327421], [0.572142814818998, 52.1046074241861], [0.566366106537394, 52.1045773222302], [0.555051879413321, 52.1042692715737], [0.547569354584511, 52.0963851215966], [0.543179265658859, 52.1054719522081], [0.534746587900631, 52.107490270762], [0.528185467044355, 52.1137372036033], [0.532775570876961, 52.1190188948797], [0.524121880891392, 52.1162924960413], [0.517934322608271, 52.1214738675429], [0.508856535201063, 52.1318629843215], [0.509303120063237, 52.1388363503563], [0.51588943709011, 52.1400452187295], [0.523867753550103, 52.1549612014968], [0.530741169798525, 52.1497303053863], [0.540684312803329, 52.1558589097675], [0.554252479872583, 52.155787035605], [0.560479129034974, 52.1525109459696]]]}, "properties": {"FID": 32613, "LSOA21CD": "E01034574", "LSOA21NM": "West Suffolk 018C", "LSOA21NMW": " ", "BNG_E": 574023, "BNG_N": 251143, "LAT": 52.1312, "LONG": 0.541094, "GlobalID": "bd59563b-75cf-47a8-ac70-71b1ce92de2b", "LSOA name (2021)": "West Suffolk 018C", "Local Authority District code (2024)": "E07000245", "Local Authority District name (2024)": "West Suffolk", "Index of Multiple Deprivation (IMD) Rank": 17722, "Index of Multiple Deprivation (IMD) Decile": 6}}, {"type": "Feature", "id": 32614, "geometry": {"type": "Polygon", "coordinates": [[[0.547569354584511, 52.0963851215966], [0.540753888193578, 52.0917255573752], [0.541020742869136, 52.0892261170865], [0.54908692234842, 52.089772086345], [0.551613966182249, 52.0774852615647], [0.547786784764961, 52.0720252733359], [0.561701516467128, 52.073105963112], [0.563092995149298, 52.0708281793879], [0.551371708222179, 52.068753117637], [0.551529482177658, 52.0620568726363], [0.542262356341726, 52.0577590048574], [0.534212217972825, 52.059752926707], [0.523153372889937, 52.0567734857748], [0.511053848438897, 52.0598314696169], [0.500819095284616, 52.0538142393285], [0.500090949738445, 52.0567084192797], [0.491332521508255, 52.0592786514307], [0.487247928555023, 52.0638551283102], [0.490246172550785, 52.0670797651306], [0.49248042974345, 52.0725764608948], [0.504117572598738, 52.0746148200266], [0.506800099460019, 52.0836251315486], [0.514718228349199, 52.0868112159261], [0.502371055368175, 52.093092207989], [0.502457082890284, 52.096823697284], [0.51239547152279, 52.1051267118043], [0.50879436617298, 52.1079822113188], [0.517934322608271, 52.1214738675429], [0.524121880891392, 52.1162924960413], [0.532775570876961, 52.1190188948797], [0.528185467044355, 52.1137372036033], [0.534746587900631, 52.107490270762], [0.543179265658859, 52.1054719522081], [0.547569354584511, 52.0963851215966]]]}, "properties": {"FID": 32614, "LSOA21CD": "E01034575", "LSOA21NM": "West Suffolk 018D", "LSOA21NMW": " ", "BNG_E": 573180, "BNG_N": 246251, "LAT": 52.08753, "LONG": 0.526306, "GlobalID": "e8a6aa96-a31a-4109-bda2-1f68f6542f7d", "LSOA name (2021)": "West Suffolk 018D", "Local Authority District code (2024)": "E07000245", "Local Authority District name (2024)": "West Suffolk", "Index of Multiple Deprivation (IMD) Rank": 16622, "Index of Multiple Deprivation (IMD) Decile": 5}}, {"type": "Feature", "id": 33149, "geometry": {"type": "Polygon", "coordinates": [[[1.68565932485619, 52.3334598551675], [1.67552678155121, 52.3134187518535], [1.67290171990865, 52.3139214695228], [1.67059001512888, 52.3130097810171], [1.66748260458796, 52.3117826987304], [1.65875317139496, 52.3239800599342], [1.65708533130922, 52.3359925071512], [1.66850694935427, 52.3419534925452], [1.66940321155676, 52.338528793144], [1.67883431100021, 52.3361359194675], [1.67860742771994, 52.3326404951942], [1.68565932485619, 52.3334598551675]]]}, "properties": {"FID": 33149, "LSOA21CD": "E01035154", "LSOA21NM": "East Suffolk 014C", "LSOA21NMW": " ", "BNG_E": 650237, "BNG_N": 276193, "LAT": 52.32675, "LONG": 1.671008, "GlobalID": "6149bd02-a4f8-4bc4-9289-f3737143fd42", "LSOA name (2021)": "East Suffolk 014C", "Local Authority District code (2024)": "E07000244", "Local Authority District name (2024)": "East Suffolk", "Index of Multiple Deprivation (IMD) Rank": 22420, "Index of Multiple Deprivation (IMD) Decile": 7}}]}